Game_ID,Season,Week,Date,Away,Home,Away_Pts,Home_Pts,Actual_Total,Market_Total,Over_Odds,Under_Odds,Spread_Line,Wind,Temp,Dome,Short_Rest,Div_Game,EPA_Matchup,Pass_EPA_Matchup,Rush_EPA_Matchup,Success_Matchup,Explosive_Matchup,Plays_Matchup,Turnover_Env,Sack_Env,Cold_Units
2018_05_IND_NE,2018,5,2018-10-04,IND,NE,24.0,38.0,62.0,49.5,-102.0,-109.0,10.5,6.0,66.0,0.0,1.0,0.0,-0.06124251921304147,0.12055254030959134,-0.437462962700995,0.8792577283225878,0.08522134119019847,138.0,0.045882553327890645,0.10546134003954284,0.0
2018_05_TEN_BUF,2018,5,2018-10-07,TEN,BUF,12.0,13.0,25.0,38.0,-119.0,106.0,-6.0,8.0,62.0,0.0,0.0,0.0,-0.1903665163246148,0.01612691921385563,-0.47358271810103036,0.7906686420870965,0.08261192491589375,127.75,0.042062586354330064,0.1487843516384566,0.0
2018_05_GB_DET,2018,5,2018-10-07,GB,DET,23.0,31.0,54.0,50.0,-103.0,-108.0,1.0,0.0,,1.0,0.0,1.0,7.958279756082459e-05,0.11890587891797044,-0.15814349081850848,0.9005401539318751,0.11674930007712599,138.5,0.0386184116869794,0.14002165866806743,0.0
2018_05_JAX_KC,2018,5,2018-10-07,JAX,KC,14.0,30.0,44.0,48.0,-108.0,-103.0,3.0,5.0,58.0,0.0,0.0,0.0,0.17941279161537943,0.3299304849318722,-0.1182303217512676,0.8992111767218869,0.1321555790626031,131.75,0.02238143416558258,0.09553373833444603,0.0
2018_05_ATL_PIT,2018,5,2018-10-07,ATL,PIT,17.0,41.0,58.0,57.0,-101.0,-110.0,3.5,5.0,83.0,0.0,0.0,0.0,0.18314180525901502,0.4074927502205175,-0.30798146341189897,0.9248952547152681,0.13402406511170625,139.75,0.03652959537718713,0.1010401422909343,0.0
2018_05_MIN_PHI,2018,5,2018-10-07,MIN,PHI,23.0,21.0,44.0,48.0,102.0,-114.0,3.5,6.0,79.0,0.0,0.0,0.0,-0.01596718526383398,0.17197236941454466,-0.39465314250722217,0.8616410204776057,0.10519603119832482,148.25,0.035994086753658075,0.12726623771109496,0.0
2018_05_ARI_SF,2018,5,2018-10-07,ARI,SF,28.0,18.0,46.0,40.5,-118.0,106.0,3.0,15.0,79.0,0.0,0.0,1.0,-0.0246674168578458,0.11934170603425996,-0.20164352639367028,0.8850784134616815,0.11272469223880655,116.0,0.04343529818001649,0.12893126592588505,0.0
2018_05_DAL_HOU,2018,5,2018-10-07,DAL,HOU,16.0,19.0,35.0,45.0,100.0,-111.0,3.5,0.0,,1.0,0.0,0.0,0.03900245938719015,0.23168629578359476,-0.2994970041365735,0.8499800284841896,0.10363050361610321,132.5,0.02880657651638054,0.1651645351781561,0.0
2018_06_PHI_NYG,2018,6,2018-10-11,PHI,NYG,34.0,13.0,47.0,45.5,-109.0,-102.0,-1.5,3.0,70.0,0.0,1.0,1.0,0.026442868237142376,0.14664977275037833,-0.2504028127517179,0.8779373556261327,0.1293167229770655,136.34500000000003,0.03708851885519513,0.11146227738541234,0.0
2018_06_TB_ATL,2018,6,2018-10-14,TB,ATL,29.0,34.0,63.0,57.5,-103.0,-108.0,3.0,0.0,,0.0,0.0,1.0,0.31297896717213003,0.6444293465531051,-0.2912429474297547,0.9678305778275452,0.15284590778331048,131.76,0.03638432738329181,0.09415463142403667,0.0
2018_06_PIT_CIN,2018,6,2018-10-14,PIT,CIN,28.0,21.0,49.0,49.5,-103.0,-108.0,1.0,6.0,51.0,0.0,0.0,1.0,0.13142232085885122,0.30431345437227153,-0.25567170179741605,0.9213008832582867,0.13607596925823584,135.08499999999998,0.0466597381894341,0.09997593459329021,0.0
2018_06_LAC_CLE,2018,6,2018-10-14,LAC,CLE,38.0,14.0,52.0,47.0,-104.0,-106.0,1.0,9.0,51.0,0.0,0.0,0.0,0.00391508986283811,0.11671942914967864,-0.15496602310747176,0.8719003813836419,0.14155308883697926,139.25,0.046596951848114354,0.1260717760909635,0.0
2018_06_BUF_HOU,2018,6,2018-10-14,BUF,HOU,13.0,20.0,33.0,40.5,-110.0,-101.0,10.5,0.0,,1.0,0.0,0.0,-0.1383553050524245,0.10537258681251889,-0.5881916282560444,0.8252556484357114,0.09606720559229937,137.13,0.04592390522039864,0.15271642536181995,0.0
2018_06_CHI_MIA,2018,6,2018-10-14,CHI,MIA,28.0,31.0,59.0,40.5,-102.0,-109.0,-7.5,8.0,89.0,0.0,0.0,0.0,-0.1655700635687552,-0.04428167802712826,-0.3368890551218166,0.8529921580245702,0.11138311687793881,124.25,0.06931231036971147,0.13777901866375236,0.0
2018_06_ARI_MIN,2018,6,2018-10-14,ARI,MIN,17.0,27.0,44.0,43.5,-105.0,-105.0,10.0,0.0,,1.0,0.0,0.0,-0.06735874405390091,0.15393722850339048,-0.43788187690616676,0.8722786662857565,0.11587547867004608,119.3025,0.044524419435594195,0.11941026615584632,0.0
2018_06_IND_NYJ,2018,6,2018-10-14,IND,NYJ,34.0,42.0,76.0,47.5,101.0,-112.0,2.5,7.0,60.0,0.0,0.0,0.0,-0.08701665792258363,0.007053020338625194,-0.304230891285091,0.8691375104425272,0.11039527580676292,134.6075,0.051738314290328824,0.12196136260449779,0.0
2018_06_CAR_WAS,2018,6,2018-10-14,CAR,WAS,17.0,23.0,40.0,44.5,-108.0,-103.0,-1.0,0.0,52.0,0.0,0.0,0.0,0.07563962271326778,0.2074267042264789,-0.0484503416987785,0.92795967172334,0.13488071030642204,134.0,0.04608952842859523,0.10164993192662247,0.0
2018_06_LA_DEN,2018,6,2018-10-14,LA,DEN,23.0,20.0,43.0,50.0,100.0,-111.0,-7.0,6.0,25.0,0.0,0.0,0.0,0.18222882077752814,0.29923012675812855,-0.01618178626836867,0.9244902268964397,0.16307029447844776,136.25,0.03954017456165765,0.11167458880945456,1.5
2018_06_JAX_DAL,2018,6,2018-10-14,JAX,DAL,7.0,40.0,47.0,39.5,-102.0,-109.0,-3.0,0.0,,1.0,0.0,0.0,-0.07147573643381688,0.05543717746209766,-0.2375044763665079,0.8160494425419605,0.1019366462273533,130.52499999999998,0.038268108384405905,0.1273885696246188,0.0
2018_06_BAL_TEN,2018,6,2018-10-14,BAL,TEN,21.0,0.0,21.0,43.5,-107.0,-103.0,-2.5,4.0,66.0,0.0,0.0,0.0,-0.14614527917358777,-0.034598536957872544,-0.3564162596314111,0.8251577366270897,0.08293885082456001,140.60500000000002,0.03644847537642963,0.11318065875130148,0.0
2018_06_KC_NE,2018,6,2018-10-14,KC,NE,40.0,43.0,83.0,59.5,-115.0,103.0,4.0,0.0,45.0,0.0,0.0,0.0,0.17668069518359697,0.34440924851279126,-0.11513215432254803,0.9357699655689884,0.1294573451531494,131.6525,0.04095598087138537,0.07980506236656618,0.0
2018_06_SF_GB,2018,6,2018-10-15,SF,GB,30.0,33.0,63.0,46.5,-114.0,102.0,9.0,5.0,37.0,0.0,0.0,0.0,0.03444715331376669,0.1665381776790965,-0.1914456742306524,0.8840116791779065,0.11008637163527121,145.14,0.03624507372043224,0.1326107619861793,0.3
2018_07_DEN_ARI,2018,7,2018-10-18,DEN,ARI,45.0,10.0,55.0,42.5,-116.0,104.0,-1.0,0.0,,1.0,1.0,0.0,-0.07691429895459259,-0.060618836337982276,-0.1121566640005571,0.870133228775921,0.12685351891001573,120.95750000000001,0.04563471519374308,0.13847512034911472,0.0
2018_07_NE_CHI,2018,7,2018-10-21,NE,CHI,38.0,31.0,69.0,49.0,100.0,-111.0,-1.0,9.0,44.0,0.0,0.0,0.0,0.019000049538858803,0.19526505091353064,-0.24458232906997118,0.9057960000779053,0.11335852876210428,134.6725,0.062345493253918555,0.10190356412702868,0.0
2018_07_BUF_IND,2018,7,2018-10-21,BUF,IND,5.0,37.0,42.0,43.5,-104.0,-106.0,7.0,0.0,,1.0,0.0,0.0,-0.2079745086571483,-0.09295623202166081,-0.4374122459937581,0.8312909537350914,0.08469473712776993,137.61249999999998,0.05780100151387523,0.13901567166659712,0.0
2018_07_HOU_JAX,2018,7,2018-10-21,HOU,JAX,20.0,7.0,27.0,43.0,-105.0,-105.0,4.0,15.0,68.0,0.0,0.0,1.0,-0.14506012215243475,0.02664104145805439,-0.46256116754099375,0.8017381751769763,0.10996868509179525,138.02499999999998,0.046231991348851725,0.1411503681598002,0.0
2018_07_DET_MIA,2018,7,2018-10-21,DET,MIA,32.0,21.0,53.0,47.0,-112.0,101.0,-3.0,8.0,89.0,0.0,0.0,0.0,-0.021866547267915856,0.12068517118948455,-0.23366080061037287,0.8839393131840816,0.12619712991932128,127.695,0.050882729079562226,0.12386838253166757,0.0
2018_07_MIN_NYJ,2018,7,2018-10-21,MIN,NYJ,37.0,17.0,54.0,45.0,-116.0,104.0,-3.5,16.0,46.0,0.0,0.0,0.0,-0.11117322432788793,0.05002925989507123,-0.4064983224451552,0.8564424696158305,0.13402580103444928,129.65,0.052654115386808226,0.12674675571161206,0.0
2018_07_CAR_PHI,2018,7,2018-10-21,CAR,PHI,21.0,17.0,38.0,45.0,-105.0,-105.0,5.0,19.0,49.0,0.0,0.0,0.0,0.05335337512301464,0.18109670734053776,-0.17481641396598296,0.910324642303279,0.13524198518261918,137.825,0.039299462273604105,0.10203457712459632,0.0
2018_07_CLE_TB,2018,7,2018-10-21,CLE,TB,23.0,26.0,49.0,52.5,-110.0,-101.0,3.5,7.0,79.0,0.0,0.0,0.0,0.06483024423845102,0.2501263230408205,-0.2733305504775003,0.894410842331572,0.13787092938021245,138.3425,0.04934353404769266,0.12189812656633893,0.0
2018_07_NO_BAL,2018,7,2018-10-21,NO,BAL,24.0,23.0,47.0,49.0,-103.0,-108.0,2.5,15.0,54.0,0.0,0.0,0.0,0.034438179454293324,0.21496508137198866,-0.28680496005586675,0.8722542067161038,0.1298054753760997,144.88916666666665,0.031087693807574184,0.13065836382523097,0.0
2018_07_LA_SF,2018,7,2018-10-21,LA,SF,39.0,10.0,49.0,52.0,-108.0,-103.0,-8.0,5.0,62.0,0.0,0.0,1.0,0.22497879698506232,0.35457256291641565,-0.015458630314706248,0.9534743398009757,0.1535055850744777,136.80666666666667,0.03538190035387149,0.11545313422208195,0.0
2018_07_DAL_WAS,2018,7,2018-10-21,DAL,WAS,17.0,20.0,37.0,40.5,-108.0,-103.0,-1.5,12.0,52.0,0.0,0.0,1.0,-0.018374432018192187,0.08036203962726621,-0.0997020651763455,0.87973686607583,0.10418433078164335,130.37,0.03815271415671003,0.12951047167185556,0.0
2018_07_CIN_KC,2018,7,2018-10-21,CIN,KC,10.0,45.0,55.0,56.0,-109.0,-102.0,6.5,10.0,59.0,0.0,0.0,0.0,0.25571980274059086,0.35585815776473484,0.06858357987782737,0.9771015691384629,0.15075340745040114,130.02916666666667,0.03593337217097278,0.09270584784550857,0.0
2018_07_TEN_LAC,2018,7,2018-10-21,TEN,LAC,19.0,20.0,39.0,46.0,-102.0,-109.0,6.5,6.0,66.0,0.0,0.0,0.0,-0.014428712657329451,0.07975523015232976,-0.16074504026435507,0.858204522852411,0.12420317337307928,119.59333333333333,0.03914050964980729,0.13722983192204752,0.0
2018_07_NYG_ATL,2018,7,2018-10-22,NYG,ATL,20.0,23.0,43.0,52.0,-108.0,-103.0,4.5,0.0,,0.0,0.0,0.0,0.212040104403171,0.4135361107878338,-0.17029269193732535,0.9083911584860405,0.13856246782079193,131.10416666666669,0.0270176193706689,0.0980714439178601,0.0
2018_08_MIA_HOU,2018,8,2018-10-25,MIA,HOU,23.0,42.0,65.0,45.0,-102.0,-109.0,7.5,0.0,,1.0,1.0,0.0,-0.08432551595990198,0.11220323060208526,-0.4254668626750995,0.8406736899552039,0.11387716098428154,131.2720238095238,0.05378113445010399,0.125488949669791,0.0
2018_08_BAL_CAR,2018,8,2018-10-28,BAL,CAR,21.0,36.0,57.0,44.0,-101.0,-110.0,-2.5,10.0,61.0,0.0,0.0,0.0,0.021319342050213907,0.13157182201167886,-0.1605787140611365,0.8770900476110947,0.12362180816386897,139.8202380952381,0.03484223997248356,0.12154414547758276,0.0
2018_08_NYJ_CHI,2018,8,2018-10-28,NYJ,CHI,10.0,24.0,34.0,42.5,-115.0,103.0,8.5,18.0,48.0,0.0,0.0,0.0,-0.0733876033900367,0.09629869933106676,-0.3262821848140336,0.8579982386265808,0.13921860829727523,133.21011904761906,0.06542000575974767,0.1139601188871581,0.0
2018_08_TB_CIN,2018,8,2018-10-28,TB,CIN,34.0,37.0,71.0,55.0,-108.0,-103.0,3.5,7.0,55.0,0.0,0.0,0.0,0.18852786384125778,0.4227908992749694,-0.276509531817427,0.950368514738503,0.14671360101602632,133.93630952380954,0.041089968733866264,0.1021912020598169,0.0
2018_08_SEA_DET,2018,8,2018-10-28,SEA,DET,28.0,14.0,42.0,47.5,-110.0,-101.0,3.0,0.0,,1.0,0.0,0.0,0.08291802154803496,0.2803307014644542,-0.16011073211114898,0.8951725194364734,0.12506305499422796,127.66916666666667,0.03505655446938251,0.14430804583539347,0.0
2018_08_DEN_KC,2018,8,2018-10-28,DEN,KC,23.0,30.0,53.0,53.0,103.0,-115.0,8.5,12.0,56.0,0.0,0.0,1.0,0.12840122470340046,0.15459774695364478,0.07751538086411892,0.9376473048948272,0.15909553259055587,131.60297619047617,0.04232734943401638,0.11985491752204284,0.0
2018_08_WAS_NYG,2018,8,2018-10-28,WAS,NYG,20.0,13.0,33.0,43.0,-102.0,-109.0,-1.0,11.0,51.0,0.0,0.0,1.0,0.05672367441361849,0.19742237082817776,-0.14012124824474742,0.8654460672792391,0.13383524957680396,128.13214285714287,0.034593088543032606,0.10535949485134902,0.0
2018_08_CLE_PIT,2018,8,2018-10-28,CLE,PIT,18.0,33.0,51.0,47.5,-108.0,-103.0,8.5,11.0,47.0,0.0,0.0,1.0,-0.0157215900662331,0.10776126072769604,-0.2918192070435519,0.8643599167396412,0.12373712643295955,142.11666666666667,0.04375803619140185,0.1256898944844358,0.0
2018_08_SF_ARI,2018,8,2018-10-28,SF,ARI,15.0,18.0,33.0,40.0,-108.0,-103.0,-2.5,0.0,,1.0,0.0,1.0,-0.15983375416965875,-0.07595465251590361,-0.2526758364489745,0.8714362086232144,0.11591771975649211,123.20357142857142,0.051546115274691925,0.14220163525678056,0.0
2018_08_GB_LA,2018,8,2018-10-28,GB,LA,27.0,29.0,56.0,57.0,-102.0,-109.0,7.5,1.0,82.0,0.0,0.0,0.0,0.1295362216319138,0.2521774162445076,-0.06615006624879333,0.9193211493174238,0.1432766041457522,137.3875,0.03927645936207179,0.13974789030888446,0.0
2018_08_NO_MIN,2018,8,2018-10-28,NO,MIN,30.0,20.0,50.0,53.5,-101.0,-110.0,-2.5,0.0,,1.0,0.0,0.0,0.10007328795205435,0.31560373493674,-0.31622777170005384,0.9175638992975818,0.1404315788628691,136.9892857142857,0.036390988418365966,0.10760481622697635,0.0
2018_08_PHI_JAX,2018,8,2018-10-28,PHI,JAX,24.0,18.0,42.0,44.5,-102.0,-109.0,-4.0,12.0,48.0,0.0,0.0,0.0,-0.06317993738405568,0.04695077788464803,-0.23096229301460933,0.8366173124272773,0.11534695448252141,138.10357142857143,0.038728654479666495,0.11840883909844774,0.0
2018_08_NE_BUF,2018,8,2018-10-29,NE,BUF,25.0,6.0,31.0,44.0,-108.0,-103.0,-13.5,16.0,46.0,0.0,0.0,1.0,-0.1479117135894182,-0.039175447291893525,-0.32374991677244286,0.8404876618397078,0.09540428725940978,130.14285714285714,0.06226691270506999,0.10827017694239309,0.0
2018_09_PIT_BAL,2018,9,2018-11-04,PIT,BAL,23.0,16.0,39.0,47.0,-110.0,-101.0,1.5,6.0,55.0,0.0,0.0,1.0,0.04968402678566279,0.18551556069745628,-0.2110446643683227,0.8740817043609349,0.11181265794638515,143.84285714285716,0.03364580098631088,0.11243806236927312,0.0
2018_09_CHI_BUF,2018,9,2018-11-04,CHI,BUF,41.0,9.0,50.0,38.0,-104.0,-106.0,-10.5,12.0,49.0,0.0,0.0,0.0,-0.1335814833621627,0.005635411875885982,-0.35095896760894607,0.8411222873129645,0.11213003321823772,131.08035714285714,0.05808090790863894,0.12705081306814658,0.0
2018_09_TB_CAR,2018,9,2018-11-04,TB,CAR,28.0,42.0,70.0,55.5,-113.0,102.0,6.0,8.0,62.0,0.0,0.0,1.0,0.1870406413375082,0.38821696486204715,-0.17774069265920212,0.9452020907291125,0.14230983014898166,136.84821428571428,0.042544433920032834,0.10144556626405063,0.0
2018_09_KC_CLE,2018,9,2018-11-04,KC,CLE,37.0,21.0,58.0,51.0,-108.0,-103.0,-7.5,16.0,53.0,0.0,0.0,0.0,0.058587749361863575,0.15290493485196607,-0.10323534597868914,0.9133861160434277,0.14586196115198102,135.6767857142857,0.04341750620617961,0.11870075538028935,0.0
2018_09_NYJ_MIA,2018,9,2018-11-04,NYJ,MIA,6.0,13.0,19.0,43.5,-111.0,100.0,3.0,16.0,87.0,0.0,0.0,1.0,-0.05097275610927326,0.11166625547934164,-0.23624676982356219,0.8266365119150274,0.1365448506693227,124.94910714285714,0.05153652173687458,0.09833140941745003,0.0
2018_09_DET_MIN,2018,9,2018-11-04,DET,MIN,9.0,24.0,33.0,47.0,-110.0,-101.0,4.5,0.0,,1.0,0.0,1.0,0.037262394715591604,0.27498169190624305,-0.3117474204550022,0.8844748885565107,0.13732002075679248,131.27589285714285,0.03601546910376644,0.135587026542488,0.0
2018_09_ATL_WAS,2018,9,2018-11-04,ATL,WAS,38.0,14.0,52.0,46.5,-108.0,-103.0,1.5,5.0,55.0,0.0,0.0,0.0,0.15695810308912755,0.3633213603405296,-0.18688831296110872,0.9076339757000624,0.12539944908522788,133.56785714285712,0.031132065257989866,0.10835614950344588,0.0
2018_09_HOU_DEN,2018,9,2018-11-04,HOU,DEN,19.0,17.0,36.0,46.5,-104.0,-106.0,1.0,3.0,53.0,0.0,0.0,0.0,-0.06007268701618358,0.037456878798662115,-0.24089922944274622,0.8500676884155196,0.11991353713031228,135.1589285714286,0.047254143156855624,0.14342175179772326,0.0
2018_09_LAC_SEA,2018,9,2018-11-04,LAC,SEA,25.0,17.0,42.0,48.5,102.0,-113.0,1.0,4.0,56.0,0.0,0.0,0.0,0.12997706076725668,0.36944331740932757,-0.14705422169514715,0.917037204526361,0.14782302386565166,120.8625,0.04072061345752123,0.12446401385026268,0.0
2018_09_LA_NO,2018,9,2018-11-04,LA,NO,35.0,45.0,80.0,57.5,-109.0,-102.0,-2.5,0.0,,1.0,0.0,0.0,0.20208927380308123,0.37702047128209715,-0.0660235472586619,0.9563384205076273,0.15517549691551083,132.8464285714286,0.03337225232609587,0.12107076512498818,0.0
2018_09_GB_NE,2018,9,2018-11-04,GB,NE,17.0,31.0,48.0,56.0,-108.0,-103.0,5.0,2.0,40.0,0.0,0.0,0.0,0.059912433456086836,0.2040435873867965,-0.19036440973822538,0.8862118772158492,0.12908102216523518,137.89285714285714,0.0421023813327977,0.11032906439292958,0.0
2018_09_TEN_DAL,2018,9,2018-11-05,TEN,DAL,28.0,14.0,42.0,40.0,-105.0,-105.0,4.5,0.0,,1.0,0.0,0.0,-0.07979939122914119,0.044946930133671986,-0.2945210364782636,0.8296604353376388,0.0990677013147995,125.14821428571429,0.0326002783550193,0.15428135932587422,0.0
2018_10_CAR_PIT,2018,10,2018-11-08,CAR,PIT,21.0,52.0,73.0,51.0,-112.0,101.0,3.5,4.0,40.0,0.0,1.0,0.0,0.17643190224005365,0.30342026640071407,-0.08814640973417534,0.9267170895891548,0.13169272159599185,132.84375,0.03318696230906729,0.09337411050598005,0.0
2018_10_DET_CHI,2018,10,2018-11-11,DET,CHI,22.0,34.0,56.0,44.5,-103.0,-107.0,7.5,12.0,37.0,0.0,0.0,1.0,0.08359300217411805,0.3410079974278399,-0.24583879821055254,0.8854324410834908,0.11841826386378844,130.95,0.04313861865615956,0.13406533632468376,0.3
2018_10_NO_CIN,2018,10,2018-11-11,NO,CIN,51.0,14.0,65.0,53.0,-107.0,-103.0,-5.5,6.0,39.0,0.0,0.0,0.0,0.20292673390715024,0.42394785107460686,-0.18070882906447883,0.9557965072356184,0.14093623417018258,128.06875,0.035313112202514416,0.08784941642814147,0.1
2018_10_ATL_CLE,2018,10,2018-11-11,ATL,CLE,16.0,28.0,44.0,49.5,-111.0,100.0,-5.5,9.0,36.0,0.0,0.0,0.0,0.14293069935162883,0.29608723026163225,-0.14687150895268675,0.9109545917943973,0.13253620542969957,139.70625,0.03414865315820014,0.11753885894172367,0.4
2018_10_JAX_IND,2018,10,2018-11-11,JAX,IND,26.0,29.0,55.0,48.0,-105.0,-105.0,3.0,0.0,,1.0,0.0,1.0,-0.09931706809792368,-0.016319195234650044,-0.2660778288785201,0.8686819614130429,0.11036986945647644,139.49285714285713,0.05547686582597136,0.10843704606316781,0.0
2018_10_ARI_KC,2018,10,2018-11-11,ARI,KC,14.0,26.0,40.0,49.5,-110.0,-101.0,16.5,5.0,43.0,0.0,0.0,0.0,0.017400614244536386,0.1146682713039087,-0.1310166224025028,0.9047222338746714,0.13227244580756783,119.61805555555556,0.04600254788000619,0.12751422434036946,0.0
2018_10_BUF_NYJ,2018,10,2018-11-11,BUF,NYJ,41.0,10.0,51.0,38.0,-114.0,102.0,6.5,10.0,46.0,0.0,0.0,1.0,-0.3040098619593762,-0.2232150837238937,-0.3947944260103321,0.766991044313544,0.1102905507602096,129.37361111111113,0.05844523079648384,0.13055335868122747,0.0
2018_10_WAS_TB,2018,10,2018-11-11,WAS,TB,16.0,3.0,19.0,51.0,-105.0,-105.0,3.5,3.0,82.0,0.0,0.0,0.0,0.11816924117427959,0.3143175176094737,-0.2353658345278914,0.9039651090971599,0.14036157643142455,140.45,0.0399427871527757,0.11161538863850273,0.0
2018_10_NE_TEN,2018,10,2018-11-11,NE,TEN,10.0,34.0,44.0,47.0,-108.0,-103.0,-6.0,4.0,46.0,0.0,0.0,0.0,-0.004795576548751082,0.1365678348904641,-0.25412000937129275,0.8733593064420885,0.10569526958824545,129.68958333333333,0.04089939775164096,0.12332614573575477,0.0
2018_10_MIA_GB,2018,10,2018-11-11,MIA,GB,12.0,31.0,43.0,48.5,-103.0,-108.0,13.0,6.0,33.0,0.0,0.0,0.0,0.06285445400360518,0.22027169262574225,-0.1476559382857631,0.8670343856940526,0.13520466319472457,130.95625,0.03825808230924457,0.12507653771946384,0.7
2018_10_SEA_LA,2018,10,2018-11-11,SEA,LA,31.0,36.0,67.0,51.0,-108.0,-103.0,10.0,1.0,75.0,0.0,0.0,1.0,0.14721376280536988,0.37529698549495866,-0.1559048684273466,0.9250796718018981,0.15291837343281153,132.79910714285714,0.03483625440553838,0.13823121402109265,0.0
2018_10_DAL_PHI,2018,10,2018-11-11,DAL,PHI,27.0,20.0,47.0,45.5,-114.0,102.0,7.5,5.0,38.0,0.0,0.0,1.0,-0.023778135994826397,0.11616967640461569,-0.2450065122462379,0.86057816920328,0.12081500150457086,131.425,0.03699606664032222,0.14451169305017003,0.2
2018_10_NYG_SF,2018,10,2018-11-12,NYG,SF,27.0,23.0,50.0,45.0,-108.0,-103.0,3.0,0.0,62.0,0.0,0.0,0.0,0.009257397728001387,0.1407571950778691,-0.21930228227898296,0.8548897195312771,0.13259139434666406,132.53750000000002,0.03721919835316631,0.13153307895453745,0.0
2018_11_GB_SEA,2018,11,2018-11-15,GB,SEA,24.0,27.0,51.0,49.0,-110.0,-101.0,3.0,6.0,54.0,0.0,1.0,0.0,0.16470948094544258,0.3043915726592449,0.004909386619418567,0.9306038241351597,0.14121909177761938,132.35347222222222,0.030151040524749366,0.14600326391028612,0.0
2018_11_DAL_ATL,2018,11,2018-11-18,DAL,ATL,22.0,19.0,41.0,50.0,-114.0,102.0,3.5,0.0,,0.0,0.0,0.0,0.1263986613299356,0.3168355158612507,-0.19468038429081402,0.9072418117182213,0.12636866731151383,132.92083333333335,0.03120012691269501,0.12721035772617406,0.0
2018_11_CIN_BAL,2018,11,2018-11-18,CIN,BAL,21.0,24.0,45.0,44.0,-114.0,102.0,6.5,8.0,48.0,0.0,0.0,1.0,0.11331589957678029,0.23838929669366926,-0.08618775399909727,0.9214104728582867,0.12525464045321247,131.54166666666666,0.03052946821886251,0.1156496008844384,0.0
2018_11_CAR_DET,2018,11,2018-11-18,CAR,DET,19.0,20.0,39.0,48.0,100.0,-111.0,-4.0,0.0,,1.0,0.0,0.0,0.1975477502471661,0.4238334195815282,-0.08667301541123618,0.9227317067272729,0.13080433845982292,128.18194444444444,0.03255930297463702,0.13640459882404846,0.0
2018_11_TEN_IND,2018,11,2018-11-18,TEN,IND,10.0,38.0,48.0,50.0,-106.0,-104.0,2.0,0.0,,1.0,0.0,1.0,-0.0029594170399755947,0.14452382917104328,-0.2309264353203549,0.8837618378619982,0.11451481743956078,130.8201388888889,0.0447393982154716,0.12065398647315481,0.0
2018_11_PIT_JAX,2018,11,2018-11-18,PIT,JAX,20.0,16.0,36.0,47.0,-101.0,-110.0,-4.0,8.0,73.0,0.0,0.0,0.0,0.07143243864067639,0.24405970951871164,-0.23446538875468267,0.8702016215147168,0.12162941081719994,135.79027777777776,0.03536426651904425,0.10517413826769004,0.0
2018_11_TB_NYG,2018,11,2018-11-18,TB,NYG,35.0,38.0,73.0,54.5,-101.0,-110.0,3.0,1.0,42.0,0.0,0.0,0.0,0.1045364657194193,0.29382430644753765,-0.25908229570051855,0.8759198706347717,0.14674427827630881,138.09305555555557,0.03721749862769681,0.11344522614667502,0.0
2018_11_HOU_WAS,2018,11,2018-11-18,HOU,WAS,23.0,21.0,44.0,40.5,-110.0,-101.0,-3.0,6.0,48.0,0.0,0.0,0.0,-0.03836333475053881,0.14647269170686597,-0.30783318777304447,0.8436896942603382,0.10693880949019832,130.51527777777778,0.040000765007451144,0.12613283066404934,0.0
2018_11_DEN_LAC,2018,11,2018-11-18,DEN,LAC,23.0,22.0,45.0,47.0,-103.0,-108.0,7.5,4.0,69.0,0.0,0.0,1.0,0.07532881349887902,0.1597236947229875,-0.06305946210203853,0.9208087391556627,0.14959519829311152,123.23125,0.03824193803356522,0.13680152402646636,0.0
2018_11_PHI_NO,2018,11,2018-11-18,PHI,NO,7.0,48.0,55.0,56.5,-103.0,-108.0,7.0,0.0,,1.0,0.0,0.0,0.19764194848342853,0.38035292902738027,-0.0930798611939106,0.9495076079147473,0.1374637147439147,134.37916666666666,0.03150079170786147,0.10730075372593903,0.0
2018_11_MIN_CHI,2018,11,2018-11-18,MIN,CHI,20.0,25.0,45.0,44.0,-108.0,-103.0,2.5,6.0,33.0,0.0,0.0,1.0,-0.09676046299152444,0.1060621037383192,-0.4221285689497142,0.8459828824731677,0.1162190288159955,130.64166666666665,0.05005111977275119,0.12862217444178164,0.7
2018_11_KC_LA,2018,11,2018-11-19,KC,LA,51.0,54.0,105.0,63.5,-103.0,-107.0,3.0,0.0,65.0,0.0,0.0,0.0,0.270791383901856,0.4241513505725554,0.008070364668887577,0.9769513560614921,0.16345401335579024,128.7188888888889,0.031632357287209326,0.12889691821749275,0.0
2018_12_CHI_DET,2018,12,2018-11-22,CHI,DET,23.0,16.0,39.0,43.0,-114.0,102.0,-3.0,0.0,,1.0,1.0,1.0,0.05690646042434579,0.3270870755993011,-0.3588821721843769,0.8718353652705916,0.11581279092638218,130.92499999999998,0.04395428185610026,0.1315412352075553,0.0
2018_12_WAS_DAL,2018,12,2018-11-22,WAS,DAL,23.0,31.0,54.0,40.0,-103.0,-108.0,7.0,0.0,,1.0,1.0,1.0,-0.01701127754842461,0.08742416397052277,-0.15524641034526018,0.878311752781905,0.11216278933544455,130.525,0.039820657591290054,0.14109948403779624,0.0
2018_12_ATL_NO,2018,12,2018-11-22,ATL,NO,17.0,31.0,48.0,61.0,-110.0,-101.0,11.5,0.0,,1.0,1.0,1.0,0.26956601947433895,0.5234016508172783,-0.10284758911273324,0.9855326041671181,0.13931522504666324,133.1675,0.03237751898680594,0.0915295809895026,0.0
2018_12_JAX_BUF,2018,12,2018-11-25,JAX,BUF,21.0,24.0,45.0,36.5,-103.0,-107.0,-3.0,12.0,44.0,0.0,0.0,0.0,-0.18942226548828203,-0.07650867611356443,-0.3000788489409314,0.8091632227145054,0.10880081944155062,135.62249999999997,0.051263307000341915,0.12887579106210173,0.0
2018_12_SEA_CAR,2018,12,2018-11-25,SEA,CAR,30.0,27.0,57.0,46.5,-105.0,-105.0,3.0,1.0,57.0,0.0,0.0,0.0,0.19961746518512616,0.38478157140411673,-0.04143410865304061,0.932883075639616,0.13403194682008965,127.73361111111112,0.031246131723028404,0.1354505048333673,0.0
2018_12_CLE_CIN,2018,12,2018-11-25,CLE,CIN,35.0,20.0,55.0,46.5,-101.0,-110.0,-1.0,4.0,44.0,0.0,0.0,1.0,0.08876109877159763,0.20467051582393903,-0.12556162748951008,0.9404497073540792,0.1407373409154428,127.11861111111111,0.040536702285086205,0.11582960465100953,0.0
2018_12_NE_NYJ,2018,12,2018-11-25,NE,NYJ,27.0,13.0,40.0,46.5,-101.0,-110.0,-13.0,8.0,54.0,0.0,0.0,1.0,-0.10757253068907927,0.0421133495613199,-0.30397937790736274,0.8197815498746285,0.1227527248947565,129.02249999999998,0.042338889676737955,0.10323222617528675,0.0
2018_12_NYG_PHI,2018,12,2018-11-25,NYG,PHI,22.0,25.0,47.0,49.0,102.0,-114.0,4.5,10.0,56.0,0.0,0.0,1.0,0.11587504710244975,0.2637213582376543,-0.11302151289923767,0.8815933243125866,0.14466845213914015,126.95750000000001,0.034486126783168765,0.12335299925837083,0.0
2018_12_SF_TB,2018,12,2018-11-25,SF,TB,9.0,27.0,36.0,54.5,-120.0,107.0,1.5,7.0,77.0,0.0,0.0,0.0,0.10595896946485944,0.27606615654053046,-0.1932179053635678,0.9265186161980948,0.14889702246238812,138.10583333333335,0.043301243112607773,0.13453379106620267,0.0
2018_12_ARI_LAC,2018,12,2018-11-25,ARI,LAC,10.0,45.0,55.0,43.5,-101.0,-110.0,14.0,3.0,74.0,0.0,0.0,0.0,-0.04440004596639549,0.03542316002941309,-0.13730148880781742,0.8762052602401931,0.13630650865918836,119.47291666666666,0.04126511147466798,0.14249620405695756,0.0
2018_12_PIT_DEN,2018,12,2018-11-25,PIT,DEN,17.0,24.0,41.0,47.5,-101.0,-110.0,-3.0,7.0,41.0,0.0,0.0,0.0,0.06281061552463336,0.1970026305297604,-0.16976835686869365,0.8986117383747315,0.1319094482284485,133.47472222222223,0.039099176523041936,0.13659783152406424,0.0
2018_12_MIA_IND,2018,12,2018-11-25,MIA,IND,24.0,27.0,51.0,52.5,-101.0,-110.0,9.0,0.0,,1.0,0.0,0.0,-0.0018322516271012668,0.13119130704409987,-0.15943978666503322,0.8982246258029214,0.11759406731591479,127.05555555555556,0.04945334224246097,0.10370087666776943,0.0
2018_12_GB_MIN,2018,12,2018-11-25,GB,MIN,17.0,24.0,41.0,48.5,-101.0,-110.0,4.0,0.0,,1.0,0.0,1.0,-0.022025355341906663,0.11183634931206551,-0.2718030116200265,0.8821409692288724,0.12122932744929381,129.04000000000002,0.039020288672855064,0.14140017981824865,0.0
2018_12_TEN_HOU,2018,12,2018-11-26,TEN,HOU,17.0,34.0,51.0,42.5,-110.0,-101.0,3.5,0.0,,1.0,0.0,1.0,-0.023826037997823464,0.17642002113800914,-0.3153568901293258,0.8608927183687354,0.09495680634673151,129.235,0.035844298419227205,0.14597377753564314,0.0
2018_13_NO_DAL,2018,13,2018-11-29,NO,DAL,10.0,13.0,23.0,51.5,-114.0,102.0,-7.0,0.0,,1.0,0.0,0.0,0.12235943531334374,0.3192663936031817,-0.1484256197712722,0.9439419496286483,0.12693515383766438,130.11363636363637,0.039552444141021145,0.12959976097845996,0.0
2018_13_BAL_ATL,2018,13,2018-12-02,BAL,ATL,26.0,16.0,42.0,46.5,-110.0,-101.0,2.5,0.0,,0.0,0.0,0.0,0.1487833990439771,0.29785689928394904,-0.1569818778940253,0.9228415755158301,0.11211984483568563,139.37636363636364,0.028412711286716626,0.1070330168033934,0.0
2018_13_DEN_CIN,2018,13,2018-12-02,DEN,CIN,24.0,10.0,34.0,45.0,-108.0,-103.0,-3.5,12.0,63.0,0.0,0.0,0.0,0.11705993303197812,0.24348646773980698,-0.11633263267045374,0.947086419091884,0.14648590095771985,124.83500000000001,0.037630968293060514,0.11816728496327925,0.0
2018_13_LA_DET,2018,13,2018-12-02,LA,DET,30.0,16.0,46.0,54.0,-108.0,-103.0,-10.5,0.0,,1.0,0.0,0.0,0.18484480033849135,0.3718468139426166,-0.13749696251426774,0.9223388916431472,0.1507753461594833,135.87295454545455,0.03609966258454967,0.13746300937068268,0.0
2018_13_ARI_GB,2018,13,2018-12-02,ARI,GB,20.0,17.0,37.0,41.0,-108.0,-103.0,13.5,20.0,34.0,0.0,0.0,0.0,-0.05440215548748594,-0.0025103443834494227,-0.12698914935074368,0.8746937544873432,0.1149909017034091,120.8675,0.03595140607127857,0.16641529630799576,0.6
2018_13_CLE_HOU,2018,13,2018-12-02,CLE,HOU,13.0,29.0,42.0,47.5,-108.0,-103.0,5.0,0.0,,1.0,0.0,0.0,0.041686239946230164,0.2511897141237915,-0.26822736931540236,0.8941359298903557,0.11889699813052493,132.43,0.03949913318428046,0.12793898056584496,0.0
2018_13_IND_JAX,2018,13,2018-12-02,IND,JAX,0.0,6.0,6.0,45.5,-109.0,-102.0,-4.0,13.0,78.0,0.0,0.0,1.0,0.011262320786459834,0.1468872343156136,-0.19142161557750043,0.888448834511846,0.11831346494985878,134.01704545454544,0.04862291531279023,0.10052153413949338,0.0
2018_13_BUF_MIA,2018,13,2018-12-02,BUF,MIA,17.0,21.0,38.0,40.0,-108.0,-103.0,3.5,15.0,86.0,0.0,0.0,1.0,-0.15061372078538002,-0.0421405813004992,-0.2332356495698858,0.8299644566154339,0.11408361241042259,127.47818181818181,0.04970402070966187,0.122694970723771,0.0
2018_13_CHI_NYG,2018,13,2018-12-02,CHI,NYG,27.0,30.0,57.0,44.0,-110.0,-101.0,-3.5,3.0,52.0,0.0,0.0,0.0,0.039741007076409915,0.21854911997742435,-0.2821173343834703,0.873155896189399,0.12734316882453056,124.49772727272727,0.04600602557199249,0.11697488743521493,0.0
2018_13_CAR_TB,2018,13,2018-12-02,CAR,TB,17.0,24.0,41.0,52.0,-106.0,-104.0,-3.5,15.0,81.0,0.0,0.0,1.0,0.24052591373087562,0.45289247106056085,-0.10665206698928434,0.9521704520832571,0.15612986765757916,130.86704545454546,0.03687860952568471,0.11875499904934786,0.0
2018_13_NYJ_TEN,2018,13,2018-12-02,NYJ,TEN,22.0,26.0,48.0,40.5,-106.0,-104.0,10.5,13.0,70.0,0.0,0.0,0.0,-0.06380223127625978,0.10197511885886026,-0.2640353669900542,0.8289546671553529,0.11910391183313661,123.12045454545455,0.0366935770423914,0.1460544130146381,0.0
2018_13_MIN_NE,2018,13,2018-12-02,MIN,NE,10.0,24.0,34.0,50.0,-103.0,-108.0,6.0,6.0,53.0,0.0,0.0,0.0,-0.04215976574145364,0.14516759065801177,-0.38033885543979684,0.8887470394437429,0.12141353313525667,133.68295454545455,0.03871505810624296,0.10612532564833535,0.0
2018_13_SF_SEA,2018,13,2018-12-02,SF,SEA,16.0,43.0,59.0,45.5,-108.0,-103.0,10.0,2.0,45.0,0.0,0.0,1.0,0.10154625742258234,0.27858674830081365,-0.1399364307934233,0.9167809843061949,0.13686218327504251,132.3275,0.03316829058086102,0.1422522776722641,0.0
2018_13_LAC_PIT,2018,13,2018-12-02,LAC,PIT,33.0,30.0,63.0,53.5,-101.0,-110.0,3.5,8.0,57.0,0.0,0.0,0.0,0.15481149908075859,0.2878411427591623,-0.06934821905265759,0.9187992737336732,0.14056121901570287,130.45972222222224,0.032711643534982855,0.12446717206366437,0.0
2018_13_WAS_PHI,2018,13,2018-12-03,WAS,PHI,13.0,28.0,41.0,45.0,-100.0,-111.0,5.5,15.0,36.0,0.0,0.0,1.0,0.055856342509477214,0.17943756236456582,-0.10316859010612338,0.9080430920750225,0.12602807311030242,130.23295454545453,0.040884875747238425,0.13039946180084214,0.4
2018_14_JAX_TEN,2018,14,2018-12-06,JAX,TEN,9.0,30.0,39.0,36.5,-103.0,-107.0,5.5,5.0,44.0,0.0,1.0,1.0,-0.06395073251606609,0.08180725910566237,-0.2905242750461479,0.8280943441208377,0.10979579163502148,129.6125,0.035196273641761554,0.14267396417967024,0.0
2018_14_NYJ_BUF,2018,14,2018-12-09,NYJ,BUF,27.0,23.0,50.0,37.0,-105.0,-105.0,4.5,12.0,31.0,0.0,0.0,1.0,-0.1963344769685298,-0.09286809643775605,-0.2743900844065966,0.7962549462664423,0.11469821419946002,130.74583333333334,0.0474410437337925,0.12411880432627533,0.9
2018_14_CAR_CLE,2018,14,2018-12-09,CAR,CLE,20.0,26.0,46.0,48.0,-108.0,-103.0,-1.0,4.0,28.0,0.0,0.0,0.0,0.15697740177207847,0.37773435560357854,-0.14800494343374343,0.941640427572385,0.13769496920906604,127.42386363636363,0.04037042482459818,0.105036320947396,1.2
2018_14_ATL_GB,2018,14,2018-12-09,ATL,GB,20.0,34.0,54.0,51.0,-110.0,-101.0,4.0,10.0,25.0,0.0,0.0,0.0,0.1147802874856329,0.25325530934154716,-0.16194780209399037,0.9198355033305412,0.12069082054935215,128.2375,0.02677215184332823,0.13307411952879733,1.5
2018_14_IND_HOU,2018,14,2018-12-09,IND,HOU,24.0,21.0,45.0,49.5,-103.0,-108.0,4.0,0.0,,1.0,0.0,1.0,-0.02424923362419103,0.17945317897891006,-0.3748657743658965,0.8847890573650947,0.10889464276327791,134.27651515151516,0.046473332959967396,0.12384354014467176,0.0
2018_14_BAL_KC,2018,14,2018-12-09,BAL,KC,24.0,27.0,51.0,49.0,-103.0,-108.0,6.5,0.0,27.0,0.0,0.0,0.0,0.12470408722830184,0.2238930172741,-0.11708475000396304,0.9205090316472814,0.1289805216674074,137.01363636363635,0.03336415356407446,0.12117295449705434,1.3
2018_14_NE_MIA,2018,14,2018-12-09,NE,MIA,33.0,34.0,67.0,49.5,101.0,-112.0,-8.5,13.0,82.0,0.0,0.0,1.0,0.0021762660379344434,0.13963115538958773,-0.16725820972234312,0.8749303943687848,0.13100556140739789,127.03522727272727,0.04235732997406674,0.0996344062904721,0.0
2018_14_NO_TB,2018,14,2018-12-09,NO,TB,28.0,14.0,42.0,55.0,-101.0,-110.0,-8.5,7.0,71.0,0.0,0.0,1.0,0.15569557682206417,0.39643886764246133,-0.20571413704208275,0.9643756245966197,0.14447518581258567,133.47916666666669,0.04845020349274377,0.1309692853790992,0.0
2018_14_NYG_WAS,2018,14,2018-12-09,NYG,WAS,40.0,16.0,56.0,40.5,-111.0,100.0,-3.0,6.0,33.0,0.0,0.0,1.0,0.043572545117702824,0.1585760461036399,-0.11133070407510219,0.880426306030241,0.12997608989601175,125.2125,0.04145114795314424,0.12704852787819457,0.7
2018_14_CIN_LAC,2018,14,2018-12-09,CIN,LAC,21.0,26.0,47.0,48.5,-103.0,-108.0,17.0,0.0,,0.0,0.0,0.0,0.16483061529562645,0.2929777695589851,-0.05292761337826303,0.9520180240670286,0.1532829006901837,123.9575,0.031949232782983256,0.11188539204386189,0.0
2018_14_DEN_SF,2018,14,2018-12-09,DEN,SF,14.0,20.0,34.0,45.5,-110.0,-101.0,-3.0,3.0,54.0,0.0,0.0,0.0,0.03019471622429432,0.1710351705693919,-0.192120643743347,0.8847351286887339,0.13469641989009923,130.3090909090909,0.037282097650372215,0.13320832660652984,0.0
2018_14_DET_ARI,2018,14,2018-12-09,DET,ARI,17.0,3.0,20.0,40.0,-110.0,-101.0,-2.5,0.0,,1.0,0.0,0.0,-0.03787767609040728,0.05121328055240547,-0.1826313657846373,0.8580937336265033,0.11307589611692238,126.1594696969697,0.03756575826468264,0.15113282779604215,0.0
2018_14_PHI_DAL,2018,14,2018-12-09,PHI,DAL,23.0,29.0,52.0,46.0,-107.0,-103.0,3.5,0.0,,1.0,0.0,1.0,0.025753659729820723,0.16678533917024377,-0.15784227317051333,0.8960460682900806,0.11716387640278673,130.875,0.033572417450387596,0.1435739144508979,0.0
2018_14_LA_CHI,2018,14,2018-12-09,LA,CHI,6.0,15.0,21.0,50.5,-110.0,-101.0,-3.0,4.0,29.0,0.0,0.0,0.0,0.09952501861308333,0.2611879903818247,-0.2283197204950877,0.9163886587479662,0.13903788961377914,134.22537878787878,0.05022852972378156,0.12286040439546447,1.1
2018_14_MIN_SEA,2018,14,2018-12-10,MIN,SEA,7.0,21.0,28.0,45.5,-108.0,-103.0,3.0,9.0,48.0,0.0,0.0,0.0,0.058396725052249174,0.30787322340180556,-0.30681244945060304,0.9204016330057874,0.13198153145157449,128.11401515151516,0.03752808776909755,0.13869182853621537,0.0
2018_15_LAC_KC,2018,15,2018-12-13,LAC,KC,29.0,28.0,57.0,54.0,-104.0,-106.0,3.5,5.0,39.0,0.0,1.0,1.0,0.2305585585108484,0.35759011111223665,-0.008976010521697386,0.9496150317145335,0.14587474749703275,129.80757575757576,0.03218176651830109,0.11910650171226665,0.1
2018_15_HOU_NYJ,2018,15,2018-12-15,HOU,NYJ,29.0,22.0,51.0,44.0,-105.0,-105.0,-7.0,8.0,51.0,0.0,0.0,0.0,-0.06101365199710149,0.07608490680255706,-0.25082073656901893,0.8327412774640348,0.12403377511202135,128.675,0.043582309023291466,0.13104786839008434,0.0
2018_15_CLE_DEN,2018,15,2018-12-15,CLE,DEN,17.0,16.0,33.0,47.0,-104.0,-106.0,1.0,0.0,46.0,0.0,0.0,0.0,0.028604402380021043,0.15434220127149026,-0.15958059822589718,0.8935758161188152,0.1396742214398844,125.85416666666666,0.04363345057280322,0.10849286678176417,0.0
2018_15_ARI_ATL,2018,15,2018-12-16,ARI,ATL,14.0,40.0,54.0,43.5,-111.0,100.0,10.0,0.0,,1.0,0.0,0.0,-0.0297579952699373,0.05513076755079452,-0.2181781234729866,0.8824918621082742,0.09673497372327647,124.3125,0.03512973385450123,0.13759553350370096,0.0
2018_15_TB_BAL,2018,15,2018-12-16,TB,BAL,12.0,20.0,32.0,44.5,-106.0,-104.0,8.5,10.0,43.0,0.0,0.0,0.0,0.06802669436670913,0.21733645290070633,-0.2340882460290663,0.9044134852471638,0.11614282896119281,143.50416666666666,0.03641800514874387,0.12669722663524072,0.0
2018_15_DET_BUF,2018,15,2018-12-16,DET,BUF,13.0,14.0,27.0,40.0,-111.0,100.0,2.5,7.0,39.0,0.0,0.0,0.0,-0.08991707676457764,0.028028074132525324,-0.24073521801626857,0.8287623811472145,0.10422922953911953,133.38750000000002,0.04298198445851923,0.12805998229870166,0.1
2018_15_GB_CHI,2018,15,2018-12-16,GB,CHI,17.0,24.0,41.0,46.5,-108.0,-103.0,6.0,10.0,45.0,0.0,0.0,1.0,-0.02888727982058291,0.09477990921640932,-0.274245846188794,0.8754202099163179,0.1113192734005145,131.875,0.042451086157694634,0.13274201048910375,0.0
2018_15_DAL_IND,2018,15,2018-12-16,DAL,IND,0.0,23.0,23.0,47.0,-109.0,-102.0,3.0,0.0,,1.0,0.0,0.0,-0.032386872743509015,0.153704174497352,-0.37202801089128834,0.9024824733339849,0.10069701031791063,137.75,0.0418108603212884,0.13084930216842605,0.0
2018_15_WAS_JAX,2018,15,2018-12-16,WAS,JAX,16.0,13.0,29.0,36.0,-110.0,-101.0,7.5,12.0,64.0,0.0,0.0,0.0,-0.10034594589874539,-0.004372253030243658,-0.23893954811156887,0.8331221004339766,0.10239968487803483,129.83749999999998,0.04595185914538325,0.13381972447425702,0.0
2018_15_MIA_MIN,2018,15,2018-12-16,MIA,MIN,17.0,41.0,58.0,45.0,103.0,-115.0,7.5,0.0,,1.0,0.0,0.0,-0.03017661243722529,0.10879466378864926,-0.25801450909851054,0.8953884061017992,0.12363328322433681,122.3625,0.04387161308273564,0.1256220939893523,0.0
2018_15_TEN_NYG,2018,15,2018-12-16,TEN,NYG,17.0,0.0,17.0,42.0,100.0,-111.0,-2.5,6.0,40.0,0.0,0.0,0.0,0.03165668376029829,0.14446425341189206,-0.151669811151133,0.8612616512737375,0.12992844581927226,124.3625,0.034856351743886446,0.15054510056419118,0.0
2018_15_SEA_SF,2018,15,2018-12-16,SEA,SF,23.0,26.0,49.0,44.0,-115.0,103.0,-3.5,11.0,61.0,0.0,0.0,1.0,0.10838221375562579,0.33965990107778377,-0.22671735746101873,0.8914624409509255,0.13521356577060947,131.5625,0.030947295985554398,0.13678401936483162,0.0
2018_15_NE_PIT,2018,15,2018-12-16,NE,PIT,10.0,17.0,27.0,55.0,-120.0,107.0,-2.5,5.0,42.0,0.0,0.0,0.0,0.14732871943463144,0.31646926866012304,-0.11101075441515516,0.9030278183254323,0.13072788254664844,138.80416666666667,0.03297627919475843,0.10920441944343288,0.0
2018_15_PHI_LA,2018,15,2018-12-16,PHI,LA,30.0,23.0,53.0,52.5,103.0,-115.0,13.5,5.0,60.0,0.0,0.0,0.0,0.09380015230823045,0.21739606771303308,-0.10096510831069436,0.9199757258068624,0.14580901562297893,131.4875,0.045072968531937915,0.1206144502921759,0.0
2018_15_NO_CAR,2018,15,2018-12-17,NO,CAR,12.0,9.0,21.0,50.5,-114.0,102.0,-6.0,3.0,48.0,0.0,0.0,1.0,0.13670126373742894,0.34981308043222104,-0.168741884424905,0.9213468583368201,0.13219714256074347,126.35000000000001,0.0425827775676038,0.11108094385691915,0.0
2018_16_WAS_TEN,2018,16,2018-12-22,WAS,TEN,16.0,25.0,41.0,38.0,102.0,-114.0,12.5,9.0,51.0,0.0,0.0,0.0,-0.05898244927771243,0.02525875023371127,-0.19082714545919582,0.8397758670361739,0.10871416540270373,124.62678571428572,0.03800915371200284,0.15353117433720176,0.0
2018_16_BAL_LAC,2018,16,2018-12-22,BAL,LAC,22.0,10.0,32.0,42.5,-110.0,-101.0,4.0,5.0,60.0,0.0,0.0,0.0,0.08690648297597876,0.17390413532871718,-0.10006176461616118,0.9059647310387011,0.10790783940661638,137.6375,0.025826105783240287,0.12236844846228012,0.0
2018_16_ATL_CAR,2018,16,2018-12-23,ATL,CAR,24.0,10.0,34.0,46.5,-103.0,-107.0,-2.5,7.0,52.0,0.0,0.0,1.0,0.09527044108111014,0.235882203115101,-0.14895628633240166,0.9088651412891979,0.12443453509441871,129.40178571428572,0.03959939305200712,0.12131773193225412,0.0
2018_16_CIN_CLE,2018,16,2018-12-23,CIN,CLE,18.0,26.0,44.0,44.0,-119.0,106.0,10.0,9.0,37.0,0.0,0.0,1.0,0.05778901942088939,0.2185882763122582,-0.2086118963119619,0.927023222891179,0.13636454599007308,127.87500000000001,0.04009421575602494,0.10215254671099208,0.3
2018_16_TB_DAL,2018,16,2018-12-23,TB,DAL,20.0,27.0,47.0,48.0,-108.0,-103.0,7.0,0.0,,1.0,0.0,0.0,0.011272789350315143,0.1899973140662993,-0.28214419898902243,0.8998973476420462,0.11140550685952319,137.35357142857143,0.042703724376169,0.13711745881200074,0.0
2018_16_MIN_DET,2018,16,2018-12-23,MIN,DET,27.0,9.0,36.0,41.5,-109.0,-102.0,-6.5,0.0,,1.0,0.0,1.0,-0.09576653400134136,-0.006016297189432057,-0.24607812649213984,0.8658633760740825,0.10960500231130968,129.9714285714286,0.03437417947632101,0.13665912336912445,0.0
2018_16_NYG_IND,2018,16,2018-12-23,NYG,IND,27.0,28.0,55.0,48.5,-114.0,102.0,10.0,0.0,,1.0,0.0,0.0,-0.018803792700741874,0.10923848041898712,-0.2661459780607972,0.8636191840427444,0.11805433824489886,133.08749999999998,0.040719519814937766,0.11274036802518553,0.0
2018_16_JAX_MIA,2018,16,2018-12-23,JAX,MIA,17.0,7.0,24.0,39.5,102.0,-114.0,3.0,9.0,73.0,0.0,0.0,0.0,-0.07102026729371684,0.027269157313749008,-0.22592186329527142,0.8195909030391911,0.11557122631836615,120.65357142857142,0.040471608050138386,0.14873936419158584,0.0
2018_16_BUF_NE,2018,16,2018-12-23,BUF,NE,12.0,24.0,36.0,46.0,-109.0,-102.0,14.0,12.0,40.0,0.0,0.0,1.0,0.020257169619677075,0.15394522512243664,-0.15241001037045682,0.8714863709163034,0.1245251540839554,136.44642857142856,0.03942452186010243,0.09827037001272705,0.0
2018_16_GB_NYJ,2018,16,2018-12-23,GB,NYJ,44.0,38.0,82.0,47.5,-113.0,102.0,-3.0,8.0,43.0,0.0,0.0,0.0,-0.009860308750038193,0.13429914618056615,-0.24076370030014452,0.8447730718837125,0.13009327129972054,128.6642857142857,0.031198821544492696,0.1272187038329098,0.0
2018_16_HOU_PHI,2018,16,2018-12-23,HOU,PHI,30.0,32.0,62.0,47.0,-109.0,-102.0,1.0,5.0,44.0,0.0,0.0,0.0,0.03441434768419413,0.23220834986265204,-0.3040264867319975,0.887945165736902,0.13150001550943843,131.38392857142858,0.03556675845557493,0.13713832054947764,0.0
2018_16_LA_ARI,2018,16,2018-12-23,LA,ARI,31.0,9.0,40.0,43.0,104.0,-116.0,-14.5,0.0,,1.0,0.0,1.0,-0.06884831821553203,-0.036442222515974135,-0.13139121507512047,0.8588792508968968,0.12010230624763896,128.4375,0.04753654614574446,0.13047317641592548,0.0
2018_16_CHI_SF,2018,16,2018-12-23,CHI,SF,14.0,9.0,23.0,44.0,-121.0,108.0,-3.5,5.0,50.0,0.0,0.0,0.0,-0.0309783542787265,0.1591648930817487,-0.32752465574850437,0.8588580725544854,0.12126591913429442,133.55714285714285,0.04443234428937602,0.1311383831501462,0.0
2018_16_PIT_NO,2018,16,2018-12-23,PIT,NO,28.0,31.0,59.0,53.0,-101.0,-110.0,6.5,0.0,,1.0,0.0,0.0,0.08781030763920405,0.2557070450757127,-0.2092189837657884,0.9060522769482625,0.11679828112547647,132.09642857142856,0.04381985363223983,0.12364523761803183,0.0
2018_16_KC_SEA,2018,16,2018-12-23,KC,SEA,31.0,38.0,69.0,54.0,-108.0,-103.0,-1.0,8.0,43.0,0.0,0.0,0.0,0.21125156777849272,0.4143233114589624,-0.11226173504512078,0.9335550653078644,0.1487457658011828,131.2125,0.03409430450038471,0.13712344663293954,0.0
2018_17_MIA_BUF,2018,17,2018-12-30,MIA,BUF,17.0,42.0,59.0,39.5,-114.0,102.0,5.5,9.0,33.0,0.0,0.0,1.0,-0.11362997264893226,-0.05608701364906395,-0.18949609447395588,0.8300154060684153,0.1170231818454111,122.00857142857143,0.04641824677122971,0.1437152120816141,0.7
2018_17_DET_GB,2018,17,2018-12-30,DET,GB,31.0,0.0,31.0,44.5,102.0,-114.0,7.5,15.0,26.0,0.0,0.0,1.0,0.04122347940368569,0.2008862066966009,-0.2081824331142433,0.8754988236471011,0.11648164001832424,136.18833333333333,0.023643218595190536,0.1263948688507693,1.4
2018_17_JAX_HOU,2018,17,2018-12-30,JAX,HOU,3.0,20.0,23.0,39.5,-102.0,-109.0,7.0,0.0,,1.0,0.0,1.0,-0.10362410428434825,0.07811626081166927,-0.4605781402644038,0.8253006020792102,0.10819765091816583,130.72750000000002,0.04134053735447464,0.15643743817630545,0.0
2018_17_NYJ_NE,2018,17,2018-12-30,NYJ,NE,3.0,38.0,41.0,47.0,102.0,-114.0,14.0,2.0,33.0,0.0,0.0,1.0,0.017213008013556852,0.11786399666141965,-0.1439102872082203,0.8668874979888028,0.13491429416820971,132.88083333333333,0.04025104813961629,0.10340597041226153,0.7
2018_17_CAR_NO,2018,17,2018-12-30,CAR,NO,33.0,14.0,47.0,42.0,-114.0,102.0,8.0,0.0,,1.0,0.0,1.0,0.06440146939694193,0.2134840713156823,-0.1801725042807485,0.898503261293806,0.12971584195654767,131.79583333333332,0.04840023101188204,0.11552048884146923,0.0
2018_17_DAL_NYG,2018,17,2018-12-30,DAL,NYG,36.0,35.0,71.0,38.5,-102.0,-109.0,7.5,2.0,37.0,0.0,0.0,1.0,-0.025867775340322294,0.11734921346658525,-0.27839275233910143,0.8619627927102851,0.11153172702134403,132.19166666666666,0.037085058458785035,0.12839301612370116,0.3
2018_17_ATL_TB,2018,17,2018-12-30,ATL,TB,34.0,32.0,66.0,52.0,-101.0,-110.0,-2.5,5.0,80.0,0.0,0.0,1.0,0.0627003384716265,0.2261312878593446,-0.23998315599232084,0.9116231420483025,0.11970332374716525,131.71916666666667,0.04204021277760411,0.12021065971334902,0.0
2018_17_CLE_BAL,2018,17,2018-12-30,CLE,BAL,24.0,26.0,50.0,41.0,-108.0,-103.0,7.0,2.0,48.0,0.0,0.0,1.0,-0.05360758438040458,0.04251115386684777,-0.21688767567228567,0.865325571074561,0.10714499609007036,136.54107142857143,0.03921785848448051,0.11469264050901207,0.0
2018_17_LAC_DEN,2018,17,2018-12-30,LAC,DEN,23.0,9.0,32.0,43.5,-108.0,-103.0,-7.0,6.0,51.0,0.0,0.0,1.0,0.0689905549972067,0.1818091379317967,-0.11941121030485202,0.8975714530015985,0.12227241469249268,127.7875,0.03579439920358332,0.12760265087756809,0.0
2018_17_SF_LA,2018,17,2018-12-30,SF,LA,32.0,48.0,80.0,50.5,-101.0,-110.0,10.5,3.0,65.0,0.0,0.0,1.0,0.05603893570059154,0.20131062572459582,-0.17018532806017123,0.8936307625693909,0.13485206064305091,133.56785714285712,0.039802400284455246,0.12641097259174539,0.0
2018_17_CHI_MIN,2018,17,2018-12-30,CHI,MIN,24.0,10.0,34.0,39.5,-119.0,106.0,6.0,0.0,,1.0,0.0,1.0,-0.15639085158958177,-0.03235072457827491,-0.3511534870709572,0.856587585201065,0.10463092552308882,130.99666666666667,0.04660934379174858,0.13327913157441124,0.0
2018_17_CIN_PIT,2018,17,2018-12-30,CIN,PIT,13.0,16.0,29.0,45.5,102.0,-114.0,14.0,9.0,42.0,0.0,0.0,1.0,0.17617720419593166,0.3569447522929944,-0.1618356108568644,0.9422445345295803,0.13435872810160443,132.63214285714287,0.03274952717532412,0.10466007347937507,0.0
2018_17_ARI_SEA,2018,17,2018-12-30,ARI,SEA,24.0,27.0,51.0,39.5,102.0,-114.0,15.5,5.0,45.0,0.0,0.0,1.0,0.0016083350227316384,0.12557462252148088,-0.1812275773376339,0.8721049126730186,0.11871654093229048,126.40357142857142,0.03342110778307633,0.14629462395428727,0.0
2018_17_PHI_WAS,2018,17,2018-12-30,PHI,WAS,24.0,0.0,24.0,43.0,-117.0,105.0,-6.0,3.0,46.0,0.0,0.0,1.0,-0.004314782625284917,0.13566032278015538,-0.22833308477636743,0.8787832477622419,0.11733763184884544,129.55333333333334,0.04166694087961402,0.12776557849353087,0.0
2018_17_IND_TEN,2018,17,2018-12-30,IND,TEN,33.0,17.0,50.0,42.5,-103.0,-108.0,-5.0,4.0,53.0,0.0,0.0,1.0,-0.01737962706420374,0.12051201566854408,-0.2849037848546017,0.8821916280667262,0.10007315676473122,130.27940476190477,0.036097036598407246,0.11671254029887716,0.0
2019_05_LA_SEA,2019,5,2019-10-03,LA,SEA,29.0,30.0,59.0,49.0,-113.0,102.0,1.5,7.0,57.0,0.0,1.0,1.0,-0.03641496237961275,0.13607406640630745,-0.3896520012000723,0.8816986604267945,0.10101711074212405,139.5,0.04150694369239201,0.12196954050832215,0.0
2019_05_JAX_CAR,2019,5,2019-10-06,JAX,CAR,27.0,34.0,61.0,41.0,-101.0,-110.0,3.0,4.0,72.0,0.0,0.0,0.0,-0.04630397614168999,0.03371281572106846,-0.18078572788854463,0.8532394541410202,0.12264287024852275,130.5,0.03257677072786601,0.14746609070999747,0.0
2019_05_ARI_CIN,2019,5,2019-10-06,ARI,CIN,26.0,23.0,49.0,45.0,103.0,-115.0,3.0,6.0,76.0,0.0,0.0,0.0,0.0035586326611694447,0.1700207472834346,-0.2588377447081961,0.8707044450910385,0.12929761913679022,137.5,0.037897223517425166,0.15466404644588683,0.0
2019_05_ATL_HOU,2019,5,2019-10-06,ATL,HOU,32.0,53.0,85.0,49.0,-101.0,-110.0,4.0,0.0,,1.0,0.0,0.0,0.06306894610390874,0.2942521665551002,-0.3581392201112985,0.8902866528322313,0.13041092797985665,131.25,0.03703050752938525,0.1291540993407962,0.0
2019_05_TB_NO,2019,5,2019-10-06,TB,NO,24.0,31.0,55.0,46.0,-109.0,-102.0,3.0,0.0,,1.0,0.0,1.0,0.003221635019730308,0.1961231327685558,-0.3846194205619077,0.8742189187053885,0.11981006442041083,131.5,0.043650069120374356,0.12049459154000719,0.0
2019_05_BAL_PIT,2019,5,2019-10-06,BAL,PIT,26.0,23.0,49.0,44.0,-103.0,-108.0,-3.5,7.0,70.0,0.0,0.0,1.0,0.10642615975627806,0.3799872095398351,-0.27716095926927775,0.8914884518897555,0.1333815329582639,132.5,0.0387605093825365,0.10468288997604894,0.0
2019_05_BUF_TEN,2019,5,2019-10-06,BUF,TEN,14.0,7.0,21.0,39.5,-111.0,-101.0,3.5,13.0,77.0,0.0,0.0,0.0,-0.15098961212658932,-0.10742329381947956,-0.1997989179510825,0.8189879953074046,0.10755773171242046,135.0,0.04401632526407226,0.1285082039754628,0.0
2019_05_NE_WAS,2019,5,2019-10-06,NE,WAS,33.0,7.0,40.0,42.0,-102.0,-109.0,-15.5,8.0,70.0,0.0,0.0,0.0,-0.19538997829813823,0.011845458334074244,-0.5098822993139089,0.8123465589164176,0.10280317469536518,129.75,0.05334374352955554,0.10716301778492562,0.0
2019_05_GB_DAL,2019,5,2019-10-06,GB,DAL,34.0,24.0,58.0,46.5,-104.0,-107.0,3.5,0.0,,1.0,0.0,0.0,0.033977636509081206,0.12621285468350016,-0.1316563509474405,0.891143375260361,0.10440896084412454,130.75,0.038813104574098554,0.09872488948398679,0.0
2019_06_NYG_NE,2019,6,2019-10-10,NYG,NE,14.0,35.0,49.0,43.0,102.0,-113.0,16.5,13.0,54.0,0.0,1.0,0.0,-0.19272884235029553,-0.06608028228396365,-0.2953514108224069,0.7894547957506449,0.12131431271361132,138.435,0.053897329078350355,0.1432077443848031,0.0
2019_06_CAR_TB,2019,6,2019-10-13,CAR,TB,37.0,26.0,63.0,48.5,-107.0,-104.0,-2.0,14.0,61.0,0.0,0.0,1.0,-0.007893830139655481,0.09293033514562392,-0.1704577970215308,0.8744617694315787,0.11659701113812457,131.4775,0.04247471415069906,0.1510069064713509,0.0
2019_06_CIN_BAL,2019,6,2019-10-13,CIN,BAL,17.0,23.0,40.0,47.0,-103.0,-108.0,10.5,7.0,64.0,0.0,0.0,1.0,0.12984737749690753,0.31852002606413965,-0.16529980346450007,0.9023532983282901,0.13705045232245003,142.17000000000002,0.03886413234982236,0.11369555660155167,0.0
2019_06_SEA_CLE,2019,6,2019-10-13,SEA,CLE,32.0,28.0,60.0,45.5,-104.0,-107.0,1.0,20.0,58.0,0.0,0.0,0.0,-0.029815264365971334,0.09648805378929107,-0.2772651824427671,0.8427197792172274,0.1227089641285108,131.52749999999997,0.04210854992814594,0.13660420111846538,0.0
2019_06_NO_JAX,2019,6,2019-10-13,NO,JAX,13.0,6.0,19.0,42.5,-103.0,-108.0,2.5,3.0,81.0,0.0,0.0,0.0,0.02724299329670233,0.16370549888223943,-0.28313545966711223,0.8623530957557768,0.12965916447759823,132.875,0.025592544569184774,0.12500680310448944,0.0
2019_06_HOU_KC,2019,6,2019-10-13,HOU,KC,31.0,24.0,55.0,54.5,-103.0,-108.0,3.5,2.0,56.0,0.0,0.0,0.0,0.1648542945636366,0.36392081220520534,-0.217791695423949,0.9408762817781859,0.14756729918670045,129.4675,0.031692238456168455,0.10989208648298074,0.0
2019_06_WAS_MIA,2019,6,2019-10-13,WAS,MIA,17.0,16.0,33.0,42.0,-106.0,-105.0,-6.0,13.0,84.0,0.0,0.0,0.0,-0.06994398351925338,0.20917742618101484,-0.405464582442864,0.8765418540008245,0.1116487275719353,118.2925,0.05135627275032033,0.13479616505363523,0.0
2019_06_PHI_MIN,2019,6,2019-10-13,PHI,MIN,20.0,38.0,58.0,44.0,-101.0,-110.0,3.5,0.0,,1.0,0.0,0.0,-0.06635458959295976,0.1137430547098,-0.31701639798200654,0.8072211349364333,0.10246642218783224,130.45499999999998,0.043513340877006625,0.12083167195299364,0.0
2019_06_ATL_ARI,2019,6,2019-10-13,ATL,ARI,33.0,34.0,67.0,52.5,-113.0,101.0,-3.0,0.0,,1.0,0.0,0.0,0.17609288036956955,0.4402343053932794,-0.23883653299740115,0.9182475970212192,0.1342791494724639,138.075,0.023406552741989564,0.10502951736876315,0.0
2019_06_SF_LA,2019,6,2019-10-13,SF,LA,20.0,7.0,27.0,49.5,-100.0,-111.0,3.0,2.0,77.0,0.0,0.0,1.0,-0.07445245079635227,0.052891945569504994,-0.2403225673276186,0.8493993672568863,0.11116241424295614,142.575,0.06082872329142612,0.10189773273423094,0.0
2019_06_TEN_DEN,2019,6,2019-10-13,TEN,DEN,0.0,16.0,16.0,41.0,-109.0,-102.0,1.0,7.0,69.0,0.0,0.0,0.0,-0.05810707562538498,-0.003306078779894049,-0.2179721035041907,0.8264243128436648,0.1043113022353109,129.3725,0.027814051590529902,0.14450922723448312,0.0
2019_06_DAL_NYJ,2019,6,2019-10-13,DAL,NYJ,22.0,24.0,46.0,43.5,-113.0,102.0,-7.0,7.0,66.0,0.0,0.0,0.0,-0.1924458059760147,-0.11074677168219402,-0.3042956026011514,0.8453060355590301,0.10828823041698918,127.4025,0.04251344653009903,0.13852741508724065,0.0
2019_06_PIT_LAC,2019,6,2019-10-13,PIT,LAC,24.0,17.0,41.0,42.5,-106.0,-105.0,6.0,9.0,71.0,0.0,0.0,0.0,-0.047739056938783775,0.15282279607893068,-0.3858652799651655,0.9069568229026819,0.11804876701164752,123.9975,0.05203498663531485,0.11780197403120692,0.0
2019_06_DET_GB,2019,6,2019-10-14,DET,GB,22.0,23.0,45.0,47.0,-111.0,100.0,3.5,5.0,43.0,0.0,0.0,1.0,0.011617043347073853,0.1284792754496724,-0.21569017849913344,0.8851401673121482,0.13336836152457143,135.6125,0.04395857231466931,0.09422145550567122,0.0
2019_07_KC_DEN,2019,7,2019-10-17,KC,DEN,30.0,6.0,36.0,49.5,100.0,-111.0,-3.0,6.0,75.0,0.0,1.0,1.0,0.04906017298764753,0.13887489768519226,-0.17853639949508288,0.8974683696017935,0.11701724945978535,126.0325,0.04192515122508493,0.09791999439257267,0.0
2019_07_LA_ATL,2019,7,2019-10-20,LA,ATL,37.0,10.0,47.0,54.5,-104.0,-107.0,-3.0,0.0,,0.0,0.0,0.0,0.11905838055811266,0.3990351263258981,-0.3306015685011182,0.9102216973119854,0.1301894168334784,137.58749999999998,0.03588378818139393,0.0817464875746041,0.0
2019_07_MIA_BUF,2019,7,2019-10-20,MIA,BUF,21.0,31.0,52.0,42.5,-111.0,-100.0,17.0,7.0,65.0,0.0,0.0,1.0,-0.14246599517084818,-0.04351917980353917,-0.17570041606575731,0.8356996342123997,0.10356131669567245,132.4875,0.046868917658202114,0.1322825522066996,0.0
2019_07_JAX_CIN,2019,7,2019-10-20,JAX,CIN,27.0,17.0,44.0,44.5,-111.0,100.0,-4.0,2.0,70.0,0.0,0.0,0.0,0.006621772007020799,0.13257442592276442,-0.23520038302315605,0.8584188654704089,0.13740810697155736,131.43333333333334,0.030956523895691933,0.11773046475988055,0.0
2019_07_MIN_DET,2019,7,2019-10-20,MIN,DET,42.0,30.0,72.0,43.5,-114.0,102.0,-2.5,0.0,,1.0,0.0,1.0,-0.03992349794407307,0.21672726544646492,-0.3506103994568395,0.838271546143788,0.1357648737266291,127.78,0.048018527624152804,0.10269957165699856,0.0
2019_07_HOU_IND,2019,7,2019-10-20,HOU,IND,23.0,30.0,53.0,46.5,-111.0,100.0,1.5,0.0,,0.0,0.0,1.0,0.200839967511599,0.3476899000560043,-0.10374906726502706,0.9466461057764801,0.12369417590371605,137.5375,0.03270976631407779,0.11741811369131883,0.0
2019_07_ARI_NYG,2019,7,2019-10-20,ARI,NYG,27.0,21.0,48.0,49.5,-110.0,-101.0,3.5,3.0,56.0,0.0,0.0,0.0,0.06807311369122941,0.24130487085252691,-0.15586092732021678,0.905052949941322,0.13414031453424186,133.92916666666667,0.041433861417055504,0.12526638706367302,0.0
2019_07_SF_WAS,2019,7,2019-10-20,SF,WAS,9.0,0.0,9.0,39.0,-111.0,-100.0,-10.0,12.0,55.0,0.0,0.0,0.0,-0.21813518088742273,-0.09914101568708017,-0.3581510195901496,0.8154927936226282,0.1047985592937475,131.98166666666668,0.06154543280343208,0.12856286198862885,0.0
2019_07_LAC_TEN,2019,7,2019-10-20,LAC,TEN,20.0,23.0,43.0,42.5,-106.0,-105.0,3.0,2.0,77.0,0.0,0.0,0.0,-0.08035866722086729,0.10899294076185947,-0.4623915304530203,0.8557462814064503,0.10947218792498371,130.4,0.03613907715136671,0.14362044180532857,0.0
2019_07_NO_CHI,2019,7,2019-10-20,NO,CHI,36.0,25.0,61.0,37.0,-111.0,-101.0,4.0,6.0,54.0,0.0,0.0,0.0,-0.10508616696235866,0.06453055758972681,-0.4174350138999565,0.8270968253435782,0.09500138741212658,130.28333333333333,0.03198131320243158,0.12947336619055355,0.0
2019_07_BAL_SEA,2019,7,2019-10-20,BAL,SEA,30.0,16.0,46.0,49.0,-117.0,105.0,3.0,8.0,50.0,0.0,0.0,0.0,0.1375570487324224,0.3459090775099061,-0.25316626325456915,0.9033050869873633,0.138005850983547,146.79166666666669,0.037044492337881874,0.10216953554705195,0.0
2019_07_PHI_DAL,2019,7,2019-10-20,PHI,DAL,10.0,37.0,47.0,50.0,-105.0,-106.0,3.0,0.0,,1.0,0.0,1.0,0.036436202429818154,0.21872958589192798,-0.2690983292712421,0.8999281532311577,0.1147288611997696,137.625,0.039129366642628984,0.09447285116462104,0.0
2019_07_NE_NYJ,2019,7,2019-10-21,NE,NYJ,33.0,0.0,33.0,43.0,-112.0,100.0,-9.5,0.0,58.0,0.0,0.0,1.0,-0.39064877207583587,-0.3389191463518828,-0.4376877494682696,0.7375200074968629,0.10475011846947936,130.99583333333334,0.04978314432681462,0.15842027663005848,0.0
2019_08_WAS_MIN,2019,8,2019-10-24,WAS,MIN,9.0,19.0,28.0,42.0,-112.0,100.0,16.5,0.0,,1.0,1.0,0.0,-0.06229836136278291,0.21225845934332754,-0.3518610718192017,0.8295170585340805,0.11122081233485492,119.98095238095239,0.0487603467434808,0.12908985867218126,0.0
2019_08_SEA_ATL,2019,8,2019-10-27,SEA,ATL,27.0,20.0,47.0,48.5,-110.0,-102.0,-7.5,0.0,,0.0,0.0,0.0,0.13357014780848692,0.45002032584687646,-0.35732051116073105,0.9128929587574302,0.14228722016822642,137.33392857142857,0.03091685523012365,0.08616999722312144,0.0
2019_08_PHI_BUF,2019,8,2019-10-27,PHI,BUF,31.0,13.0,44.0,39.5,-117.0,105.0,1.0,23.0,54.0,0.0,0.0,0.0,-0.1011080781888461,-0.0025632494094513444,-0.2343675862994346,0.8499885802279534,0.1105262480087954,133.075,0.05166028068635534,0.11948288533820081,0.0
2019_08_LAC_CHI,2019,8,2019-10-27,LAC,CHI,17.0,16.0,33.0,41.0,-107.0,-104.0,3.5,9.0,52.0,0.0,0.0,0.0,-0.03741841704163708,0.21745913175815273,-0.6096930707468982,0.8765906168982629,0.09886507747435389,130.4167857142857,0.040819347372321076,0.10914672951213102,0.0
2019_08_NYG_DET,2019,8,2019-10-27,NYG,DET,26.0,31.0,57.0,49.0,-112.0,100.0,6.5,0.0,,1.0,0.0,0.0,-0.007383613147913491,0.20310353048811167,-0.2771747987840345,0.8662862471559736,0.1398731889278282,132.6142857142857,0.050136492450216626,0.10594099485238986,0.0
2019_08_DEN_IND,2019,8,2019-10-27,DEN,IND,13.0,15.0,28.0,41.0,-100.0,-111.0,6.0,0.0,,0.0,0.0,0.0,-0.00493867788897033,0.08759216646411662,-0.2436353673052723,0.8718853903445849,0.10525699117940515,133.12166666666667,0.03415550158782512,0.12684565619847565,0.0
2019_08_NYJ_JAX,2019,8,2019-10-27,NYJ,JAX,15.0,29.0,44.0,39.5,-109.0,-102.0,7.0,11.0,79.0,0.0,0.0,0.0,-0.19725738660362957,-0.12457477838201915,-0.34197653405569894,0.8000354944489231,0.11714521070219652,128.66845238095237,0.03941915319945454,0.13093017947239835,0.0
2019_08_CIN_LA,2019,8,2019-10-27,CIN,LA,10.0,24.0,34.0,48.5,-117.0,105.0,12.0,5.0,48.0,0.0,0.0,0.0,-0.05476007775222788,0.13047737023315725,-0.349045840885854,0.8742445463831356,0.11775786489173744,136.35,0.04394017262484262,0.10561391586145437,0.0
2019_08_ARI_NO,2019,8,2019-10-27,ARI,NO,9.0,31.0,40.0,47.5,-101.0,-110.0,12.5,0.0,,1.0,0.0,0.0,0.07422988269139597,0.25479340489679725,-0.34149328470452817,0.8893601539354836,0.11627238594619416,134.18035714285713,0.023692001103056342,0.12839583385775394,0.0
2019_08_TB_TEN,2019,8,2019-10-27,TB,TEN,23.0,27.0,50.0,45.5,-114.0,102.0,2.0,3.0,59.0,0.0,0.0,0.0,-0.048569164032806915,0.14527529003460948,-0.36616969769926744,0.8452323395564005,0.11623255758093858,131.5559523809524,0.039108838677353194,0.15259954230994915,0.0
2019_08_CAR_SF,2019,8,2019-10-27,CAR,SF,13.0,51.0,64.0,41.0,-114.0,103.0,4.5,19.0,66.0,0.0,0.0,0.0,-0.20934878758463407,-0.13548379123225818,-0.19052631569933845,0.8204848148079493,0.09642459404037648,135.71666666666667,0.05752318010778469,0.16400170533741248,0.0
2019_08_CLE_NE,2019,8,2019-10-27,CLE,NE,13.0,27.0,40.0,43.0,-114.0,102.0,9.5,11.0,49.0,0.0,0.0,0.0,-0.23680174856070896,-0.2196609471521278,-0.21938240597000624,0.783814737150125,0.11273593815521435,136.34047619047618,0.06413752650865176,0.13267644682185692,0.0
2019_08_GB_KC,2019,8,2019-10-27,GB,KC,31.0,24.0,55.0,48.0,-108.0,103.0,-5.0,5.0,54.0,0.0,0.0,0.0,0.0767374328786218,0.1504441212257468,-0.10895243541964136,0.9123355108760215,0.12506412132146366,129.14999999999998,0.03770864128238262,0.10196352990326497,0.0
2019_08_MIA_PIT,2019,8,2019-10-28,MIA,PIT,14.0,27.0,41.0,44.0,-105.0,-106.0,14.0,2.0,59.0,0.0,0.0,0.0,-0.0869570555184456,0.14236675259524598,-0.3718121624707027,0.8685968599875058,0.108883073454776,121.7875,0.0479743671906633,0.11042760174325787,0.0
2019_09_SF_ARI,2019,9,2019-10-31,SF,ARI,28.0,25.0,53.0,43.5,-115.0,103.0,-10.5,0.0,,1.0,1.0,1.0,-0.09862352393592738,0.03482379475141051,-0.2374574963452791,0.8352634230980942,0.11400965207211,133.69196428571428,0.03727061124590135,0.15791174939306854,0.0
2019_09_HOU_JAX,2019,9,2019-11-03,HOU,JAX,26.0,3.0,29.0,46.0,-105.0,-106.0,1.0,6.0,53.0,0.0,0.0,1.0,0.03603005583170706,0.21744022246265424,-0.2813434235041859,0.866422085943777,0.13098387932619904,138.25357142857143,0.03998768082856883,0.12503509795801734,0.0
2019_09_WAS_BUF,2019,9,2019-11-03,WAS,BUF,9.0,24.0,33.0,37.0,-107.0,-104.0,10.5,18.0,42.0,0.0,0.0,0.0,-0.1479136205344405,-0.02196308444353072,-0.26382705586259947,0.8084163308111012,0.10763905400222593,119.02589285714285,0.04494134407650832,0.1539221763799259,0.0
2019_09_TEN_CAR,2019,9,2019-11-03,TEN,CAR,20.0,30.0,50.0,43.0,-107.0,-104.0,3.5,5.0,58.0,0.0,0.0,0.0,-0.14130949627184622,-0.03910340490247301,-0.2847937818089897,0.8257383129291418,0.11000801023361971,127.37589285714287,0.04618008354904033,0.1705049082278644,0.0
2019_09_MIN_KC,2019,9,2019-11-03,MIN,KC,23.0,26.0,49.0,46.0,-111.0,-100.0,-5.5,15.0,54.0,0.0,0.0,0.0,0.09362158607484777,0.3305911491305926,-0.21843936529749736,0.9058897866419384,0.12492718652179959,126.80892857142857,0.039849490514035274,0.12045044657266255,0.0
2019_09_NYJ_MIA,2019,9,2019-11-03,NYJ,MIA,18.0,26.0,44.0,42.5,-103.0,-108.0,-3.5,11.0,85.0,0.0,0.0,1.0,-0.16850221394295803,-0.0038796234407595803,-0.35742872602634596,0.8125906915691768,0.10104142281073059,121.63928571428572,0.04875470875166084,0.14237434236089958,0.0
2019_09_CHI_PHI,2019,9,2019-11-03,CHI,PHI,14.0,22.0,36.0,41.0,-109.0,-102.0,5.0,13.0,52.0,0.0,0.0,0.0,-0.13509479272031666,0.05741637110764678,-0.5485171394899144,0.8232972487833732,0.09739106240774967,135.07083333333335,0.04454115661581978,0.13207978440141657,0.0
2019_09_IND_PIT,2019,9,2019-11-03,IND,PIT,24.0,26.0,50.0,39.5,-109.0,-102.0,1.0,12.0,48.0,0.0,0.0,0.0,-0.017253577475789567,0.17758940041747845,-0.3813771814636384,0.8836873210462772,0.10370052597971477,129.07083333333333,0.044988857774117916,0.11057887494487156,0.0
2019_09_TB_SEA,2019,9,2019-11-03,TB,SEA,34.0,40.0,74.0,51.0,-119.0,107.0,4.0,6.0,54.0,0.0,0.0,0.0,0.03335965976254,0.2755283373217002,-0.3786517264757774,0.8858740104378238,0.13466197117319378,139.73125,0.04664499270998969,0.11335549956072039,0.0
2019_09_CLE_DEN,2019,9,2019-11-03,CLE,DEN,19.0,24.0,43.0,39.0,-107.0,-104.0,-4.0,4.0,55.0,0.0,0.0,0.0,-0.15260798937769182,-0.11548159313235337,-0.2297340047340629,0.8058076696200587,0.10352976702107021,128.15714285714284,0.04717312235474742,0.15554636226351326,0.0
2019_09_GB_LAC,2019,9,2019-11-03,GB,LAC,11.0,26.0,37.0,50.0,-103.0,-109.0,-4.0,2.0,79.0,0.0,0.0,0.0,0.07582760275134307,0.23608993726019262,-0.2774396551388535,0.918558487888284,0.12586028214032574,129.97767857142856,0.040992136779254895,0.10570696593767676,0.0
2019_09_NE_BAL,2019,9,2019-11-03,NE,BAL,20.0,37.0,57.0,44.5,-101.0,-111.0,-3.0,1.0,48.0,0.0,0.0,0.0,-0.1399755738470519,-0.04232315228135594,-0.26429777966207446,0.8102210849612538,0.12230215316990581,145.23303571428573,0.05245912197686637,0.11836233818707782,0.0
2019_09_DAL_NYG,2019,9,2019-11-04,DAL,NYG,37.0,18.0,55.0,48.5,-114.0,102.0,-6.5,10.0,51.0,0.0,0.0,1.0,-0.00046518764212601094,0.18863280757135256,-0.2374080638425162,0.8852145904244109,0.12476874375623306,135.41160714285715,0.050970908785288996,0.12567027171694675,0.0
2019_10_DET_CHI,2019,10,2019-11-10,DET,CHI,13.0,20.0,33.0,38.0,103.0,-114.0,6.0,12.0,40.0,0.0,0.0,1.0,-0.012196373521525803,0.2116753612528135,-0.4665043099335058,0.8421837357404358,0.11509462260642098,130.5517857142857,0.033483955392602724,0.11540281980461653,0.0
2019_10_BAL_CIN,2019,10,2019-11-10,BAL,CIN,49.0,13.0,62.0,44.0,-107.0,-104.0,-10.5,9.0,56.0,0.0,0.0,1.0,0.07885136991299642,0.27054458276094706,-0.21055908500317302,0.8697512672280852,0.14203588969177255,138.2,0.03529650472101562,0.09530789797035749,0.0
2019_10_BUF_CLE,2019,10,2019-11-10,BUF,CLE,16.0,19.0,35.0,42.0,102.0,-113.0,3.0,10.0,50.0,0.0,0.0,0.0,-0.08304429273951316,0.010915530394911416,-0.20534799782691415,0.8250455878831879,0.12067809863972714,126.94375,0.04148456658239488,0.15674401804357735,0.0
2019_10_ATL_NO,2019,10,2019-11-10,ATL,NO,26.0,9.0,35.0,51.5,-101.0,-110.0,14.0,0.0,,1.0,0.0,1.0,0.10550388194910368,0.3808293905617881,-0.44606244056448163,0.902555165156106,0.12827350336573962,134.7875,0.025841338945509888,0.09624147799607818,0.0
2019_10_NYG_NYJ,2019,10,2019-11-10,NYG,NYJ,27.0,34.0,61.0,43.0,-102.0,-109.0,-3.0,8.0,48.0,0.0,0.0,0.0,-0.14826179747043708,0.005358607948101002,-0.35634507963956874,0.8185709543768955,0.10588313760792985,126.70972222222223,0.05556244727987007,0.13971713785165416,0.0
2019_10_ARI_TB,2019,10,2019-11-10,ARI,TB,27.0,30.0,57.0,51.0,101.0,-113.0,5.5,8.0,77.0,0.0,0.0,0.0,0.10368960737831621,0.3266880612864353,-0.2763868826532544,0.883253745433394,0.13351498231891074,134.0875,0.03146655741484698,0.1332047796759575,0.0
2019_10_KC_TEN,2019,10,2019-11-10,KC,TEN,32.0,35.0,67.0,49.0,-107.0,-104.0,-5.0,9.0,63.0,0.0,0.0,0.0,0.02951016651422222,0.2293555119281958,-0.3399414472882431,0.8760102034887502,0.1166952813110182,123.45,0.0347409427670249,0.13717128739001905,0.0
2019_10_MIA_IND,2019,10,2019-11-10,MIA,IND,16.0,12.0,28.0,44.5,-109.0,-102.0,11.0,0.0,,1.0,0.0,0.0,0.0017962020202276774,0.18197234102651547,-0.29331960440525956,0.8696819522097727,0.10634562759200823,133.73482142857142,0.036468425573659966,0.12745919226866165,0.0
2019_10_CAR_GB,2019,10,2019-11-10,CAR,GB,16.0,24.0,40.0,49.0,-104.0,-107.0,5.0,6.0,34.0,0.0,0.0,0.0,0.023689312008430375,0.042119996868222626,-0.012585390571749268,0.8918068063417729,0.1247441912464568,130.65625,0.04138756386458886,0.14863916355707146,0.6
2019_10_LA_PIT,2019,10,2019-11-10,LA,PIT,12.0,17.0,29.0,43.0,103.0,-114.0,-4.0,12.0,55.0,0.0,0.0,0.0,-0.10036763254976205,0.07995526060057856,-0.3814229646048605,0.8365264140862065,0.10645781479502639,127.975,0.05181336547648599,0.10820006315691821,0.0
2019_10_MIN_DAL,2019,10,2019-11-10,MIN,DAL,28.0,24.0,52.0,48.5,-112.0,100.0,3.5,0.0,,1.0,0.0,0.0,0.05803452302173562,0.2920391118287101,-0.2112043353344493,0.9121686272305084,0.12198039198973994,137.30624999999998,0.04398698344443527,0.11673172137158376,0.0
2019_10_SEA_SF,2019,10,2019-11-11,SEA,SF,27.0,24.0,51.0,47.0,-107.0,-104.0,6.5,3.0,77.0,0.0,0.0,1.0,-0.04206762869475082,0.15648781732086986,-0.30652797702244394,0.8621256906104704,0.12386480698254491,138.08125,0.04293695102924674,0.13619649107157725,0.0
2019_11_PIT_CLE,2019,11,2019-11-14,PIT,CLE,7.0,21.0,28.0,41.5,-103.0,-108.0,3.0,10.0,36.0,0.0,1.0,1.0,-0.14038709531076043,0.03113002996713215,-0.4257999642872117,0.8104740500640326,0.11136922344331543,129.3361111111111,0.05438551052878565,0.12545752568827193,0.4
2019_11_HOU_BAL,2019,11,2019-11-17,HOU,BAL,7.0,41.0,48.0,51.0,-106.0,-105.0,4.0,10.0,44.0,0.0,0.0,0.0,0.13364262627067797,0.3604203096549186,-0.1865526298286915,0.9159697049571053,0.13051843824599557,134.54861111111111,0.04316268073247906,0.0956170265353386,0.0
2019_11_ATL_CAR,2019,11,2019-11-17,ATL,CAR,29.0,3.0,32.0,49.0,-103.0,-108.0,3.5,11.0,51.0,0.0,0.0,1.0,0.03989892465406131,0.19944632085196906,-0.17417860517961872,0.890785262857489,0.12227435707791665,135.88611111111112,0.038747382602798294,0.1297197722824058,0.0
2019_11_DAL_DET,2019,11,2019-11-17,DAL,DET,35.0,27.0,62.0,46.5,-112.0,101.0,-7.5,0.0,,1.0,0.0,0.0,0.09471453424772021,0.3162292254189455,-0.24217229979486143,0.9012212205772074,0.12528515265345877,138.34791666666666,0.03669434030533588,0.10155262693903319,0.0
2019_11_JAX_IND,2019,11,2019-11-17,JAX,IND,13.0,33.0,46.0,41.5,-115.0,103.0,2.5,0.0,,1.0,0.0,1.0,-0.08566230349174273,0.05431593304464402,-0.332041774151746,0.8321832238025709,0.12094871506460786,136.17152777777778,0.04151654016727757,0.1296795668996495,0.0
2019_11_BUF_MIA,2019,11,2019-11-17,BUF,MIA,37.0,20.0,57.0,41.5,-105.0,-106.0,-7.0,13.0,62.0,0.0,0.0,1.0,-0.07566634100884767,0.07358067489660858,-0.26934891650546444,0.8322494250978862,0.11206107533284668,127.16666666666666,0.03705751815105041,0.13063221697493319,0.0
2019_11_DEN_MIN,2019,11,2019-11-17,DEN,MIN,23.0,27.0,50.0,40.5,-111.0,-100.0,10.0,0.0,,1.0,0.0,0.0,-0.02537949635408681,0.15133635827415964,-0.27025350322026,0.832657680752032,0.11510530035074723,130.28125,0.032648594877913564,0.14222183102528513,0.0
2019_11_NO_TB,2019,11,2019-11-17,NO,TB,34.0,17.0,51.0,50.5,102.0,-114.0,-5.0,4.0,55.0,0.0,0.0,1.0,-0.018029694054210694,0.17127517581656648,-0.4442500127698524,0.84333139430163,0.11363164691510672,141.73194444444445,0.038488852355409706,0.12093412494519709,0.0
2019_11_NYJ_WAS,2019,11,2019-11-17,NYJ,WAS,34.0,17.0,51.0,37.5,-108.0,-103.0,1.0,8.0,43.0,0.0,0.0,0.0,-0.17704434180536416,0.03779596539451565,-0.4652590897271327,0.7769580833701493,0.09637428024703389,114.00277777777777,0.044270021214119694,0.16370217863528197,0.0
2019_11_ARI_SF,2019,11,2019-11-17,ARI,SF,26.0,36.0,62.0,44.0,103.0,-114.0,10.0,0.0,72.0,0.0,0.0,1.0,-0.052648945285356186,0.09962032606660856,-0.2299043642943288,0.8287186342738861,0.12460054173595839,132.7063888888889,0.03926355007996528,0.15826576474445017,0.0
2019_11_NE_PHI,2019,11,2019-11-17,NE,PHI,17.0,10.0,27.0,45.0,-111.0,-100.0,-4.5,13.0,42.0,0.0,0.0,0.0,-0.18964877259784005,-0.049434751838109386,-0.35630826246831765,0.8210359627895678,0.10129725501274359,142.22083333333333,0.052874131831913654,0.1281541923325882,0.0
2019_11_CHI_LA,2019,11,2019-11-17,CHI,LA,7.0,17.0,24.0,40.0,-102.0,-109.0,5.0,0.0,79.0,0.0,0.0,0.0,-0.1632401106873461,0.0034661790041907205,-0.509342542567224,0.8084545803388052,0.09407720829041905,130.45416666666665,0.035720821879788686,0.13094665029455965,0.0
2019_11_KC_LAC,2019,11,2019-11-18,KC,LAC,24.0,17.0,41.0,52.5,-105.0,-106.0,-5.5,7.0,67.0,0.0,0.0,1.0,0.10546465943053021,0.2996831938631664,-0.2696773109066031,0.9299690189898882,0.12145954906039214,126.64583333333333,0.03109017610641678,0.12140921929312048,0.0
2019_12_IND_HOU,2019,12,2019-11-21,IND,HOU,17.0,20.0,37.0,46.0,-105.0,-106.0,3.5,0.0,,1.0,1.0,1.0,0.007117806130056331,0.13528963267006971,-0.20972665893494724,0.8725853410562432,0.11234077848203122,135.06111111111113,0.04366209004107206,0.12241302219599332,0.0
2019_12_TB_ATL,2019,12,2019-11-24,TB,ATL,35.0,22.0,57.0,51.5,100.0,-111.0,3.5,0.0,,1.0,0.0,1.0,0.04687576186132002,0.2979989129961751,-0.38131440863362104,0.8784301948998893,0.11971341029201639,140.8775,0.04255570584515354,0.11177128071527281,0.0
2019_12_DEN_BUF,2019,12,2019-11-24,DEN,BUF,3.0,20.0,23.0,37.0,104.0,-115.0,3.5,17.0,40.0,0.0,0.0,0.0,-0.07221044189187907,0.010516614860241011,-0.20363724705758635,0.8211725669983662,0.11006555104639697,130.73666666666668,0.026786815561895883,0.14856623893938642,0.0
2019_12_NYG_CHI,2019,12,2019-11-24,NYG,CHI,14.0,19.0,33.0,41.0,-115.0,103.0,6.0,12.0,48.0,0.0,0.0,0.0,-0.11172539492072811,0.0679377540087833,-0.40921142544393574,0.8053025943035783,0.09885651843818535,132.91833333333335,0.04187512258269692,0.14048596435958513,0.0
2019_12_PIT_CIN,2019,12,2019-11-24,PIT,CIN,16.0,10.0,26.0,37.5,-109.0,-102.0,-5.5,10.0,46.0,0.0,0.0,1.0,-0.11317400166921476,0.06849956798541561,-0.4062424543361039,0.8270483117687524,0.12340005622517419,133.64194444444445,0.052895528891444756,0.10955369384959052,0.0
2019_12_MIA_CLE,2019,12,2019-11-24,MIA,CLE,24.0,41.0,65.0,45.5,-105.0,-106.0,11.0,14.0,39.0,0.0,0.0,0.0,-0.11261925271859054,0.05200732883742337,-0.3547267541461906,0.8119448715864623,0.11482849906628428,130.355,0.04213809677917606,0.13367739185107985,0.1
2019_12_CAR_NO,2019,12,2019-11-24,CAR,NO,31.0,34.0,65.0,46.0,106.0,-118.0,10.0,0.0,,1.0,0.0,1.0,-0.06202589375853787,0.032704347253832824,-0.31644030709546367,0.850116049036528,0.11269443581543552,135.8175,0.03969318803719964,0.1353850938282977,0.0
2019_12_SEA_PHI,2019,12,2019-11-24,SEA,PHI,17.0,9.0,26.0,45.5,-104.0,-107.0,-1.0,17.0,40.0,0.0,0.0,0.0,-0.02643268580248992,0.14580368325093762,-0.3336798074942634,0.8707446613325786,0.11079078140179856,139.45749999999998,0.03871452758250773,0.12811554024915883,0.0
2019_12_DET_WAS,2019,12,2019-11-24,DET,WAS,16.0,19.0,35.0,39.0,-102.0,-110.0,-4.0,17.0,46.0,0.0,0.0,0.0,-0.016470290087076983,0.24089494770319597,-0.3528721436072962,0.842664891739302,0.12291354331478996,122.20916666666666,0.03389098846034411,0.14772883582161128,0.0
2019_12_JAX_TEN,2019,12,2019-11-24,JAX,TEN,20.0,42.0,62.0,42.0,-112.0,100.0,4.5,9.0,52.0,0.0,0.0,1.0,-0.02696733028373973,0.16063285185115217,-0.3829868135256989,0.854556446236539,0.12753195146205754,129.08749999999998,0.041237129066033607,0.14622091837753692,0.0
2019_12_DAL_NE,2019,12,2019-11-24,DAL,NE,9.0,13.0,22.0,44.5,-110.0,-101.0,5.5,16.0,38.0,0.0,0.0,0.0,-0.08901775827248153,0.05400118830726044,-0.2658622432379707,0.8699015855571346,0.11348488506093704,141.54500000000002,0.047313313480631114,0.10758182253595747,0.2
2019_12_GB_SF,2019,12,2019-11-24,GB,SF,8.0,37.0,45.0,48.0,-109.0,-102.0,3.0,7.0,63.0,0.0,0.0,0.0,-0.02703989216544052,0.04526858741851124,-0.14729125372036833,0.876460643665649,0.11530534707671114,134.6563888888889,0.04150609666142652,0.1465726150790853,0.0
2019_12_BAL_LA,2019,12,2019-11-25,BAL,LA,45.0,6.0,51.0,47.0,-114.0,103.0,-3.5,5.0,62.0,0.0,0.0,0.0,-0.014026798363857035,0.18305167499332584,-0.24053813637679639,0.8710466911070538,0.11773221647457052,131.4725,0.04229865154607137,0.10385428786454354,0.0
2019_13_CHI_DET,2019,13,2019-11-28,CHI,DET,24.0,20.0,44.0,37.5,-108.0,-103.0,-5.5,0.0,,1.0,1.0,1.0,-0.1047102866264085,0.06412384804340018,-0.4081432433086175,0.8118538410625928,0.10888778785368754,132.16750000000002,0.03487246078660045,0.13012943154213852,0.0
2019_13_BUF_DAL,2019,13,2019-11-28,BUF,DAL,26.0,15.0,41.0,46.5,-102.0,-109.0,6.5,0.0,,1.0,1.0,0.0,0.007165366948146807,0.12784905061482785,-0.14722790146335848,0.8757859580789548,0.12168703141623421,135.2931818181818,0.030034316998021865,0.11002779214778564,0.0
2019_13_NO_ATL,2019,13,2019-11-28,NO,ATL,26.0,18.0,44.0,48.0,-108.0,-103.0,-7.0,0.0,,1.0,1.0,1.0,0.017289857871766977,0.2383334947889101,-0.37081762894637504,0.8737891872738661,0.1175040670664515,137.10227272727275,0.03140011930793239,0.1077700220737598,0.0
2019_13_SF_BAL,2019,13,2019-12-01,SF,BAL,17.0,20.0,37.0,45.0,-108.0,-103.0,5.5,13.0,40.0,0.0,0.0,0.0,0.01124643340677993,0.16789617338226237,-0.16017180861565472,0.8826794676431373,0.12088094086521713,134.52386363636361,0.04477397216532576,0.14059361445905744,0.0
2019_13_WAS_CAR,2019,13,2019-12-01,WAS,CAR,29.0,21.0,50.0,38.5,102.0,-113.0,10.5,16.0,64.0,0.0,0.0,0.0,-0.08631356735009207,0.05950687121958107,-0.2677179225970405,0.8410556426101341,0.11587525364050796,124.99545454545454,0.04548335836660001,0.17003775023767626,0.0
2019_13_NYJ_CIN,2019,13,2019-12-01,NYJ,CIN,6.0,22.0,28.0,43.0,-107.0,-104.0,-2.5,15.0,46.0,0.0,0.0,0.0,-0.08675407709023046,0.08374832524257989,-0.3891466622311727,0.8010203748883651,0.12756344383415547,130.075,0.04183780123812242,0.14297743929110449,0.0
2019_13_TEN_IND,2019,13,2019-12-01,TEN,IND,31.0,17.0,48.0,41.5,-105.0,-106.0,-1.0,0.0,,1.0,0.0,1.0,-0.0017204768455440864,0.13343514100845968,-0.28029716597344967,0.8696731697080617,0.1210482571989656,126.67204545454545,0.0394117368608424,0.13582365872165272,0.0
2019_13_TB_JAX,2019,13,2019-12-01,TB,JAX,28.0,11.0,39.0,46.5,-106.0,-105.0,-3.0,15.0,77.0,0.0,0.0,0.0,0.05016760122721366,0.232151764240984,-0.2552715187414627,0.8529891340862377,0.13497862704806168,140.37386363636364,0.047091427452483306,0.12113733571938455,0.0
2019_13_PHI_MIA,2019,13,2019-12-01,PHI,MIA,31.0,37.0,68.0,45.0,-102.0,-109.0,-10.5,15.0,82.0,0.0,0.0,0.0,-0.0863279582399974,0.08346624096720265,-0.3593108622371604,0.8303943334320993,0.104226502428087,136.1284090909091,0.03961371126603083,0.13778389299513183,0.0
2019_13_GB_NYG,2019,13,2019-12-01,GB,NYG,31.0,13.0,44.0,43.5,-104.0,-107.0,-6.5,10.0,32.0,0.0,0.0,0.0,0.011827420039737184,0.1496218104056556,-0.22106291627469588,0.8613939734974928,0.11606228878628894,132.6702272727273,0.038677189252763505,0.13373725410473786,0.8
2019_13_CLE_PIT,2019,13,2019-12-01,CLE,PIT,13.0,20.0,33.0,40.0,-102.0,-109.0,-1.0,6.0,46.0,0.0,0.0,1.0,-0.17236846254321098,-0.030560468698234738,-0.39924022912229207,0.804865478420264,0.10716391041908728,132.99886363636364,0.05123530537311974,0.12867601808217033,0.0
2019_13_LA_ARI,2019,13,2019-12-01,LA,ARI,34.0,7.0,41.0,47.0,103.0,-114.0,-2.5,0.0,,1.0,0.0,1.0,0.01782447894749712,0.21161254115420494,-0.2715286898621281,0.8522622204661967,0.12859503422765428,127.27045454545454,0.03631690527863778,0.11761954896226104,0.0
2019_13_LAC_DEN,2019,13,2019-12-01,LAC,DEN,20.0,23.0,43.0,39.0,-117.0,105.0,-4.5,7.0,33.0,0.0,0.0,1.0,-0.026265906193457523,0.11031659200604481,-0.27244566119746527,0.8700992862507719,0.11114549897560239,127.3825,0.035250067554731854,0.12844596857644433,0.7
2019_13_NE_HOU,2019,13,2019-12-01,NE,HOU,22.0,28.0,50.0,47.0,-107.0,-104.0,-3.5,0.0,,1.0,0.0,0.0,-0.1120392368661794,0.020119471085112042,-0.26475641364217006,0.8449449128969466,0.10932385349380494,135.09386363636364,0.04304651120160051,0.11558855035005089,0.0
2019_13_MIN_SEA,2019,13,2019-12-02,MIN,SEA,30.0,37.0,67.0,48.0,-109.0,-102.0,2.5,1.0,51.0,0.0,0.0,0.0,0.01895292429585945,0.23919854956925507,-0.32815267709253354,0.8856653115720046,0.1303144003391793,134.38545454545454,0.043892846932980296,0.1361046594383439,0.0
2019_14_DAL_CHI,2019,14,2019-12-05,DAL,CHI,24.0,31.0,55.0,43.0,-108.0,-103.0,-3.0,9.0,44.0,0.0,0.0,0.0,-0.03486418244283193,0.13849177754447423,-0.3283911647974374,0.8643150774714241,0.11292493336199236,135.05833333333334,0.031205699268435885,0.10329728402680015,0.0
2019_14_CAR_ATL,2019,14,2019-12-08,CAR,ATL,20.0,40.0,60.0,48.0,-104.0,-107.0,3.5,0.0,,1.0,0.0,1.0,-0.0048338758728619785,0.1375372489485478,-0.21982212249493677,0.8715570278083451,0.1215260824435687,144.05833333333334,0.03776989991880369,0.13976431269269252,0.0
2019_14_BAL_BUF,2019,14,2019-12-08,BAL,BUF,24.0,17.0,41.0,44.0,-107.0,-104.0,-6.5,18.0,43.0,0.0,0.0,0.0,0.06888858903894973,0.19448814414484805,-0.04932451259313978,0.8876233193342824,0.11903687007698899,133.29583333333335,0.03377973484328356,0.12658492846839575,0.0
2019_14_CIN_CLE,2019,14,2019-12-08,CIN,CLE,19.0,27.0,46.0,43.0,106.0,-118.0,6.5,16.0,48.0,0.0,0.0,1.0,-0.0271327814000525,0.10844153375895149,-0.23012876076996255,0.8352029253888915,0.12490767604847573,134.05871212121212,0.038900797373955256,0.12350227312603834,0.0
2019_14_WAS_GB,2019,14,2019-12-08,WAS,GB,15.0,20.0,35.0,42.5,-110.0,-102.0,13.0,10.0,37.0,0.0,0.0,0.0,-0.028877764251677887,0.09779519671160851,-0.2247750722159818,0.8492997158959701,0.1095760370702223,122.42613636363636,0.03531851941743738,0.15523777698802238,0.3
2019_14_DEN_HOU,2019,14,2019-12-08,DEN,HOU,38.0,24.0,62.0,42.5,-106.0,-105.0,8.0,0.0,,1.0,0.0,0.0,-0.015853356166179375,0.11971542530060318,-0.21065255685981077,0.8433947281667722,0.11560569141964774,123.67954545454546,0.03437383938585335,0.1318453784275709,0.0
2019_14_DET_MIN,2019,14,2019-12-08,DET,MIN,7.0,20.0,27.0,43.5,102.0,-113.0,12.0,0.0,,1.0,0.0,1.0,0.06174647828618551,0.2644578793189267,-0.26530784876879765,0.8729868445316342,0.13192909945771203,134.3715909090909,0.03627797603926884,0.1180704810322585,0.0
2019_14_SF_NO,2019,14,2019-12-08,SF,NO,48.0,46.0,94.0,45.0,-104.0,-107.0,1.0,0.0,,1.0,0.0,0.0,-0.09043147210011422,0.03150912074095387,-0.3201004820330763,0.853327693268591,0.10749104079845957,128.98333333333335,0.04012382825628602,0.13948040078626345,0.0
2019_14_MIA_NYJ,2019,14,2019-12-08,MIA,NYJ,21.0,22.0,43.0,47.0,-109.0,-102.0,5.0,9.0,41.0,0.0,0.0,1.0,-0.08313646157618729,0.11252092072136359,-0.4252677983481145,0.8116566219468612,0.10409392411209245,129.23219696969696,0.03677160292731535,0.13541060464178892,0.0
2019_14_IND_TB,2019,14,2019-12-08,IND,TB,35.0,38.0,73.0,46.5,-106.0,-105.0,3.0,9.0,78.0,0.0,0.0,0.0,-0.052194691915930645,0.04622449137245582,-0.26619005857216443,0.8366107328897232,0.12120489712513843,138.05265151515152,0.04993248876964006,0.1280519158332173,0.0
2019_14_LAC_JAX,2019,14,2019-12-08,LAC,JAX,45.0,10.0,55.0,42.0,-106.0,-105.0,-3.5,7.0,62.0,0.0,0.0,0.0,-0.012654347518795496,0.13981555666996787,-0.2389540209560504,0.8600514671181867,0.12451267382779699,133.5443181818182,0.042181746670977543,0.11760594427478457,0.0
2019_14_PIT_ARI,2019,14,2019-12-08,PIT,ARI,23.0,17.0,40.0,43.5,-113.0,101.0,-2.5,0.0,,1.0,0.0,0.0,-0.08303855198757104,0.08479653649980706,-0.3537515540560874,0.8227249256351734,0.12162533219755758,128.32083333333333,0.04366885198291379,0.13262571312185328,0.0
2019_14_KC_NE,2019,14,2019-12-08,KC,NE,23.0,16.0,39.0,49.5,-115.0,103.0,3.0,8.0,32.0,0.0,0.0,0.0,-0.011615747470624167,0.10584848520360456,-0.19938409038895197,0.8690040738708854,0.11761273562813168,137.66916666666665,0.03515871236303086,0.11737140558259959,0.8
2019_14_SEA_LA,2019,14,2019-12-08,SEA,LA,12.0,28.0,40.0,47.5,-106.0,-105.0,1.0,4.0,60.0,0.0,0.0,1.0,-0.09587564016842616,0.07813738850697838,-0.3660505550967098,0.8603743829020712,0.11364698356541124,135.52916666666667,0.05070820622551897,0.1225494293012151,0.0
2019_14_NYG_PHI,2019,14,2019-12-09,NYG,PHI,17.0,23.0,40.0,45.5,-110.0,-101.0,9.5,11.0,53.0,0.0,0.0,1.0,-0.05051393769461985,0.1233001069402735,-0.35872692232512066,0.8329917387538412,0.11088884376747324,138.34583333333333,0.045797764609918454,0.12285356152181051,0.0
2019_15_NYJ_BAL,2019,15,2019-12-12,NYJ,BAL,21.0,42.0,63.0,44.0,-111.0,-100.0,17.0,3.0,33.0,0.0,1.0,0.0,-0.019089761720085432,0.14068563445338744,-0.24617700456013117,0.826743290058584,0.1032060025224055,131.65833333333333,0.03466842870107152,0.1324026632552029,0.7
2019_15_SEA_CAR,2019,15,2019-12-15,SEA,CAR,30.0,24.0,54.0,48.5,-106.0,-105.0,-6.0,5.0,56.0,0.0,0.0,0.0,-0.04706280310769234,0.028190109741780073,-0.19907307521987533,0.8928973462676982,0.119374314378073,138.8875,0.04982034010382735,0.1480387110186802,0.0
2019_15_NE_CIN,2019,15,2019-12-15,NE,CIN,34.0,13.0,47.0,42.0,101.0,-112.0,-10.5,6.0,36.0,0.0,0.0,0.0,-0.12928584558712142,-0.054046492707900295,-0.23323627291053609,0.8156827372635056,0.11666848722398082,138.73333333333335,0.03933128516534262,0.11362424548933707,0.4
2019_15_TB_DET,2019,15,2019-12-15,TB,DET,38.0,17.0,55.0,46.0,-111.0,-100.0,-5.5,0.0,,1.0,0.0,0.0,-0.019966061622323263,0.17731217213684555,-0.3620131940742555,0.8495468022115057,0.12837705472710023,139.3125,0.047998387982926424,0.11486543613265332,0.0
2019_15_CHI_GB,2019,15,2019-12-15,CHI,GB,13.0,21.0,34.0,40.0,-102.0,-109.0,4.0,7.0,11.0,0.0,0.0,1.0,-0.030932710702045136,0.0997847698681437,-0.27804308651333565,0.8499260044834832,0.11025556463269531,132.0,0.032765654699801694,0.11758903708962096,2.9
2019_15_DEN_KC,2019,15,2019-12-15,DEN,KC,3.0,23.0,26.0,43.0,-104.0,-107.0,10.0,8.0,24.0,0.0,0.0,1.0,0.01562129936801395,0.12728148670794323,-0.17091878139276181,0.8579314653511979,0.1197250559655911,128.69166666666666,0.03508972445840759,0.12315607245499133,1.6
2019_15_MIA_NYG,2019,15,2019-12-15,MIA,NYG,20.0,36.0,56.0,47.0,-109.0,-102.0,3.5,19.0,48.0,0.0,0.0,0.0,0.009640487620708592,0.23879637491811861,-0.3656666874981802,0.8467035619571317,0.11729831716054272,130.325,0.0403700645736131,0.10931000003916413,0.0
2019_15_HOU_TEN,2019,15,2019-12-15,HOU,TEN,24.0,21.0,45.0,50.0,-104.0,-107.0,3.0,4.0,45.0,0.0,0.0,1.0,0.07740797067075697,0.26761795754332773,-0.2174712477074543,0.8886395664350446,0.1311908130879217,122.75416666666666,0.040096362184804855,0.14546111067909262,0.0
2019_15_PHI_WAS,2019,15,2019-12-15,PHI,WAS,37.0,27.0,64.0,38.0,-100.0,-111.0,-7.0,13.0,52.0,0.0,0.0,1.0,-0.09306494790647614,0.030868486551137532,-0.3073361075177275,0.8219432099765664,0.11282626127566012,131.64999999999998,0.04198948341523888,0.16465294861705246,0.0
2019_15_CLE_ARI,2019,15,2019-12-15,CLE,ARI,24.0,38.0,62.0,49.0,-113.0,102.0,-3.0,0.0,,1.0,0.0,0.0,0.004653183698289362,0.16332130805811856,-0.23886142247847686,0.8579273233884418,0.12762086234350983,129.825,0.04282821457543237,0.13796367318984404,0.0
2019_15_MIN_LAC,2019,15,2019-12-15,MIN,LAC,39.0,10.0,49.0,45.0,-109.0,-102.0,-1.0,14.0,64.0,0.0,0.0,0.0,0.08152537097344495,0.2936308012365293,-0.23349456759926768,0.8909972735446685,0.1186016155638137,130.00416666666666,0.035538831886783036,0.10523635635209844,0.0
2019_15_LA_DAL,2019,15,2019-12-15,LA,DAL,21.0,44.0,65.0,48.5,-114.0,102.0,-1.0,0.0,,1.0,0.0,0.0,0.0034017898134348686,0.19070856322999236,-0.22718486678685562,0.8908965089603933,0.1264608084720915,135.1375,0.03590091710679412,0.1062751435512534,0.0
2019_15_ATL_SF,2019,15,2019-12-15,ATL,SF,29.0,22.0,51.0,50.0,-108.0,-103.0,10.5,6.0,55.0,0.0,0.0,0.0,0.005720072979469956,0.18576018670352318,-0.24829522780009217,0.8762790234735724,0.12328960469007585,137.35,0.04124381154271944,0.12862297467914968,0.0
2019_15_BUF_PIT,2019,15,2019-12-15,BUF,PIT,17.0,10.0,27.0,37.0,-106.0,-105.0,1.0,6.0,31.0,0.0,0.0,0.0,-0.14770235717782282,-0.015830370004988256,-0.2761876544647482,0.8144579446138591,0.10091961327366544,130.425,0.04630940227524258,0.14576896178582077,0.9
2019_15_IND_NO,2019,15,2019-12-16,IND,NO,7.0,34.0,41.0,48.5,101.0,-112.0,8.0,0.0,,1.0,0.0,0.0,0.030736055490568685,0.14859080792426216,-0.26045345119455027,0.8791942469583386,0.11973899936061094,130.73333333333335,0.0371679518749555,0.11601457950597098,0.0
2019_16_HOU_TB,2019,16,2019-12-21,HOU,TB,23.0,20.0,43.0,50.0,-103.0,-108.0,-3.0,11.0,73.0,0.0,0.0,0.0,0.042360770658399396,0.24028306329035834,-0.2544608255948063,0.8504224835362391,0.13584112582541724,134.575,0.048345578294422514,0.11014358198319973,0.0
2019_16_BUF_NE,2019,16,2019-12-21,BUF,NE,17.0,24.0,41.0,39.5,-110.0,-101.0,7.0,2.0,33.0,0.0,0.0,1.0,-0.1800955671412178,-0.1256072702698099,-0.2057455702953584,0.8060464248409946,0.10180097747281035,138.2625,0.043564534207031075,0.12511745266161317,0.7
2019_16_LA_SF,2019,16,2019-12-21,LA,SF,31.0,34.0,65.0,45.5,-101.0,-110.0,7.0,12.0,58.0,0.0,0.0,1.0,-0.01734541157792672,0.1418441544211025,-0.22596691080389164,0.869169892270663,0.1210182578259426,131.04107142857146,0.038101352355415945,0.12311239775372154,0.0
2019_16_JAX_ATL,2019,16,2019-12-22,JAX,ATL,12.0,24.0,36.0,48.0,-110.0,-102.0,7.5,0.0,,1.0,0.0,0.0,0.05953262629412062,0.24271288790732287,-0.18264370823649323,0.8769000165688168,0.1266656807693427,142.14285714285714,0.03495014539392359,0.11340216601392471,0.0
2019_16_BAL_CLE,2019,16,2019-12-22,BAL,CLE,31.0,15.0,46.0,48.5,-105.0,-106.0,-9.5,10.0,49.0,0.0,0.0,1.0,0.09724672680211234,0.21577259713379246,-0.03150477776536756,0.8872261774591864,0.12442902636435951,131.6767857142857,0.041395257138726896,0.11454317706070624,0.0
2019_16_CAR_IND,2019,16,2019-12-22,CAR,IND,6.0,38.0,44.0,46.0,-106.0,-105.0,7.5,0.0,,1.0,0.0,0.0,0.025072445221220825,0.1099233306188101,-0.12247580207075881,0.8912491606572863,0.11410041330890602,135.6125,0.040685400137331025,0.13416115058224815,0.0
2019_16_CIN_MIA,2019,16,2019-12-22,CIN,MIA,35.0,38.0,73.0,46.0,-110.0,-101.0,-1.5,15.0,76.0,0.0,0.0,0.0,-0.0005630694355358012,0.13546982358358906,-0.23855629367821318,0.8631100453596321,0.12357780401060509,132.25178571428572,0.040814791564646374,0.10834668980562631,0.0
2019_16_PIT_NYJ,2019,16,2019-12-22,PIT,NYJ,10.0,16.0,26.0,36.5,-101.0,-111.0,-3.0,6.0,45.0,0.0,0.0,0.0,-0.17763053626097375,-0.0054088523420219164,-0.4106354645478236,0.7979372171583559,0.09950496381049231,125.39821428571429,0.051480180475031195,0.13766711488032207,0.0
2019_16_NO_TEN,2019,16,2019-12-22,NO,TEN,38.0,28.0,66.0,49.0,-111.0,-101.0,-3.5,4.0,50.0,0.0,0.0,0.0,0.06687806726014109,0.25814225399900864,-0.28486930650891795,0.899399230730473,0.13181622680378374,122.73214285714286,0.033724834944310916,0.13114142976965182,0.0
2019_16_NYG_WAS,2019,16,2019-12-22,NYG,WAS,41.0,35.0,76.0,42.0,101.0,-113.0,-1.0,6.0,44.0,0.0,0.0,1.0,-0.05912230378123678,0.06934177583050963,-0.25135644606037333,0.833714222360485,0.12046638722043525,121.40357142857142,0.0462496212421681,0.1398487200178953,0.0
2019_16_DET_DEN,2019,16,2019-12-22,DET,DEN,17.0,27.0,44.0,40.0,-104.0,-107.0,9.5,3.0,67.0,0.0,0.0,0.0,-0.0692572365663264,0.0980385635907143,-0.3041349329976065,0.8274531353602766,0.11763144493119174,129.0,0.03970938048003201,0.12142095919085183,0.0
2019_16_DAL_PHI,2019,16,2019-12-22,DAL,PHI,9.0,17.0,26.0,47.0,-107.0,-104.0,-2.0,7.0,47.0,0.0,0.0,1.0,0.05582231444882011,0.20704509745041724,-0.19962760694589107,0.9061107257320298,0.12167603891851302,143.4714285714286,0.034532141406512146,0.10799032133292388,0.0
2019_16_ARI_SEA,2019,16,2019-12-22,ARI,SEA,27.0,13.0,40.0,51.0,-105.0,-106.0,8.0,7.0,43.0,0.0,0.0,1.0,0.04830995017982843,0.20109262485877483,-0.20410201589325416,0.9151318215565607,0.12502879054723676,131.41964285714286,0.04611156180825847,0.12487241144727705,0.0
2019_16_KC_CHI,2019,16,2019-12-22,KC,CHI,26.0,3.0,29.0,45.5,103.0,-115.0,-6.5,10.0,45.0,0.0,0.0,0.0,-0.020175465925409593,0.10778552214670847,-0.28953363031406154,0.8584291743213015,0.11623797893418199,136.1625,0.03500917846783323,0.1052820359436839,0.0
2019_16_GB_MIN,2019,16,2019-12-23,GB,MIN,23.0,10.0,33.0,47.0,-101.0,-110.0,4.0,0.0,,1.0,0.0,1.0,0.001869765987017307,0.15877977938852791,-0.23420792871928833,0.8612551688749981,0.11829440000360551,128.41250000000002,0.04201790450865055,0.12107428617342027,0.0
2019_17_NYJ_BUF,2019,17,2019-12-29,NYJ,BUF,13.0,6.0,19.0,37.0,-106.0,-105.0,-1.5,7.0,43.0,0.0,0.0,1.0,-0.1187911427826912,0.019733837968298473,-0.28946272760383746,0.8070221817127843,0.10210438428137292,128.4552380952381,0.038115774833028145,0.13358832848707067,0.0
2019_17_NO_CAR,2019,17,2019-12-29,NO,CAR,42.0,10.0,52.0,45.0,-103.0,-108.0,-13.5,9.0,63.0,0.0,0.0,1.0,0.04978785018104623,0.14645153689234627,-0.13740697233142762,0.8967923126723351,0.11995984028085531,134.39249999999998,0.034166226373318884,0.13696000166384886,0.0
2019_17_CLE_CIN,2019,17,2019-12-29,CLE,CIN,23.0,33.0,56.0,44.0,-103.0,-108.0,-2.5,7.0,64.0,0.0,0.0,1.0,0.03339765993510887,0.1346441232813656,-0.1402837264913184,0.8667038980366425,0.1259978129182777,133.4063095238095,0.04140122550034411,0.10199911695445765,0.0
2019_17_GB_DET,2019,17,2019-12-29,GB,DET,23.0,20.0,43.0,44.0,-101.0,-110.0,-13.5,0.0,,1.0,0.0,1.0,-0.038294788417744655,0.07536068103070187,-0.2240899919445912,0.8474407463233464,0.11431936003977551,130.60535714285714,0.03531099152004526,0.1201678011395387,0.0
2019_17_LAC_KC,2019,17,2019-12-29,LAC,KC,21.0,31.0,52.0,46.0,-108.0,-103.0,10.0,16.0,40.0,0.0,0.0,1.0,0.04916375037230574,0.2257969982730808,-0.23836737788032647,0.881907121740359,0.11175709045422791,130.6,0.040706330073273456,0.095398910997871,0.0
2019_17_CHI_MIN,2019,17,2019-12-29,CHI,MIN,21.0,19.0,40.0,36.5,-110.0,-101.0,-5.5,0.0,,1.0,0.0,1.0,-0.11041943931761794,0.042004275459183386,-0.3382336991810183,0.8389449390952376,0.09902394161273032,130.10357142857143,0.04167691233515221,0.111665324061449,0.0
2019_17_MIA_NE,2019,17,2019-12-29,MIA,NE,27.0,24.0,51.0,46.0,-107.0,-104.0,17.5,2.0,43.0,0.0,0.0,1.0,-0.03914523031189304,0.10826217306652966,-0.28180991160181224,0.8429657849795948,0.11473666613636935,140.975,0.03983424728156524,0.10918542118916047,0.0
2019_17_ATL_TB,2019,17,2019-12-29,ATL,TB,28.0,22.0,50.0,48.0,-104.0,-107.0,1.0,12.0,78.0,0.0,0.0,1.0,-0.018622405580563935,0.17264460909894208,-0.33124818666261824,0.8606819321884716,0.1222541114583029,143.57583333333332,0.04780382766630291,0.11002862045044179,0.0
2019_17_PIT_BAL,2019,17,2019-12-29,PIT,BAL,10.0,28.0,38.0,35.0,-104.0,-107.0,-2.0,7.0,46.0,0.0,0.0,1.0,-0.05518631927851625,0.11400132703877718,-0.25804703666844614,0.839312637163875,0.10541987808677586,127.33416666666666,0.051560216672786756,0.1221505958746168,0.0
2019_17_WAS_DAL,2019,17,2019-12-29,WAS,DAL,16.0,47.0,63.0,47.5,-106.0,-105.0,13.0,0.0,,1.0,0.0,1.0,0.08207229022143063,0.23016091817025375,-0.14032411622294622,0.9035171679239478,0.12712976148524177,128.5325,0.03158307709719463,0.12831785742256252,0.0
2019_17_TEN_HOU,2019,17,2019-12-29,TEN,HOU,35.0,14.0,49.0,43.0,-107.0,-104.0,-10.0,0.0,,1.0,0.0,1.0,0.06259662181537307,0.24734688100258842,-0.2217595035306209,0.8704559080344053,0.13294089118104635,124.68749999999999,0.044285321023459404,0.14197108464157723,0.0
2019_17_IND_JAX,2019,17,2019-12-29,IND,JAX,20.0,38.0,58.0,41.5,-104.0,-107.0,-5.0,0.0,,0.0,0.0,1.0,0.029972287057989086,0.15619911792205216,-0.15851022527641628,0.8653956343619913,0.12669688469878893,133.66071428571428,0.038293939711552386,0.12304208643744659,0.0
2019_17_ARI_LA,2019,17,2019-12-29,ARI,LA,24.0,31.0,55.0,46.0,-107.0,-104.0,7.0,0.0,62.0,0.0,0.0,1.0,0.011964489095505976,0.1407889684824845,-0.1604399845564063,0.8814942761412629,0.12578570621028812,133.04833333333335,0.03563444224908591,0.12780601000712383,0.0
2019_17_PHI_NYG,2019,17,2019-12-29,PHI,NYG,34.0,17.0,51.0,44.0,-101.0,-110.0,-4.0,5.0,42.0,0.0,0.0,1.0,0.051100233959850125,0.23121758125179345,-0.27446245751432796,0.8753527679301554,0.12440713514897149,138.4825,0.03666096114729145,0.10417747124291349,0.0
2019_17_SF_SEA,2019,17,2019-12-29,SF,SEA,26.0,21.0,47.0,47.0,-109.0,-102.0,-3.5,3.0,51.0,0.0,0.0,1.0,0.01167017402496797,0.13771577130044968,-0.19461140175084912,0.893451184086733,0.12450815626717163,130.72,0.0446694787554105,0.12623702422342625,0.0
2020_05_TB_CHI,2020,5,2020-10-08,TB,CHI,19.0,20.0,39.0,44.0,-102.0,-109.0,-3.5,7.0,57.0,0.0,1.0,0.0,-0.022530795302437283,0.15494597911217944,-0.27872478981040416,0.8392729292216373,0.11332523874393277,134.75,0.041432014396462255,0.10107030589131338,0.0
2020_05_CAR_ATL,2020,5,2020-10-11,CAR,ATL,23.0,16.0,39.0,53.5,-104.0,-107.0,2.5,0.0,,1.0,0.0,1.0,0.1767868592019548,0.4081334694601654,-0.22638852418026595,0.9430229824061801,0.12191753780625328,139.25,0.033927236022237586,0.0742333704416206,0.0
2020_05_CIN_BAL,2020,5,2020-10-11,CIN,BAL,3.0,27.0,30.0,49.0,-108.0,-103.0,12.5,3.0,69.0,0.0,0.0,1.0,0.11710951670938892,0.2808034061206144,-0.15940359213362593,0.9045391813450103,0.1250089006689757,133.25,0.03542911224722892,0.1224568274419377,0.0
2020_05_JAX_HOU,2020,5,2020-10-11,JAX,HOU,14.0,30.0,44.0,55.0,-103.0,-108.0,6.5,0.0,,1.0,0.0,1.0,0.2725942588409722,0.4934508755971378,-0.037860441066119646,0.9924545200639097,0.12413766693473482,121.25,0.023202682617969247,0.14430127684531774,0.0
2020_05_LV_KC,2020,5,2020-10-11,LV,KC,40.0,32.0,72.0,54.5,-109.0,-102.0,11.0,16.0,80.0,0.0,0.0,1.0,0.22418665830715423,0.3553903763137809,-0.004036657037662393,0.98531750455617,0.1036168789407238,137.25,0.03196447629470302,0.08046432267964584,0.0
2020_05_ARI_NYJ,2020,5,2020-10-11,ARI,NYJ,30.0,10.0,40.0,48.5,100.0,-112.0,-7.0,8.0,64.0,0.0,0.0,0.0,0.041842961927117214,0.19733485296059267,-0.18461906122001231,0.882022203723301,0.10807066898944806,134.25,0.036092192428068326,0.10520842977106018,0.0
2020_05_LA_WAS,2020,5,2020-10-11,LA,WAS,30.0,10.0,40.0,45.0,-103.0,-108.0,-7.0,2.0,69.0,0.0,0.0,0.0,0.03329339975207866,0.07007502016301859,0.06833519164149149,0.8797077236688864,0.11112862527713173,132.25,0.043848793825438236,0.136090047497417,0.0
2020_05_MIA_SF,2020,5,2020-10-11,MIA,SF,43.0,17.0,60.0,50.5,-101.0,-110.0,8.5,6.0,73.0,0.0,0.0,0.0,0.13231523431286846,0.30112312180762046,-0.14260907921417268,0.9627587598140465,0.10779974756132632,133.75,0.037779574293244786,0.11282286072209376,0.0
2020_05_IND_CLE,2020,5,2020-10-11,IND,CLE,23.0,32.0,55.0,48.5,101.0,-112.0,1.0,16.0,64.0,0.0,0.0,0.0,0.06885576329154282,0.2824459559659497,-0.21400178412445486,0.8956826420767102,0.1102850638342979,133.75,0.04538484336771424,0.10312417378776625,0.0
2020_05_NYG_DAL,2020,5,2020-10-11,NYG,DAL,34.0,37.0,71.0,52.0,-104.0,-107.0,7.5,0.0,,1.0,0.0,1.0,0.08111051736811536,0.24202842914388853,-0.178952247338307,0.9037722002695122,0.11308610046864136,142.0,0.04003399009673218,0.11694171369755979,0.0
2020_05_MIN_SEA,2020,5,2020-10-11,MIN,SEA,26.0,27.0,53.0,54.0,100.0,-112.0,6.5,10.0,54.0,0.0,0.0,0.0,0.25401017793407216,0.43224508722801913,-0.07001784475232262,1.0020144471251318,0.1448938310689225,123.25,0.03751703842862939,0.10922183480770953,0.0
2020_05_LAC_NO,2020,5,2020-10-12,LAC,NO,27.0,30.0,57.0,49.5,106.0,-118.0,7.0,0.0,,1.0,0.0,0.0,0.10230679854069599,0.3515130740290284,-0.28891258565678046,0.9139722471456666,0.10254045725082836,134.5,0.03148470830356175,0.0920336582179579,0.0
2020_06_CHI_CAR,2020,6,2020-10-18,CHI,CAR,23.0,16.0,39.0,45.0,-111.0,-100.0,2.0,6.0,63.0,0.0,0.0,0.0,0.03929483777372236,0.16923784757342392,-0.1520413334628562,0.8815536801519254,0.11395729209609334,132.0,0.03735524876572478,0.08536414570174487,0.0
2020_06_CIN_IND,2020,6,2020-10-18,CIN,IND,27.0,31.0,58.0,46.0,-106.0,-105.0,7.5,0.0,,1.0,0.0,0.0,-0.03156369990996563,0.09369870462930477,-0.2222249714702893,0.8560890088192472,0.10365761224656991,138.60750000000002,0.04048415243450897,0.10956293954959816,0.0
2020_06_DET_JAX,2020,6,2020-10-18,DET,JAX,34.0,16.0,50.0,52.5,-112.0,100.0,-3.0,10.0,78.0,0.0,0.0,0.0,0.268666807401657,0.4456088727074575,0.024443883989516302,0.9981047267678822,0.11800081445361703,133.6725,0.03114117508803067,0.10714739700011547,0.0
2020_06_ATL_MIN,2020,6,2020-10-18,ATL,MIN,40.0,23.0,63.0,53.0,-115.0,103.0,3.5,0.0,,1.0,0.0,0.0,0.1791357856059532,0.34148259733714137,-0.0701492147699805,0.9631705937188514,0.13885034468642196,135.48000000000002,0.03164028974452381,0.10910184887651346,0.0
2020_06_DEN_NE,2020,6,2020-10-18,DEN,NE,18.0,12.0,30.0,43.5,-113.0,101.0,7.0,7.0,58.0,0.0,0.0,0.0,0.03193628323205036,0.08406252919085314,-0.15757750377869156,0.931365223824586,0.11634936975818161,135.0,0.04818089814083937,0.10316217575133822,0.0
2020_06_WAS_NYG,2020,6,2020-10-18,WAS,NYG,19.0,20.0,39.0,42.5,103.0,-114.0,2.0,0.0,62.0,0.0,0.0,1.0,-0.07403217135103306,0.055540831491705876,-0.17802987465664083,0.8396418627049547,0.09600818015924135,127.47500000000002,0.045007896342533465,0.1544965416824421,0.0
2020_06_BAL_PHI,2020,6,2020-10-18,BAL,PHI,30.0,28.0,58.0,46.5,-107.0,-104.0,-10.5,7.0,61.0,0.0,0.0,0.0,0.03149681687043633,0.1128230014197378,-0.05836119462872104,0.8661057543463125,0.11367113253550241,129.04500000000002,0.044322525549466765,0.14890063906332987,0.0
2020_06_CLE_PIT,2020,6,2020-10-18,CLE,PIT,7.0,38.0,45.0,50.0,-105.0,-106.0,3.0,9.0,61.0,0.0,0.0,1.0,0.15318912800504453,0.35687339858738965,-0.18410750550593505,0.8933321695659595,0.12262224213023037,135.8775,0.04585160838634519,0.1203973019175151,0.0
2020_06_HOU_TEN,2020,6,2020-10-18,HOU,TEN,36.0,42.0,78.0,52.0,104.0,-116.0,4.0,10.0,61.0,0.0,1.0,1.0,0.22532065112382782,0.4197772389592564,-0.040903309665808255,0.9768995175063153,0.12198589144898607,127.13,0.030289183140453837,0.1115677056201336,0.0
2020_06_NYJ_MIA,2020,6,2020-10-18,NYJ,MIA,0.0,24.0,24.0,46.0,-116.0,104.0,9.5,15.0,85.0,0.0,0.0,1.0,0.10356594897842605,0.29832602497418576,-0.1505086642918315,0.9301208173177165,0.1145133240677149,133.4875,0.03676929543052136,0.1036762501645977,0.0
2020_06_GB_TB,2020,6,2020-10-18,GB,TB,10.0,38.0,48.0,55.0,102.0,-114.0,-3.0,12.0,88.0,0.0,0.0,0.0,0.20021081789453565,0.3995005788999133,-0.13456955468204315,0.9364302517940368,0.12570548530677106,135.10750000000002,0.030368076162276988,0.10290650059253874,0.0
2020_06_LA_SF,2020,6,2020-10-18,LA,SF,16.0,24.0,40.0,51.0,-110.0,-102.0,-2.0,10.0,86.0,0.0,0.0,1.0,0.04793709202788138,0.22585330220116548,-0.10770278059602348,0.898154669086149,0.1123918177446907,131.825,0.03774194961569663,0.13808867232582706,0.0
2020_06_KC_BUF,2020,6,2020-10-19,KC,BUF,26.0,17.0,43.0,55.0,-102.0,-109.0,-5.5,6.0,51.0,0.0,0.0,0.0,0.27164206935546853,0.45939504818285903,-0.033791273730685883,0.959888380937901,0.12678566176735234,134.86,0.03531886033639562,0.08743821410169017,0.0
2020_06_ARI_DAL,2020,6,2020-10-19,ARI,DAL,38.0,10.0,48.0,55.5,-114.0,102.0,1.0,0.0,,1.0,0.0,0.0,0.18263353385022307,0.2936494040506042,0.0028275852606040874,0.9649575614082706,0.12631548844366802,146.215,0.03301604765455081,0.09686836484819343,0.0
2020_07_NYG_PHI,2020,7,2020-10-22,NYG,PHI,21.0,22.0,43.0,44.5,-104.0,-107.0,5.0,4.0,70.0,0.0,1.0,1.0,-0.006084776055300747,0.1261110468789676,-0.1975496604679622,0.8547857714493382,0.10156307139102702,130.3875,0.04168121894059282,0.1484098834139833,0.0
2020_07_DET_ATL,2020,7,2020-10-25,DET,ATL,23.0,22.0,45.0,54.0,-106.0,-105.0,1.0,0.0,,1.0,0.0,0.0,0.21617112075736022,0.40391070699813514,-0.1020327721091916,0.9622254557229382,0.12610552169193462,137.98916666666668,0.031326067439885114,0.08822951485379282,0.0
2020_07_CLE_CIN,2020,7,2020-10-25,CLE,CIN,37.0,34.0,71.0,50.0,102.0,-114.0,-4.5,8.0,48.0,0.0,0.0,1.0,0.05058241887526746,0.14270594500051137,-0.11073037014902679,0.9022812517184904,0.11980120157998284,138.60416666666666,0.04424980142639601,0.11899275727307394,0.0
2020_07_GB_HOU,2020,7,2020-10-25,GB,HOU,35.0,20.0,55.0,55.5,-101.0,-110.0,-2.5,0.0,,1.0,0.0,0.0,0.30195322843082073,0.5014667219878669,-0.023192991316100274,0.9688452177027836,0.13918521495578107,125.34416666666667,0.02184181776645979,0.12513790272358394,0.0
2020_07_CAR_NO,2020,7,2020-10-25,CAR,NO,24.0,27.0,51.0,49.5,-101.0,-110.0,7.0,0.0,,1.0,0.0,1.0,0.15481532713755555,0.3578313304963546,-0.15863419672376883,0.939437775221879,0.10376661793667781,131.32083333333333,0.03198137170094084,0.08347210639529119,0.0
2020_07_BUF_NYJ,2020,7,2020-10-25,BUF,NYJ,18.0,10.0,28.0,47.0,103.0,-115.0,-9.5,8.0,52.0,0.0,0.0,1.0,0.11300234245141788,0.30733589754297835,-0.17628480299283317,0.9192227711932672,0.1082359723326767,131.39166666666665,0.038426060794105155,0.08758374266562037,0.0
2020_07_PIT_TEN,2020,7,2020-10-25,PIT,TEN,27.0,24.0,51.0,51.0,-100.0,-111.0,1.0,3.0,55.0,0.0,0.0,0.0,0.18906055458069182,0.4001596221158472,-0.12694494049554703,0.9233396026596452,0.11824240616170788,137.6925,0.035960958958159206,0.11407194393054099,0.0
2020_07_DAL_WAS,2020,7,2020-10-25,DAL,WAS,3.0,25.0,28.0,44.5,-107.0,-104.0,-1.0,5.0,46.0,0.0,0.0,1.0,0.07606958308525008,0.15762689869994373,0.012017473465081155,0.8869580697293192,0.11435635351180799,144.78333333333333,0.04281434145689242,0.12397820992659545,0.0
2020_07_TB_LV,2020,7,2020-10-25,TB,LV,45.0,20.0,65.0,51.5,-105.0,-106.0,-3.5,0.0,,1.0,0.0,0.0,0.1299753052136538,0.31842489003186736,-0.1749149397239466,0.8899974121306233,0.11842404361432149,136.15666666666667,0.03701818181623017,0.09352608455106816,0.0
2020_07_KC_DEN,2020,7,2020-10-25,KC,DEN,43.0,16.0,59.0,46.0,-100.0,-111.0,-7.0,11.0,14.0,0.0,0.0,1.0,0.04960929469562123,0.16345191604968012,-0.1431394491651311,0.889074571090491,0.11833714009122334,134.63,0.04298215493386763,0.10771191947064243,2.6
2020_07_JAX_LAC,2020,7,2020-10-25,JAX,LAC,29.0,39.0,68.0,48.0,102.0,-113.0,8.0,0.0,,1.0,0.0,0.0,0.1105337403846712,0.3452801157258697,-0.26871149192419663,0.9046730077465411,0.11156676815650443,137.11166666666668,0.035116766868676735,0.0887540535574355,0.0
2020_07_SF_NE,2020,7,2020-10-25,SF,NE,33.0,6.0,39.0,44.0,101.0,-113.0,3.0,7.0,49.0,0.0,0.0,0.0,0.031130055805843198,0.15060328729695796,-0.15167187463327483,0.9266490571151789,0.11247918574243057,135.00916666666666,0.05104081161686776,0.11405275044969308,0.0
2020_07_SEA_ARI,2020,7,2020-10-25,SEA,ARI,34.0,37.0,71.0,55.5,-103.0,-108.0,-3.5,0.0,,1.0,0.0,1.0,0.22072575835619557,0.38093250297069314,-0.0862390732036984,0.9583313516618887,0.12440014876818606,129.38166666666666,0.03531850012034647,0.0988679265732622,0.0
2020_07_CHI_LA,2020,7,2020-10-26,CHI,LA,10.0,24.0,34.0,44.0,-102.0,-109.0,6.5,0.0,,1.0,0.0,0.0,0.0008092883769338435,0.10683203909533096,-0.0946439755226851,0.8439978522882781,0.10200945473937131,129.3,0.03394496488256586,0.1069861060626012,0.0
2020_08_ATL_CAR,2020,8,2020-10-29,ATL,CAR,25.0,17.0,42.0,52.0,-101.0,-110.0,1.5,8.0,76.0,0.0,1.0,1.0,0.20932821089442671,0.4721769674081379,-0.2541437643329739,0.9643346310971023,0.12932267342578357,135.475,0.030765207218581534,0.07115713604916646,0.0
2020_08_PIT_BAL,2020,8,2020-11-01,PIT,BAL,28.0,24.0,52.0,44.0,-103.0,-108.0,4.0,7.0,52.0,0.0,0.0,1.0,0.024659690733110678,0.14600126762766885,-0.1847084934900477,0.8437686990991098,0.12235904431956159,130.83333333333331,0.03898427080976714,0.1469645837068042,0.0
2020_08_NE_BUF,2020,8,2020-11-01,NE,BUF,21.0,24.0,45.0,41.0,-109.0,-102.0,4.0,17.0,41.0,0.0,0.0,1.0,0.119583088890056,0.21389730994556325,-0.05176870858387826,0.9878776854684361,0.10775359050854999,128.39880952380952,0.05647519027302704,0.10322041046870226,0.0
2020_08_TEN_CIN,2020,8,2020-11-01,TEN,CIN,20.0,31.0,51.0,49.5,103.0,-115.0,-7.5,24.0,48.0,0.0,0.0,0.0,0.2400939829840008,0.43129846118268855,-0.05716339987935247,0.9517620951916688,0.1301234657536499,141.56845238095235,0.03754746356827978,0.08740607688010603,0.0
2020_08_LV_CLE,2020,8,2020-11-01,LV,CLE,16.0,6.0,22.0,48.0,105.0,-117.0,1.0,35.0,49.0,0.0,0.0,0.0,0.2366618714596288,0.4178641320174916,-0.0672934734887088,0.9790413279228317,0.13454674885851967,131.04226190476192,0.039105009758868235,0.088484549918184,0.0
2020_08_IND_DET,2020,8,2020-11-01,IND,DET,41.0,21.0,62.0,49.0,-109.0,-102.0,-3.5,0.0,,1.0,0.0,0.0,0.11470805727415118,0.2866400952046493,-0.13169036949121976,0.9044704544220707,0.11377389398633714,128.64166666666665,0.037205283020985816,0.08735538985932625,0.0
2020_08_MIN_GB,2020,8,2020-11-01,MIN,GB,28.0,22.0,50.0,47.0,-109.0,-102.0,5.5,23.0,34.0,0.0,0.0,1.0,0.2141383583454212,0.463901606232622,-0.18833324177484964,0.9780434190980619,0.13141521979028775,128.74166666666667,0.029431392342906697,0.10910185578527612,0.6
2020_08_NYJ_KC,2020,8,2020-11-01,NYJ,KC,9.0,35.0,44.0,49.0,-106.0,-105.0,20.0,11.0,52.0,0.0,0.0,0.0,0.040974084954367426,0.13209552208571174,-0.09262232590501818,0.9065012333644811,0.11033687609270929,130.84642857142856,0.04156937573562175,0.1114257650125267,0.0
2020_08_LA_MIA,2020,8,2020-11-01,LA,MIA,17.0,28.0,45.0,46.5,-111.0,-100.0,-3.5,10.0,86.0,0.0,0.0,0.0,0.007747442389338589,0.15596492888882318,-0.11382356912309505,0.9152634758014316,0.09840346648437902,128.4815476190476,0.03673169727304734,0.11582471802279405,0.0
2020_08_LAC_DEN,2020,8,2020-11-01,LAC,DEN,30.0,31.0,61.0,44.5,-105.0,-106.0,-3.0,10.0,64.0,0.0,0.0,1.0,-0.07918798215540856,0.0419329285759575,-0.3148563887057955,0.8474769062508416,0.11567887279183928,137.775,0.04099646160236779,0.1266237490194467,0.0
2020_08_NO_CHI,2020,8,2020-11-01,NO,CHI,26.0,23.0,49.0,41.0,-102.0,-109.0,-5.5,20.0,40.0,0.0,0.0,0.0,0.0695930020715983,0.265770132714477,-0.2314468438279585,0.8928700829384122,0.09663149683760944,130.78452380952382,0.029757196585709453,0.09708126289316307,0.0
2020_08_SF_SEA,2020,8,2020-11-01,SF,SEA,27.0,37.0,64.0,54.5,-108.0,-103.0,1.0,4.0,55.0,0.0,0.0,1.0,0.14880686539808996,0.3574335288508008,-0.11458252276543082,0.9608184862225908,0.11921904063021593,134.42619047619047,0.046973022195709,0.10249089808829527,0.0
2020_08_DAL_PHI,2020,8,2020-11-01,DAL,PHI,9.0,23.0,32.0,43.0,-106.0,-105.0,10.0,17.0,49.0,0.0,0.0,1.0,0.0949073129536158,0.1796087643054612,-0.031855920048541445,0.892265321349828,0.11160639781621799,145.5339285714286,0.03915443061242711,0.13995879245206114,0.0
2020_08_TB_NYG,2020,8,2020-11-02,TB,NYG,25.0,23.0,48.0,47.0,103.0,-115.0,-13.0,8.0,39.0,0.0,0.0,0.0,-0.0018407743377463481,0.1767811784302691,-0.2810999496302756,0.8556670095178412,0.10413957396112448,127.98392857142858,0.0427409990789938,0.11597807934280219,0.1
2020_09_GB_SF,2020,9,2020-11-05,GB,SF,34.0,17.0,51.0,48.5,101.0,-113.0,-6.0,5.0,78.0,0.0,1.0,0.0,0.22294460108759145,0.5027759098101701,-0.11723461709855981,0.9556630904118438,0.11230075969227159,133.26517857142858,0.02940373886232341,0.0984759176595991,0.0
2020_09_DEN_ATL,2020,9,2020-11-08,DEN,ATL,27.0,34.0,61.0,50.0,-110.0,-101.0,4.5,0.0,,1.0,0.0,0.0,0.04878255997660834,0.20728771213109992,-0.24162538225470848,0.9022146405341703,0.13252941324705078,138.36517857142857,0.04188893757008001,0.11198388631979325,0.0
2020_09_SEA_BUF,2020,9,2020-11-08,SEA,BUF,34.0,44.0,78.0,55.0,-110.0,-101.0,-3.0,4.0,69.0,0.0,0.0,0.0,0.2668875043878566,0.43269854132027047,-0.025793771839745752,1.0080812062737055,0.11263238031441829,129.63125,0.038358754099453246,0.09607660429714601,0.0
2020_09_BAL_IND,2020,9,2020-11-08,BAL,IND,24.0,10.0,34.0,48.0,102.0,-114.0,1.0,0.0,,1.0,0.0,0.0,0.003280376039366057,0.13178253841204057,-0.18880007774519375,0.8477412299558243,0.11953188776086274,130.68392857142857,0.04428113947807106,0.12514885907670503,0.0
2020_09_HOU_JAX,2020,9,2020-11-08,HOU,JAX,27.0,25.0,52.0,49.0,-104.0,-107.0,-7.0,14.0,79.0,0.0,0.0,1.0,0.266158819520756,0.4949947829920489,-0.13960994840342844,0.9577094297127083,0.13641392152277293,128.1875,0.02871153353536613,0.11099758970886703,0.0
2020_09_CAR_KC,2020,9,2020-11-08,CAR,KC,31.0,33.0,64.0,51.5,-109.0,-102.0,10.0,19.0,71.0,0.0,0.0,0.0,0.18380044850875127,0.34842954111886476,-0.09727555939897518,0.9545513536317302,0.12266011789872147,126.64999999999999,0.03559584479847522,0.08293114339942109,0.0
2020_09_DET_MIN,2020,9,2020-11-08,DET,MIN,20.0,34.0,54.0,51.5,-104.0,-108.0,3.0,0.0,,1.0,0.0,1.0,0.21676346586313217,0.4769924453451455,-0.1532399185676581,0.9525425933120335,0.12417959360953211,126.88571428571429,0.03256069369017363,0.11193838829828011,0.0
2020_09_CHI_TEN,2020,9,2020-11-08,CHI,TEN,17.0,24.0,41.0,46.5,-105.0,-106.0,6.5,14.0,77.0,0.0,0.0,0.0,0.12704057900084176,0.2969821978219567,-0.1064004224382646,0.9008017809205703,0.1016841032855627,132.2625,0.032777941981655,0.08130674933554233,0.0
2020_09_NYG_WAS,2020,9,2020-11-08,NYG,WAS,23.0,20.0,43.0,43.0,-109.0,-102.0,3.0,1.0,75.0,0.0,0.0,1.0,-0.036033877373007187,0.11644063745259642,-0.19856153726013667,0.8476306002876677,0.09410418389859918,127.74375,0.043205346255264954,0.14843696284654154,0.0
2020_09_LV_LAC,2020,9,2020-11-08,LV,LAC,31.0,26.0,57.0,52.5,-109.0,-102.0,-1.0,0.0,,1.0,0.0,1.0,0.16011492918604592,0.35284488481493864,-0.1752466391250444,0.90589626732619,0.11980511979525288,141.84107142857144,0.026433176681776194,0.08524214894417917,0.0
2020_09_MIA_ARI,2020,9,2020-11-08,MIA,ARI,34.0,31.0,65.0,49.0,-103.0,-108.0,6.0,0.0,,1.0,0.0,0.0,0.05705031168978002,0.15038557615685955,-0.05725082160686407,0.9586372848290361,0.1067146478913431,130.61071428571427,0.043222746938736456,0.09390214423171596,0.0
2020_09_PIT_DAL,2020,9,2020-11-08,PIT,DAL,24.0,19.0,43.0,44.0,-108.0,-103.0,-14.0,0.0,,1.0,0.0,0.0,0.016198720823949436,0.07334354637277306,-0.10847776159344381,0.8782525494879585,0.10437496490222845,141.49553571428572,0.04424613461745454,0.13740854653453932,0.0
2020_09_NO_TB,2020,9,2020-11-08,NO,TB,38.0,3.0,41.0,51.0,-105.0,-106.0,3.0,17.0,77.0,0.0,0.0,1.0,0.12275911762040553,0.3343066164132662,-0.22102905096622197,0.8924626375156961,0.10631381564862263,136.1732142857143,0.028257094925225112,0.1032884683491832,0.0
2020_09_NE_NYJ,2020,9,2020-11-09,NE,NYJ,30.0,27.0,57.0,41.5,-106.0,-105.0,-9.5,2.0,61.0,0.0,0.0,1.0,-0.021410134560887466,0.01569815089789725,-0.1281925776934807,0.9299199038143259,0.10592983064014168,127.0375,0.05245858518760391,0.11133273335093069,0.0
2020_10_IND_TEN,2020,10,2020-11-12,IND,TEN,34.0,17.0,51.0,49.0,-111.0,-100.0,-1.0,6.0,56.0,0.0,1.0,1.0,0.1277667902283413,0.32308587537333283,-0.1469110336082578,0.9122422560478509,0.11523471848249531,130.24374999999998,0.03685499656574407,0.08451695279804508,0.0
2020_10_TB_CAR,2020,10,2020-11-15,TB,CAR,46.0,23.0,69.0,49.5,-106.0,-105.0,-6.0,15.0,65.0,0.0,0.0,1.0,0.11594907701459845,0.32036819114011084,-0.24123110796952296,0.913172174809812,0.12345238943039999,128.425,0.03926911830549717,0.08979969129582174,0.0
2020_10_HOU_CLE,2020,10,2020-11-15,HOU,CLE,7.0,10.0,17.0,46.0,-107.0,-104.0,4.5,25.0,59.0,0.0,0.0,0.0,0.21569191794500045,0.4034094965532462,-0.1240198884396296,0.9589602008167138,0.12175690174128878,122.06875,0.03642369513632481,0.10591624877723213,0.0
2020_10_WAS_DET,2020,10,2020-11-15,WAS,DET,27.0,30.0,57.0,46.0,100.0,-111.0,2.5,0.0,,1.0,0.0,0.0,0.04736037067643258,0.22548297226636566,-0.16831706557662562,0.8820717559130675,0.11333134341516143,129.88125,0.036867993136700083,0.13828622327268775,0.0
2020_10_JAX_GB,2020,10,2020-11-15,JAX,GB,20.0,24.0,44.0,47.0,-107.0,-104.0,13.5,23.0,38.0,0.0,0.0,0.0,0.2505274800823772,0.5383564079920892,-0.1842329365865931,0.945653289720891,0.11906524805304443,132.425,0.026342117884492654,0.08902774211653358,0.2
2020_10_PHI_NYG,2020,10,2020-11-15,PHI,NYG,17.0,27.0,44.0,45.0,-113.0,102.0,-4.5,18.0,56.0,0.0,0.0,1.0,-0.027559366372221648,0.07734861724692386,-0.21158381037753787,0.8591590984490685,0.0951706843146275,133.01944444444445,0.05130221376058383,0.14791857627236552,0.0
2020_10_BUF_ARI,2020,10,2020-11-15,BUF,ARI,30.0,32.0,62.0,55.5,-105.0,-106.0,3.0,0.0,,1.0,0.0,0.0,0.22493063010843664,0.3499191167307025,-0.0164817924541071,0.989761608433089,0.1172504324911739,133.2451388888889,0.037310027247394836,0.10698245523246303,0.0
2020_10_DEN_LV,2020,10,2020-11-15,DEN,LV,12.0,37.0,49.0,50.5,-101.0,-110.0,3.5,0.0,,1.0,0.0,1.0,0.10325998729270466,0.19244599348661418,-0.0796161701467119,0.8876665580040057,0.12116350648180757,132.975,0.037349241562028186,0.10023959276412503,0.0
2020_10_LAC_MIA,2020,10,2020-11-15,LAC,MIA,21.0,29.0,50.0,48.5,-104.0,-107.0,1.0,7.0,83.0,0.0,0.0,0.0,0.02220844835800886,0.1714088224561678,-0.18257539824795066,0.8967611170265795,0.10421660583854794,135.8125,0.03488373754208646,0.10564132370536358,0.0
2020_10_SEA_LA,2020,10,2020-11-15,SEA,LA,16.0,23.0,39.0,55.0,-111.0,-100.0,3.0,0.0,,1.0,0.0,1.0,0.05593969234220636,0.21497683959886044,-0.1613995583101201,0.9228250630619086,0.10922305109295816,136.41250000000002,0.040933636993459574,0.11281523466749754,0.0
2020_10_SF_NO,2020,10,2020-11-15,SF,NO,13.0,27.0,40.0,49.5,-105.0,-106.0,9.5,0.0,,1.0,0.0,0.0,0.1368671992795268,0.379058790371865,-0.18584224828063456,0.925881564009603,0.11016879009566846,134.78819444444446,0.03628484786482343,0.09497382887543702,0.0
2020_10_CIN_PIT,2020,10,2020-11-15,CIN,PIT,10.0,36.0,46.0,45.5,-112.0,101.0,6.5,21.0,52.0,0.0,0.0,1.0,0.1017206693257139,0.22702765431785965,-0.17675951777267457,0.9046570629849207,0.12807637887936602,139.35625,0.03943272587678175,0.11146707293552845,0.0
2020_10_BAL_NE,2020,10,2020-11-15,BAL,NE,17.0,23.0,40.0,44.0,-107.0,-104.0,-7.0,13.0,52.0,0.0,0.0,0.0,0.0072600193963055365,0.06300468178183527,-0.09085116044922376,0.9137936810117654,0.11410367084368314,130.55,0.053521467571151185,0.12494591993328288,0.0
2020_10_MIN_CHI,2020,10,2020-11-16,MIN,CHI,19.0,13.0,32.0,44.0,-111.0,100.0,-3.5,11.0,44.0,0.0,0.0,1.0,0.04459647010962564,0.24813121209858668,-0.22073283706101143,0.8851602931677253,0.11784804138852441,129.2159722222222,0.03731495378585499,0.11280002058116458,0.0
2020_11_ARI_SEA,2020,11,2020-11-19,ARI,SEA,21.0,28.0,49.0,56.5,-110.0,-101.0,3.0,11.0,48.0,0.0,1.0,1.0,0.21865061562017232,0.36674178024637516,-0.07820135533616085,0.9872749574431643,0.12221508682832483,137.89444444444445,0.04134040817599824,0.1065459743605108,0.0
2020_11_TEN_BAL,2020,11,2020-11-22,TEN,BAL,30.0,24.0,54.0,50.5,-109.0,-102.0,6.0,6.0,53.0,0.0,0.0,0.0,0.09993186938652049,0.24457675110526697,-0.09936770367881219,0.920050071987002,0.11068525140688426,130.01527777777778,0.032028629541986736,0.10382696302845457,0.0
2020_11_DET_CAR,2020,11,2020-11-22,DET,CAR,0.0,20.0,20.0,47.0,-106.0,-105.0,-3.0,7.0,65.0,0.0,0.0,0.0,0.2348754370308592,0.44010369580047437,-0.1116800333033984,0.9699075480074725,0.12998233453836855,125.76666666666668,0.028820738951770734,0.09012944211619131,0.0
2020_11_PHI_CLE,2020,11,2020-11-22,PHI,CLE,17.0,22.0,39.0,45.5,-103.0,-109.0,2.5,8.0,38.0,0.0,0.0,0.0,0.0517980080113731,0.10532661052722428,-0.045083927125197265,0.9032676366304447,0.09946738605617622,129.78194444444443,0.038730882817113815,0.13243976643224678,0.2
2020_11_NE_HOU,2020,11,2020-11-22,NE,HOU,20.0,27.0,47.0,49.5,-108.0,-103.0,-2.5,0.0,,1.0,0.0,0.0,0.2290032366639429,0.3836967843318586,-0.05629662754773483,0.9905156907223058,0.1194408528149764,125.54027777777777,0.03637184744575968,0.10450567993344456,0.0
2020_11_PIT_JAX,2020,11,2020-11-22,PIT,JAX,27.0,3.0,30.0,47.0,-113.0,101.0,-11.0,3.0,72.0,0.0,0.0,0.0,0.0604263441427728,0.23226096166277707,-0.28262740471052605,0.8748216209230936,0.11523864281685678,133.21666666666667,0.035044024749407654,0.10502771095035429,0.0
2020_11_ATL_NO,2020,11,2020-11-22,ATL,NO,9.0,24.0,33.0,49.5,-108.0,-103.0,3.5,0.0,,1.0,0.0,1.0,0.13044620497214757,0.4152878177823093,-0.3558874255150358,0.9286623986220555,0.12529878401718944,138.11805555555554,0.03301438449228615,0.09552050690299596,0.0
2020_11_CIN_WAS,2020,11,2020-11-22,CIN,WAS,9.0,20.0,29.0,48.0,-105.0,-106.0,2.0,7.0,57.0,0.0,0.0,0.0,0.11217748432611205,0.2558388794314616,-0.11307502160606628,0.9047427948703008,0.12107798017541213,140.30833333333334,0.03602790623288367,0.12231925894530378,0.0
2020_11_MIA_DEN,2020,11,2020-11-22,MIA,DEN,13.0,20.0,33.0,46.0,-103.0,-108.0,-4.0,7.0,45.0,0.0,0.0,0.0,-0.06491307655571325,0.03743959005910655,-0.2047871020919544,0.8828074926676686,0.10087102657211919,127.54305555555555,0.047374893031121065,0.10311205351281152,0.0
2020_11_NYJ_LAC,2020,11,2020-11-22,NYJ,LAC,28.0,34.0,62.0,47.0,-107.0,-104.0,10.0,0.0,,1.0,0.0,0.0,0.03731708196425001,0.20646032387735586,-0.23461859707840227,0.891740807601366,0.10812314705085019,134.54722222222222,0.030911454237680092,0.09598095747119299,0.0
2020_11_GB_IND,2020,11,2020-11-22,GB,IND,31.0,34.0,65.0,52.0,-114.0,102.0,1.5,0.0,,1.0,0.0,0.0,0.1395693460764862,0.3916564906321046,-0.21544410474215353,0.9288567520910425,0.11918678663903129,132.65416666666664,0.03004668918894645,0.0860735999385742,0.0
2020_11_DAL_MIN,2020,11,2020-11-22,DAL,MIN,31.0,28.0,59.0,50.0,-101.0,-111.0,7.0,0.0,,1.0,0.0,0.0,0.04480860024622672,0.18823793330785143,-0.15632937851731013,0.9164762022958217,0.11508101673546306,136.36805555555554,0.041257560951055386,0.11200286213918018,0.0
2020_11_KC_LV,2020,11,2020-11-22,KC,LV,35.0,31.0,66.0,56.5,-107.0,-104.0,-7.5,0.0,,1.0,0.0,1.0,0.2030273377083789,0.3191365616642808,-0.02186103738387368,0.9470026380829115,0.11684582744618559,130.1013888888889,0.03253974943275066,0.0764582496390695,0.0
2020_11_LA_TB,2020,11,2020-11-23,LA,TB,27.0,24.0,51.0,47.5,-102.0,-109.0,4.0,5.0,69.0,0.0,0.0,0.0,-0.06839998292757457,0.08466257766302229,-0.2627538370068214,0.8713188292174892,0.09987914199457062,136.73305555555555,0.04478268669704434,0.10386169088531247,0.0
2020_12_HOU_DET,2020,12,2020-11-26,HOU,DET,41.0,25.0,66.0,52.5,-101.0,-110.0,-3.0,0.0,,1.0,1.0,0.0,0.17593050000084487,0.38644618635367994,-0.23852518714353868,0.9310537116628901,0.12266946459520676,124.15,0.02423632863191079,0.10551898522866546,0.0
2020_12_WAS_DAL,2020,12,2020-11-26,WAS,DAL,41.0,16.0,57.0,46.0,-106.0,-105.0,2.5,0.0,,1.0,1.0,1.0,-0.016788838273374313,0.05129942843325301,-0.12478472370264562,0.888700955404493,0.1021318956783499,138.465,0.04117865978665585,0.14088562498734164,0.0
2020_12_LV_ATL,2020,12,2020-11-29,LV,ATL,6.0,43.0,49.0,53.0,-102.0,-109.0,-3.5,0.0,,1.0,0.0,0.0,0.19198828171511634,0.3901099462005522,-0.1437169009611373,0.9313114325795866,0.12082292805289516,134.4,0.03142615632909082,0.0848750466952278,0.0
2020_12_LAC_BUF,2020,12,2020-11-29,LAC,BUF,17.0,27.0,44.0,51.0,-114.0,103.0,4.5,7.0,48.0,0.0,0.0,0.0,0.1365829113402034,0.2712917914422877,-0.13054857696854058,0.9390441205319959,0.11921548672840655,140.83499999999998,0.037048042152692834,0.10610574822989775,0.0
2020_12_NYG_CIN,2020,12,2020-11-29,NYG,CIN,19.0,17.0,36.0,45.0,-102.0,-109.0,-6.5,4.0,52.0,0.0,0.0,0.0,0.09264473658961568,0.2143915299902049,-0.14293777816426187,0.9195629108769966,0.10621045366734269,137.05,0.03921277265400885,0.11822768151130614,0.0
2020_12_TEN_IND,2020,12,2020-11-29,TEN,IND,45.0,26.0,71.0,51.5,-104.0,-107.0,3.0,0.0,,1.0,0.0,1.0,0.12037477512548692,0.33108638980090394,-0.17158674598865836,0.9402894889489106,0.11158158973625812,134.96,0.03245819766887656,0.08055385394988127,0.0
2020_12_CLE_JAX,2020,12,2020-11-29,CLE,JAX,27.0,25.0,52.0,48.5,100.0,-112.0,-7.5,1.0,70.0,0.0,0.0,0.0,0.09147132576145038,0.24587708456801124,-0.14765895239512355,0.9125667049964815,0.10934428755274635,124.70249999999999,0.03882885874854823,0.1044241515252156,0.0
2020_12_CAR_MIN,2020,12,2020-11-29,CAR,MIN,27.0,28.0,55.0,50.0,-107.0,-104.0,3.0,0.0,,1.0,0.0,0.0,0.13255634689872658,0.3092440707468832,-0.11470351245760518,0.9363085411029834,0.1277216405084079,125.88295454545454,0.03694934843225131,0.09726246885100404,0.0
2020_12_ARI_NE,2020,12,2020-11-29,ARI,NE,17.0,20.0,37.0,51.0,-105.0,-106.0,-1.0,8.0,52.0,0.0,0.0,0.0,0.21400392716987582,0.35654797141763106,-0.06636555934571312,0.9927617887827738,0.11728394875386673,136.4875,0.034941195097200436,0.08992729618272863,0.0
2020_12_MIA_NYJ,2020,12,2020-11-29,MIA,NYJ,20.0,3.0,23.0,46.0,-112.0,100.0,-7.5,2.0,54.0,0.0,0.0,1.0,0.018192149283025302,0.20491939872291057,-0.2497689009848345,0.9124591555463779,0.09866938709722431,119.0175,0.03847334929857546,0.09636005346760507,0.0
2020_12_NO_DEN,2020,12,2020-11-29,NO,DEN,31.0,3.0,34.0,36.5,-102.0,-109.0,-17.0,6.0,38.0,0.0,0.0,0.0,-0.04378029891131754,0.10417877451555518,-0.2702004642565223,0.8485080808695171,0.11681246511775785,133.5,0.04361256674894734,0.11693354676585493,0.2
2020_12_SF_LA,2020,12,2020-11-29,SF,LA,23.0,20.0,43.0,44.5,-110.0,-101.0,5.0,0.0,,1.0,0.0,1.0,-0.04595155061875476,0.14897302991526362,-0.2833208001237917,0.8904041783575734,0.09278831818055207,137.73000000000002,0.04702560499085862,0.10547211796828797,0.0
2020_12_KC_TB,2020,12,2020-11-29,KC,TB,27.0,24.0,51.0,56.0,-108.0,-103.0,-3.5,5.0,81.0,0.0,0.0,0.0,0.11617788105524553,0.2849014017439754,-0.201664908626216,0.9248982839506128,0.1124274356917403,132.06681818181818,0.04133833710202062,0.08491570405435177,0.0
2020_12_CHI_GB,2020,12,2020-11-29,CHI,GB,25.0,41.0,66.0,44.0,-106.0,-105.0,7.5,13.0,37.0,0.0,0.0,1.0,0.005459746146777647,0.21221518174773185,-0.2744840886891083,0.8605292822461332,0.11560432925147868,130.2375,0.03378957461501064,0.09721379490101767,0.3
2020_12_SEA_PHI,2020,12,2020-11-30,SEA,PHI,23.0,17.0,40.0,50.0,-103.0,-108.0,-6.5,16.0,60.0,0.0,0.0,0.0,0.09480041401124889,0.21042352877354825,-0.1279454379460015,0.9283727992229284,0.10647749133176232,135.65,0.04207233044296081,0.15504796754705896,0.0
2020_12_BAL_PIT,2020,12,2020-12-02,BAL,PIT,14.0,19.0,33.0,41.5,-107.0,-104.0,10.5,14.0,36.0,0.0,0.0,1.0,-0.019186351276879995,0.08593317427119923,-0.20631784621908208,0.8566624066152114,0.10948351340470756,133.3775,0.04252064306105201,0.11465263548602295,0.4
2020_13_NO_ATL,2020,13,2020-12-06,NO,ATL,21.0,16.0,37.0,46.0,-110.0,-101.0,-2.5,0.0,,1.0,0.0,1.0,-0.059576342456590436,0.07388535653218598,-0.37725005227114033,0.8574525894519874,0.11194044949665889,135.16250000000002,0.044704598246282194,0.132342496065818,0.0
2020_13_DET_CHI,2020,13,2020-12-06,DET,CHI,34.0,30.0,64.0,44.0,-104.0,-108.0,3.0,5.0,35.0,0.0,0.0,1.0,0.007577470673338967,0.17854672498613208,-0.2529673818075316,0.8677599053501832,0.11027519906687955,132.25795454545454,0.03489735016629382,0.10656632540842731,0.5
2020_13_IND_HOU,2020,13,2020-12-06,IND,HOU,26.0,20.0,46.0,50.0,-106.0,-105.0,-3.5,0.0,,1.0,0.0,1.0,0.13103648886833846,0.3727684544151866,-0.30861088400621706,0.93851679841924,0.11797077222226554,128.7284090909091,0.030462856595550477,0.09476925811158915,0.0
2020_13_CIN_MIA,2020,13,2020-12-06,CIN,MIA,7.0,19.0,26.0,43.0,-109.0,-103.0,10.5,5.0,81.0,0.0,0.0,0.0,0.007768683782512602,0.1313430928885867,-0.16221539986057049,0.8962441374820638,0.09461463311409009,129.84318181818182,0.04061246978130818,0.10285062774654945,0.0
2020_13_JAX_MIN,2020,13,2020-12-06,JAX,MIN,24.0,27.0,51.0,51.0,-114.0,103.0,10.5,0.0,,1.0,0.0,0.0,0.0872291496465401,0.24598302357554083,-0.13651508067030768,0.9286674814008755,0.11952376876142129,128.9340909090909,0.04052994394303881,0.089176260384545,0.0
2020_13_LV_NYJ,2020,13,2020-12-06,LV,NYJ,31.0,28.0,59.0,48.0,-116.0,104.0,-7.5,18.0,39.0,0.0,0.0,0.0,0.07395033752072436,0.26414503859721844,-0.2680795387504772,0.8982903225069381,0.1043178393775605,122.38863636363635,0.03933671189378986,0.08000348644271482,0.1
2020_13_CLE_TEN,2020,13,2020-12-06,CLE,TEN,41.0,35.0,76.0,54.0,-104.0,-107.0,4.0,1.0,52.0,0.0,0.0,0.0,0.17679013011399888,0.3179187635600629,-0.010278331390023529,0.939148331312595,0.10796899366807375,127.42500000000001,0.02860729169030939,0.09457251405734675,0.0
2020_13_LA_ARI,2020,13,2020-12-06,LA,ARI,38.0,28.0,66.0,49.0,-107.0,-104.0,-2.5,0.0,,1.0,0.0,1.0,-0.048665950003845354,0.05290361017050316,-0.22450091644816533,0.9064338703314263,0.08678017020524559,140.39545454545453,0.04526352414331749,0.10646419533417117,0.0
2020_13_NYG_SEA,2020,13,2020-12-06,NYG,SEA,17.0,12.0,29.0,48.5,-110.0,-102.0,11.0,4.0,51.0,0.0,0.0,0.0,0.0868752433173009,0.19669032957251753,-0.12320181900749033,0.9315757400725198,0.10124874380501564,133.8875,0.04179989638413639,0.13477139580159186,0.0
2020_13_PHI_GB,2020,13,2020-12-06,PHI,GB,16.0,30.0,46.0,50.0,-104.0,-107.0,8.0,9.0,34.0,0.0,0.0,0.0,0.0478349008596098,0.17858432520133494,-0.09458765593771686,0.9033476679980266,0.10383338326370191,133.92613636363637,0.03868799240840127,0.12460301500652968,0.6
2020_13_NE_LAC,2020,13,2020-12-06,NE,LAC,45.0,0.0,45.0,47.0,100.0,-112.0,2.5,0.0,,1.0,0.0,0.0,0.10706952254546732,0.2683899147269712,-0.20261897787271688,0.9225367177551309,0.10834990418082846,139.31931818181818,0.03656687667597404,0.09648754160851634,0.0
2020_13_DEN_KC,2020,13,2020-12-06,DEN,KC,16.0,22.0,38.0,51.0,-111.0,-101.0,13.0,9.0,41.0,0.0,0.0,1.0,0.0672610568335449,0.14008208162375352,-0.18775006612425787,0.891945708557283,0.12552605212592938,133.2931818181818,0.043326135553790626,0.09287612900127024,0.0
2020_13_WAS_PIT,2020,13,2020-12-07,WAS,PIT,23.0,17.0,40.0,43.5,-110.0,-101.0,5.5,10.0,34.0,0.0,1.0,0.0,-0.10008096293292497,-0.054679036777420614,-0.2190726623372224,0.8485072006018504,0.10203847829057072,135.81363636363636,0.043418649540686985,0.1294755753852393,0.6
2020_13_BUF_SF,2020,13,2020-12-07,BUF,SF,34.0,24.0,58.0,48.0,-108.0,-103.0,1.5,0.0,,1.0,0.0,0.0,0.07777270499206193,0.2736568174828399,-0.23435069951132576,0.9380383856413604,0.12107807974384723,131.5340909090909,0.047885346926287625,0.11592654652004235,0.0
2020_13_DAL_BAL,2020,13,2020-12-08,DAL,BAL,17.0,34.0,51.0,46.0,-103.0,-108.0,8.5,9.0,38.0,0.0,0.0,0.0,-0.04463700361318044,0.007792312666937105,-0.1524779321186496,0.90252944163074,0.10385917141083004,134.1340909090909,0.04255593290219743,0.11941436537871042,0.2
2020_14_NE_LA,2020,14,2020-12-10,NE,LA,3.0,24.0,27.0,43.5,-110.0,-102.0,5.0,0.0,,1.0,1.0,0.0,-0.04869291217283886,0.029387169778350028,-0.1872682225234977,0.9066245144584859,0.09734274904235228,132.2,0.04640428921130315,0.10156681023985265,0.0
2020_14_DEN_CAR,2020,14,2020-12-13,DEN,CAR,32.0,27.0,59.0,46.0,-110.0,-101.0,4.0,7.0,70.0,0.0,0.0,0.0,-0.018321551219008504,0.03341994480502605,-0.20307503157189094,0.8634983107278942,0.11949171040974978,128.27916666666667,0.04465726922343281,0.09817913653341406,0.0
2020_14_HOU_CHI,2020,14,2020-12-13,HOU,CHI,7.0,36.0,43.0,46.0,-112.0,101.0,-1.0,1.0,34.0,0.0,0.0,0.0,0.07417718775658697,0.27157871594724725,-0.2907852222391484,0.8824817844916912,0.11890115068381758,125.17083333333333,0.029843564365031515,0.11297501929858911,0.6
2020_14_DAL_CIN,2020,14,2020-12-13,DAL,CIN,30.0,7.0,37.0,44.0,-105.0,-106.0,-3.0,5.0,44.0,0.0,1.0,0.0,0.0011000803907184609,0.035000377096092924,-0.10477068010933456,0.8979348247445879,0.10711542148492727,136.85833333333332,0.040822332741091136,0.10555513797916286,0.0
2020_14_TEN_JAX,2020,14,2020-12-13,TEN,JAX,31.0,10.0,41.0,53.0,101.0,-112.0,-7.5,2.0,69.0,0.0,0.0,1.0,0.17624614780198916,0.37384319028273794,-0.09300210518137153,0.941002174316583,0.11371924141214018,132.56666666666666,0.036178437856658925,0.07935595080261976,0.0
2020_14_KC_MIA,2020,14,2020-12-13,KC,MIA,33.0,27.0,60.0,51.5,-109.0,-102.0,-7.5,8.0,81.0,0.0,0.0,0.0,0.1197167349543506,0.28222442548394966,-0.14829677502431243,0.9390336457493671,0.1178584929986891,131.50833333333333,0.04016655087275332,0.09067672912283435,0.0
2020_14_ARI_NYG,2020,14,2020-12-13,ARI,NYG,26.0,7.0,33.0,47.0,-111.0,-101.0,-3.0,15.0,59.0,0.0,0.0,0.0,0.02828225185731803,0.0793102322726554,-0.09040949281334602,0.91288963104005,0.09016179504934714,135.43333333333334,0.04077392342625759,0.11919535667331034,0.0
2020_14_MIN_TB,2020,14,2020-12-13,MIN,TB,14.0,26.0,40.0,52.5,104.0,-116.0,7.0,5.0,78.0,0.0,0.0,0.0,0.020642654563592773,0.19004260197584016,-0.25519284726169894,0.9040991701879031,0.11902669596993662,133.97083333333333,0.048645976112767796,0.09027159707956514,0.0
2020_14_IND_LV,2020,14,2020-12-13,IND,LV,44.0,27.0,71.0,51.5,-108.0,-103.0,-2.5,0.0,,1.0,0.0,0.0,0.09669952412104665,0.27893284554949155,-0.2108322112635504,0.9307734817616794,0.1082539371498056,136.44583333333333,0.042616763979639705,0.08289966698145143,0.0
2020_14_NYJ_SEA,2020,14,2020-12-13,NYJ,SEA,3.0,40.0,43.0,49.5,-117.0,105.0,16.5,8.0,43.0,0.0,0.0,0.0,0.0842971839043722,0.22699993490951642,-0.2098492673057319,0.9131474168858579,0.10862600530136454,125.97916666666667,0.03900442101591799,0.12338488994426644,0.0
2020_14_GB_DET,2020,14,2020-12-13,GB,DET,31.0,24.0,55.0,55.5,-106.0,-105.0,-9.5,0.0,,1.0,0.0,1.0,0.16089748372000792,0.37899353462065144,-0.1875071373974198,0.936350053622353,0.1229563138160919,129.80833333333334,0.033723618556653887,0.10203071297561836,0.0
2020_14_ATL_LAC,2020,14,2020-12-13,ATL,LAC,17.0,20.0,37.0,49.0,-111.0,-101.0,1.0,0.0,,1.0,0.0,0.0,-0.023929231296117504,0.18051361154795875,-0.36681683639142204,0.8540681328259271,0.11059032558694648,144.57083333333333,0.036813367222477675,0.10535511066104508,0.0
2020_14_NO_PHI,2020,14,2020-12-13,NO,PHI,21.0,24.0,45.0,43.0,-105.0,-106.0,-7.5,10.0,57.0,0.0,0.0,0.0,-0.06731334869649079,-0.033603853923550475,-0.16109484630194795,0.8472756938767798,0.10275546445163161,134.9375,0.03776996590258051,0.1625942621480159,0.0
2020_14_WAS_SF,2020,14,2020-12-13,WAS,SF,23.0,15.0,38.0,43.5,-107.0,-104.0,3.0,0.0,,1.0,0.0,0.0,-0.05533095139415256,0.11801987263582045,-0.323042705445741,0.8883609670955104,0.10759952564893244,134.49583333333334,0.04378922825140158,0.11739435912349132,0.0
2020_14_PIT_BUF,2020,14,2020-12-13,PIT,BUF,15.0,26.0,41.0,48.5,-105.0,-106.0,2.0,11.0,35.0,0.0,0.0,0.0,0.029954956331630665,0.17353070016222277,-0.3014843473850891,0.8990260437262108,0.11859799967603825,135.97916666666666,0.04474177453706819,0.10649359961339463,0.5
2020_14_BAL_CLE,2020,14,2020-12-14,BAL,CLE,47.0,42.0,89.0,45.5,-111.0,-100.0,-3.0,18.0,34.0,0.0,0.0,1.0,0.08603187242510564,0.22257364880246203,-0.12010773518236863,0.9098191710067494,0.112086120704541,125.44583333333334,0.03809640453507082,0.10657627120188876,0.6
2020_15_LAC_LV,2020,15,2020-12-17,LAC,LV,30.0,27.0,57.0,52.0,-110.0,-101.0,3.5,0.0,,1.0,1.0,1.0,0.0895619942051018,0.2585323139453504,-0.2032048161704722,0.9005033798307223,0.10825312544189901,142.05,0.04252941636500726,0.08058920852065202,0.0
2020_15_BUF_DEN,2020,15,2020-12-19,BUF,DEN,48.0,19.0,67.0,49.0,-108.0,-103.0,-5.5,24.0,47.0,0.0,0.0,0.0,0.024706451881003434,0.10298472249387837,-0.1965104668134773,0.8945974235789205,0.12252396863656267,129.7625,0.04830755411552705,0.10457197842586424,0.0
2020_15_CAR_GB,2020,15,2020-12-19,CAR,GB,16.0,24.0,40.0,53.0,-107.0,-104.0,9.5,5.0,33.0,0.0,0.0,0.0,0.17850135655733873,0.3780305528369796,-0.12851644323958272,0.9465976871836641,0.11833798946353394,127.22500000000001,0.03175863281495912,0.09220006030856466,0.7
2020_15_TB_ATL,2020,15,2020-12-20,TB,ATL,31.0,27.0,58.0,49.5,-108.0,-103.0,-6.0,0.0,,1.0,0.0,1.0,0.03443749772626915,0.22677104655215338,-0.31273173016004935,0.8820711264412647,0.11327241429746973,132.15,0.04313087673123875,0.10191316754823496,0.0
2020_15_JAX_BAL,2020,15,2020-12-20,JAX,BAL,14.0,40.0,54.0,49.5,-101.0,-110.0,13.0,3.0,39.0,0.0,0.0,0.0,0.09784015907925228,0.18489632948692372,-0.044732507528633114,0.8985017725107876,0.11600195113363115,126.36250000000001,0.03964412806243109,0.09581026571403356,0.1
2020_15_SF_DAL,2020,15,2020-12-20,SF,DAL,33.0,41.0,74.0,46.0,-105.0,-106.0,-4.0,0.0,,1.0,0.0,0.0,-0.05255826213923341,0.08563417672690157,-0.2705086988804512,0.9169239678730831,0.10544677298352488,137.77500000000003,0.04714480978749455,0.10601141415406881,0.0
2020_15_HOU_IND,2020,15,2020-12-20,HOU,IND,20.0,27.0,47.0,52.5,-105.0,-106.0,7.5,0.0,,1.0,0.0,1.0,0.15135914574574338,0.3954893041710348,-0.2994528750440562,0.9413103025088492,0.12624473503926784,128.8125,0.03229853352645154,0.11110815586280151,0.0
2020_15_NE_MIA,2020,15,2020-12-20,NE,MIA,12.0,22.0,34.0,40.0,-112.0,100.0,-1.5,9.0,79.0,0.0,0.0,1.0,-0.05717970696024383,0.006936926398202772,-0.17981091077855166,0.8952372287802843,0.10900292205369957,129.3375,0.04656050000064562,0.12451751889235887,0.0
2020_15_CHI_MIN,2020,15,2020-12-20,CHI,MIN,33.0,27.0,60.0,47.5,-101.0,-111.0,2.5,0.0,,1.0,0.0,1.0,0.05392198244203079,0.20650386694435738,-0.14212683746511992,0.911336939702283,0.10593926066417697,134.1,0.03862955199955295,0.10785488815223508,0.0
2020_15_DET_TEN,2020,15,2020-12-20,DET,TEN,25.0,46.0,71.0,54.5,-103.0,-109.0,9.5,5.0,46.0,0.0,0.0,0.0,0.2162881722631335,0.47134690696385334,-0.19014454912540152,0.9464728553849507,0.11643358542399396,134.45,0.030182087491730653,0.08670666942111896,0.0
2020_15_SEA_WAS,2020,15,2020-12-20,SEA,WAS,20.0,15.0,35.0,44.5,-108.0,-103.0,-6.0,8.0,43.0,0.0,0.0,0.0,-0.05090433272022022,0.0262800530501884,-0.21269589761697874,0.8862268886911939,0.09178476217674507,132.8625,0.03647788685332263,0.13946311520071303,0.0
2020_15_PHI_ARI,2020,15,2020-12-20,PHI,ARI,26.0,33.0,59.0,49.5,-108.0,-103.0,6.5,0.0,,1.0,0.0,0.0,0.01868728122686144,0.09780299051508928,-0.10155269670541592,0.8829463199075893,0.09706577070256488,138.05,0.03517194180810405,0.15126148242559273,0.0
2020_15_NYJ_LA,2020,15,2020-12-20,NYJ,LA,23.0,20.0,43.0,44.5,-110.0,-102.0,17.5,0.0,,1.0,0.0,0.0,-0.122526048713712,-0.0029760176993236243,-0.32433951597524235,0.8553886439481834,0.0970695681661427,128.15,0.046969146584301374,0.11202628172439584,0.0
2020_15_KC_NO,2020,15,2020-12-20,KC,NO,32.0,29.0,61.0,53.5,-112.0,101.0,-2.5,0.0,,1.0,0.0,0.0,0.0996270680393364,0.17601944709948364,-0.12697844140624656,0.9177315345464144,0.12352781285405584,134.8375,0.041714701321249756,0.1061829598062676,0.0
2020_15_CLE_NYG,2020,15,2020-12-20,CLE,NYG,20.0,6.0,26.0,44.5,-111.0,-100.0,-6.0,0.0,36.0,0.0,0.0,0.0,0.057763353067384185,0.16094558068705525,-0.07923994018400782,0.8906582132185477,0.10462290289228568,129.8625,0.04149748458239365,0.1295480715390651,0.4
2020_15_PIT_CIN,2020,15,2020-12-21,PIT,CIN,17.0,27.0,44.0,40.5,-104.0,-107.0,-14.5,10.0,43.0,0.0,0.0,1.0,-0.10381173680423605,-0.0063201447119512755,-0.29079246484216836,0.8341890877333624,0.0939343890587907,133.55,0.04518848769058028,0.10429496293929728,0.0
2020_16_MIN_NO,2020,16,2020-12-25,MIN,NO,33.0,52.0,85.0,49.0,-102.0,-109.0,6.5,0.0,,1.0,1.0,0.0,0.033758462014018484,0.12894444727658586,-0.1595146130893935,0.92159065234294,0.11193693869770255,135.73214285714286,0.040920904081102556,0.1146982905384812,0.0
2020_16_TB_DET,2020,16,2020-12-26,TB,DET,47.0,7.0,54.0,55.0,-104.0,-107.0,-12.0,0.0,,1.0,0.0,0.0,0.20157607736817204,0.4596999256873032,-0.26421567444811556,0.9456918851973897,0.11955528409504247,130.5517857142857,0.033813969227358756,0.09188274312291521,0.0
2020_16_SF_ARI,2020,16,2020-12-26,SF,ARI,20.0,12.0,32.0,49.0,-107.0,-104.0,6.0,0.0,,1.0,0.0,1.0,-0.031622613940411326,0.09225619279493277,-0.23039045314245624,0.8948115393098981,0.1050050659491516,140.96607142857144,0.044268539418945846,0.1150986293454726,0.0
2020_16_MIA_LV,2020,16,2020-12-26,MIA,LV,26.0,25.0,51.0,50.0,-112.0,101.0,-2.0,0.0,,1.0,0.0,0.0,0.06321314364607127,0.22373688672796482,-0.19016263775700482,0.9112466110475026,0.11542831656251688,136.28750000000002,0.047478042117970465,0.10156789129235885,0.0
2020_16_NYG_BAL,2020,16,2020-12-27,NYG,BAL,13.0,27.0,40.0,43.5,-101.0,-110.0,10.0,3.0,38.0,0.0,0.0,0.0,0.015170597297310018,0.09357206445382799,-0.10923406133156147,0.8618531881340132,0.10468751151416736,122.0142857142857,0.03938522494366665,0.12848540806682646,0.2
2020_16_CIN_HOU,2020,16,2020-12-27,CIN,HOU,37.0,31.0,68.0,46.0,-106.0,-105.0,7.5,0.0,,1.0,0.0,0.0,0.061327760190447944,0.2555193195427521,-0.277842015265777,0.9239147106947438,0.11118188128423541,125.48928571428573,0.035923476744583696,0.1311707291396942,0.0
2020_16_CHI_JAX,2020,16,2020-12-27,CHI,JAX,41.0,17.0,58.0,47.0,-106.0,-105.0,-9.5,5.0,55.0,0.0,0.0,0.0,0.09656002936673963,0.25443541863831354,-0.1229709808879676,0.9126105554541704,0.11127202701779716,130.62857142857143,0.0355965641167496,0.10650438289931552,0.0
2020_16_ATL_KC,2020,16,2020-12-27,ATL,KC,14.0,17.0,31.0,54.0,-105.0,-106.0,11.0,8.0,49.0,0.0,0.0,0.0,0.10782798256423959,0.27015634735183797,-0.23587545494058715,0.920042764281692,0.13190812362695128,139.06607142857143,0.039632000894637885,0.09128859347616962,0.0
2020_16_CLE_NYJ,2020,16,2020-12-27,CLE,NYJ,16.0,23.0,39.0,45.0,-106.0,-105.0,-6.5,5.0,37.0,0.0,0.0,0.0,0.10411069454531849,0.3172749556629266,-0.22221132800265642,0.9000211332648071,0.11119052942090356,126.41071428571428,0.03635531655752654,0.10684216818755911,0.3
2020_16_IND_PIT,2020,16,2020-12-27,IND,PIT,24.0,28.0,52.0,43.0,-106.0,-105.0,-1.0,6.0,37.0,0.0,0.0,0.0,-0.009764554974532755,0.12486124057790618,-0.2664967490815705,0.8705029039056043,0.11152802975301743,132.0285714285714,0.039385348286330266,0.09884742455629612,0.3
2020_16_DEN_LAC,2020,16,2020-12-27,DEN,LAC,16.0,19.0,35.0,47.5,-108.0,-104.0,2.5,0.0,,1.0,0.0,1.0,0.009434589099297522,0.09050766296305648,-0.16523578999707872,0.8612151802017542,0.11656192198190848,135.92142857142858,0.03927667255089173,0.1029718253862379,0.0
2020_16_CAR_WAS,2020,16,2020-12-27,CAR,WAS,20.0,13.0,33.0,41.0,-114.0,102.0,-1.0,6.0,41.0,0.0,0.0,0.0,-0.04298090012297727,0.037721434676711046,-0.207587278830598,0.8883207445606917,0.09786713657178583,133.11071428571427,0.03654430133642199,0.11810826316457912,0.0
2020_16_PHI_DAL,2020,16,2020-12-27,PHI,DAL,17.0,37.0,54.0,50.0,-108.0,-103.0,-3.0,0.0,,1.0,0.0,1.0,0.01771458749901306,0.12138735739908511,-0.15150062305341902,0.8816293150301334,0.1167078111219481,137.80357142857142,0.038248715429053004,0.13416497497393606,0.0
2020_16_LA_SEA,2020,16,2020-12-27,LA,SEA,9.0,20.0,29.0,48.0,100.0,-111.0,1.5,2.0,45.0,0.0,0.0,1.0,-0.08567162469967021,-0.011060006467204966,-0.2086148378553298,0.8833107524841097,0.09713558016501647,132.94464285714287,0.04077023950153492,0.12208762326422631,0.0
2020_16_TEN_GB,2020,16,2020-12-27,TEN,GB,14.0,40.0,54.0,52.5,-107.0,-104.0,3.0,15.0,28.0,0.0,0.0,0.0,0.29414598778547163,0.5474603034879383,-0.05641588815531893,0.9797289870625117,0.11378427543237006,131.54642857142858,0.02715973955502551,0.08666952873225743,1.2
2020_16_BUF_NE,2020,16,2020-12-28,BUF,NE,38.0,9.0,47.0,47.0,-112.0,100.0,-7.0,4.0,41.0,0.0,0.0,1.0,0.05085717702170889,0.10766692455789566,-0.10358535265486934,0.9350816361180131,0.10552944623829073,128.84642857142856,0.04363726266812433,0.11140518893457471,0.0
2020_17_MIA_BUF,2020,17,2021-01-03,MIA,BUF,26.0,56.0,82.0,42.5,-114.0,102.0,-3.5,1.0,35.0,0.0,0.0,1.0,0.0981741287535963,0.22575735591195267,-0.12957381255839304,0.9405937889653841,0.11929855070248585,135.63500000000002,0.040164701515533495,0.11098171927203683,0.5
2020_17_BAL_CIN,2020,17,2021-01-03,BAL,CIN,38.0,3.0,41.0,46.0,-102.0,-109.0,-13.5,10.0,39.0,0.0,0.0,1.0,0.10727218676220836,0.26439829290182354,-0.10461083392975487,0.9091346685135917,0.12085342249055142,128.595,0.03540345305103507,0.11428808912592119,0.1
2020_17_PIT_CLE,2020,17,2021-01-03,PIT,CLE,22.0,24.0,46.0,45.0,101.0,-112.0,10.5,7.0,38.0,0.0,0.0,1.0,0.03408864362933808,0.19020241748503294,-0.2511703748186408,0.8779891018060826,0.11147616790589075,134.92583333333334,0.03597627811754561,0.10328116494359942,0.2
2020_17_MIN_DET,2020,17,2021-01-03,MIN,DET,37.0,35.0,72.0,54.0,101.0,-112.0,-3.0,0.0,,1.0,0.0,1.0,0.2185974777772885,0.4444373131635504,-0.10978549380159416,0.9960184921971253,0.1228361544944375,133.9275,0.034621629637232365,0.09804384358951253,0.0
2020_17_NYJ_NE,2020,17,2021-01-03,NYJ,NE,14.0,28.0,42.0,41.0,-109.0,-102.0,3.0,5.0,33.0,0.0,0.0,1.0,-0.016648859755387782,0.04550840188618044,-0.13834738275055547,0.8852977866430793,0.10272015287121417,121.38,0.036811912579807524,0.12013745533460343,0.7
2020_17_DAL_NYG,2020,17,2021-01-03,DAL,NYG,19.0,23.0,42.0,44.5,-103.0,-109.0,-1.5,6.0,33.0,0.0,0.0,1.0,0.018710759478168297,0.13360824156526865,-0.1364982923399249,0.8922206115559969,0.1109172020629823,128.44833333333335,0.03877343623684505,0.12181616240098704,0.7
2020_17_ATL_TB,2020,17,2021-01-03,ATL,TB,27.0,44.0,71.0,51.0,-111.0,-100.0,7.5,4.0,65.0,0.0,0.0,1.0,0.10105735104444966,0.29626505133923375,-0.2976598855096701,0.9036366842929136,0.1272733681928745,131.58916666666664,0.03496011990739377,0.10191401513689333,0.0
2020_17_NO_CAR,2020,17,2021-01-03,NO,CAR,33.0,7.0,40.0,47.0,-104.0,-108.0,-6.0,2.0,57.0,0.0,0.0,1.0,0.08256666419633678,0.18618632775976396,-0.10751145527646665,0.9261825628730993,0.11611307648614212,131.0925,0.03589866162863605,0.1078189867865296,0.0
2020_17_GB_CHI,2020,17,2021-01-03,GB,CHI,35.0,16.0,51.0,48.5,100.0,-112.0,-4.5,7.0,32.0,0.0,0.0,1.0,0.15017312678766304,0.3089152647252589,-0.08153649342322553,0.9347320625626264,0.11392834515107841,129.21166666666667,0.029141183987664118,0.11534610674920573,0.8
2020_17_LV_DEN,2020,17,2021-01-03,LV,DEN,32.0,31.0,63.0,50.5,-108.0,-103.0,-2.5,10.0,53.0,0.0,0.0,1.0,0.13827306561578753,0.25600779510834204,-0.07273146977641898,0.9005569516999858,0.13409146128192173,133.87916666666666,0.035712148794679696,0.08932062532115664,0.0
2020_17_TEN_HOU,2020,17,2021-01-03,TEN,HOU,41.0,38.0,79.0,55.5,101.0,-113.0,-7.0,0.0,,1.0,0.0,1.0,0.2790911718617552,0.505356503204226,-0.0896847584681771,0.995576030232862,0.12945282471687825,126.6975,0.029924174332455075,0.09837092875616886,0.0
2020_17_JAX_IND,2020,17,2021-01-03,JAX,IND,14.0,28.0,42.0,48.0,100.0,-112.0,15.5,0.0,,1.0,0.0,1.0,0.1301301698257801,0.29772723484444974,-0.14404727655026375,0.9259501514515391,0.12482675102585143,129.20499999999998,0.039322492823281374,0.09643393061739286,0.0
2020_17_LAC_KC,2020,17,2021-01-03,LAC,KC,38.0,21.0,59.0,43.0,-108.0,-103.0,-7.0,6.0,35.0,0.0,0.0,1.0,0.11037343713333167,0.27044797849739954,-0.13818345804773244,0.9146512659261246,0.1260847568887201,140.29666666666668,0.03631079904192344,0.08438663507357375,0.5
2020_17_ARI_LA,2020,17,2021-01-03,ARI,LA,7.0,18.0,25.0,42.0,-104.0,-107.0,1.0,0.0,,1.0,0.0,1.0,-0.07105503070569559,-0.009219881105302731,-0.17563899656301946,0.8620494800576135,0.10521134834145202,139.91750000000002,0.03602921355530529,0.13054208662999,0.0
2020_17_SEA_SF,2020,17,2021-01-03,SEA,SF,26.0,23.0,49.0,45.0,102.0,-113.0,-7.0,0.0,,1.0,0.0,1.0,0.01690136770200565,0.14715258219733873,-0.19882764878681802,0.8947251807911931,0.10414298400459543,134.04666666666665,0.04055406258243801,0.1186377400667539,0.0
2020_17_WAS_PHI,2020,17,2021-01-03,WAS,PHI,20.0,14.0,34.0,43.5,-112.0,101.0,-6.5,10.0,38.0,0.0,0.0,1.0,-0.05617306395095504,0.016585282773029134,-0.1599043687883543,0.8511943036674052,0.10886854434095349,139.05166666666668,0.04261170722089658,0.14407516715126345,0.2
2021_05_LA_SEA,2021,5,2021-10-07,LA,SEA,26.0,17.0,43.0,53.5,-105.0,-106.0,-2.5,8.0,56.0,0.0,1.0,1.0,0.22344696475360648,0.45932133884156523,-0.10894239034332634,0.9699913738518812,0.11637013198998626,113.25,0.02235014725214539,0.10907533773701267,0.0
2021_05_NYJ_ATL,2021,5,2021-10-10,NYJ,ATL,20.0,27.0,47.0,45.5,-113.0,102.0,3.0,8.0,63.0,0.0,0.0,0.0,-0.07950820703606049,0.0951370442166145,-0.3313815283425401,0.8777092301020433,0.11580144091862565,132.75,0.03064299395411586,0.12574223080093144,0.0
2021_05_PHI_CAR,2021,5,2021-10-10,PHI,CAR,21.0,18.0,39.0,46.0,-105.0,-106.0,2.5,13.0,76.0,0.0,0.0,0.0,0.042793901979867294,0.2250089085880015,-0.1799204158100295,0.9248821640143743,0.10586372954113663,134.0,0.02291898914150059,0.1263556862892874,0.0
2021_05_GB_CIN,2021,5,2021-10-10,GB,CIN,25.0,22.0,47.0,50.0,-104.0,-108.0,-2.0,12.0,76.0,0.0,0.0,0.0,0.057694156870139596,0.32806972925431,-0.2792849491969731,0.9113167775922733,0.09962191027611647,118.5,0.03897310745526105,0.11843569261495904,0.0
2021_05_NE_HOU,2021,5,2021-10-10,NE,HOU,25.0,22.0,47.0,39.5,101.0,-112.0,-8.0,0.0,,1.0,0.0,0.0,-0.09532947424605358,-0.010233779705114784,-0.22097290284607782,0.8861581596787029,0.10837406804430655,125.75,0.04889888144578239,0.12186236665367642,0.0
2021_05_TEN_JAX,2021,5,2021-10-10,TEN,JAX,37.0,19.0,56.0,49.0,-109.0,-102.0,-4.0,11.0,78.0,0.0,0.0,1.0,0.12800642709454096,0.2651409024055599,-0.028865490902867608,0.9294992716286765,0.12159275363594793,142.25,0.03581200310519886,0.10347114055004408,0.0
2021_05_DET_MIN,2021,5,2021-10-10,DET,MIN,17.0,19.0,36.0,49.5,-113.0,102.0,10.0,0.0,,1.0,0.0,1.0,0.13970596287140907,0.3819088859709757,-0.2041012928381932,0.9213064545173768,0.145745617323124,141.75,0.02592458406395621,0.12264292919805145,0.0
2021_05_DEN_PIT,2021,5,2021-10-10,DEN,PIT,19.0,27.0,46.0,40.0,-113.0,101.0,-2.0,9.0,71.0,0.0,0.0,0.0,-0.04593153567788006,0.1401156611141482,-0.2782120597171549,0.8368634297350681,0.10565631128036171,128.5,0.032557687855957695,0.11792758540873213,0.0
2021_05_MIA_TB,2021,5,2021-10-10,MIA,TB,17.0,45.0,62.0,48.0,-107.0,-104.0,11.0,7.0,84.0,0.0,0.0,0.0,0.03123069122710393,0.18260833708506294,-0.36353937773523876,0.8973984015434016,0.1416873382481487,132.5,0.03790669568303591,0.0916498927657469,0.0
2021_05_NO_WAS,2021,5,2021-10-10,NO,WAS,33.0,22.0,55.0,43.5,-110.0,-101.0,-2.5,12.0,70.0,0.0,0.0,0.0,0.05044355448437862,0.33375125700824376,-0.3103769686254507,0.8946771093998498,0.09507295529381353,119.0,0.037245345534363594,0.07903097369961665,0.0
2021_05_CLE_LAC,2021,5,2021-10-10,CLE,LAC,42.0,47.0,89.0,46.5,-114.0,102.0,2.5,0.0,,1.0,0.0,0.0,0.060582114886558125,0.1662405952240233,-0.1432644727353082,0.9130417617466924,0.10344386659844776,140.5,0.03195733886692902,0.13736899071232883,0.0
2021_05_CHI_LV,2021,5,2021-10-10,CHI,LV,20.0,9.0,29.0,46.0,-101.0,-111.0,5.5,0.0,,1.0,0.0,0.0,-0.05682018064822011,0.10375154461548838,-0.3491103951641496,0.8504289029216927,0.11767283269146586,130.0,0.03167126985817424,0.16513236535541442,0.0
2021_05_SF_ARI,2021,5,2021-10-10,SF,ARI,10.0,17.0,27.0,48.5,-106.0,-105.0,6.0,0.0,,1.0,0.0,1.0,0.16021100226242108,0.36268404090898854,-0.1064738846646579,0.9774298562194834,0.1039548382691883,134.5,0.03605899707033591,0.10308819257962001,0.0
2021_05_NYG_DAL,2021,5,2021-10-10,NYG,DAL,20.0,44.0,64.0,53.0,-116.0,104.0,7.5,0.0,,1.0,0.0,1.0,0.17733104074349992,0.30461359966907064,-0.042967695674597385,0.9691554037809332,0.1277531211098183,134.25,0.03772914216608699,0.0872409904658069,0.0
2021_05_BUF_KC,2021,5,2021-10-10,BUF,KC,38.0,20.0,58.0,57.0,-114.0,103.0,2.5,0.0,76.0,0.0,0.0,0.0,0.11911736869653844,0.22560738626499358,-0.10382232681346411,0.9572880948194462,0.11056039297873173,138.25,0.051561589955727724,0.08311467288693425,0.0
2021_05_IND_BAL,2021,5,2021-10-11,IND,BAL,25.0,31.0,56.0,46.5,-108.0,-103.0,7.5,6.0,69.0,0.0,0.0,0.0,0.06245326618803758,0.2694100013586689,-0.2605926040596764,0.8960045989194423,0.13859003924584845,135.25,0.037741701915508505,0.12137523127361646,0.0
2021_06_TB_PHI,2021,6,2021-10-14,TB,PHI,28.0,22.0,50.0,53.0,-104.0,-107.0,-7.0,8.0,74.0,0.0,1.0,0.0,0.11364906408318186,0.25368652713783696,-0.17684754031815184,0.9639158912355347,0.1292095903919649,133.04250000000002,0.03372401487040089,0.09143476519171403,0.0
2021_06_MIA_JAX,2021,6,2021-10-17,MIA,JAX,20.0,23.0,43.0,47.5,-105.0,-107.0,-2.5,11.0,63.0,0.0,0.0,0.0,0.1300679151937468,0.26239334776983714,-0.07859651209584863,0.9375739367712654,0.13426033196959364,127.13250000000001,0.03469729944125906,0.10290339290259504,0.0
2021_06_LAC_BAL,2021,6,2021-10-17,LAC,BAL,6.0,34.0,40.0,50.5,-117.0,105.0,3.0,15.0,63.0,0.0,0.0,0.0,0.2068144564621855,0.3578417227144253,-0.14701725921387518,0.96372127811356,0.14500764194762022,140.64999999999998,0.033224213542421596,0.10252582649282378,0.0
2021_06_MIN_CAR,2021,6,2021-10-17,MIN,CAR,34.0,28.0,62.0,45.5,-101.0,-110.0,-2.5,7.0,62.0,0.0,0.0,0.0,-0.07227976090953514,0.04250739330303338,-0.20895620689375038,0.8539536907751619,0.11075849754269701,139.3025,0.03210296941110661,0.13480611190937758,0.0
2021_06_GB_CHI,2021,6,2021-10-17,GB,CHI,24.0,14.0,38.0,44.0,-106.0,-105.0,-5.5,6.0,59.0,0.0,0.0,1.0,-0.008362547707472766,0.15949695745059925,-0.18252769777155048,0.9062680588867256,0.0971914514179887,120.9975,0.03867067555781689,0.15823669598595622,0.0
2021_06_CIN_DET,2021,6,2021-10-17,CIN,DET,34.0,11.0,45.0,46.5,-101.0,-110.0,-3.5,0.0,,1.0,0.0,0.0,0.04290689600139684,0.2805216617837728,-0.30500208361773506,0.8953635949655074,0.13696062481771576,125.8525,0.040902702726653015,0.1289783499758731,0.0
2021_06_HOU_IND,2021,6,2021-10-17,HOU,IND,3.0,31.0,34.0,43.5,-100.0,-111.0,10.5,0.0,,0.0,0.0,1.0,0.07155414280034603,0.3286951797534595,-0.30661235018691746,0.9045123519264611,0.1248812844432203,125.3775,0.045739204237684836,0.11423976889696114,0.0
2021_06_LA_NYG,2021,6,2021-10-17,LA,NYG,38.0,11.0,49.0,49.5,101.0,-113.0,-7.5,13.0,61.0,0.0,0.0,0.0,0.2152220177008134,0.4411550489235841,-0.13001781359116468,0.953563842390798,0.1286380105707408,127.88,0.03334810998638729,0.07773144410912876,0.0
2021_06_KC_WAS,2021,6,2021-10-17,KC,WAS,31.0,13.0,44.0,54.0,-105.0,-106.0,-6.0,13.0,62.0,0.0,0.0,0.0,0.31073806454082886,0.5342381420769351,-0.11205410836541685,0.998570119507702,0.1290609485302332,136.0525,0.03733697310200215,0.06337708547563319,0.0
2021_06_ARI_CLE,2021,6,2021-10-17,ARI,CLE,37.0,14.0,51.0,48.0,-114.0,102.0,3.0,23.0,58.0,0.0,0.0,0.0,0.08904667665157809,0.199883141208024,-0.08629403644286465,0.9266097070650885,0.11415529477548342,135.52499999999998,0.03325898834118693,0.13181970637421003,0.0
2021_06_LV_DEN,2021,6,2021-10-17,LV,DEN,34.0,24.0,58.0,45.5,-100.0,-111.0,5.0,8.0,76.0,0.0,0.0,1.0,-0.029082554177096986,0.19011872148730002,-0.30355807794122636,0.8534570037050228,0.11203517762963777,133.6875,0.026470176632061644,0.12669533305014113,0.0
2021_06_DAL_NE,2021,6,2021-10-17,DAL,NE,35.0,29.0,64.0,50.5,-105.0,-106.0,-3.5,11.0,62.0,0.0,0.0,0.0,0.030649462509350557,0.16872222318208774,-0.18550063798887276,0.9405217312925065,0.12423705117118476,134.4225,0.04659918223856782,0.11067073559117477,0.0
2021_06_SEA_PIT,2021,6,2021-10-17,SEA,PIT,20.0,23.0,43.0,43.0,-107.0,-104.0,5.5,6.0,49.0,0.0,0.0,0.0,0.1309670055224516,0.3700172659842067,-0.21224684071249678,0.8928692549717283,0.132203862446864,120.5275,0.02622280221655155,0.10346680302253597,0.0
2021_06_BUF_TEN,2021,6,2021-10-18,BUF,TEN,31.0,34.0,65.0,53.5,101.0,-113.0,-6.0,6.0,66.0,0.0,0.0,0.0,-0.008226263507175202,0.08724574546180067,-0.15137757724389253,0.8868762995236922,0.10753649371498514,145.65,0.04516562165747871,0.10966428475315901,0.0
2021_07_DEN_CLE,2021,7,2021-10-21,DEN,CLE,14.0,17.0,31.0,40.5,-105.0,-106.0,2.0,27.0,59.0,0.0,1.0,0.0,0.040365785981601884,0.21946616246549286,-0.14463104539262273,0.8565981569821125,0.12620321578918886,135.68333333333334,0.03073286101487442,0.155097687359516,0.0
2021_07_CIN_BAL,2021,7,2021-10-24,CIN,BAL,41.0,17.0,58.0,45.5,-109.0,-102.0,6.5,6.0,61.0,0.0,0.0,1.0,0.0694996262825331,0.2580858421254045,-0.2937098311754166,0.9037053293604544,0.13426990664081606,127.8875,0.0341386720559767,0.11705496156523224,0.0
2021_07_WAS_GB,2021,7,2021-10-24,WAS,GB,10.0,24.0,34.0,48.0,105.0,-117.0,8.5,11.0,49.0,0.0,0.0,0.0,0.1409264635506933,0.33940344825320495,-0.15301762020545756,0.9276661422464465,0.11336633648397884,126.39583333333333,0.03970302071851481,0.09437614933848756,0.0
2021_07_ATL_MIA,2021,7,2021-10-24,ATL,MIA,30.0,28.0,58.0,48.5,101.0,-113.0,-1.5,9.0,85.0,0.0,0.0,0.0,0.12434200215582318,0.3302860386014074,-0.290468733719523,0.9184943795830824,0.13446769068526337,135.1975,0.029794535906134186,0.08845340655998271,0.0
2021_07_NYJ_NE,2021,7,2021-10-24,NYJ,NE,13.0,54.0,67.0,43.0,100.0,-112.0,7.0,0.0,52.0,0.0,0.0,1.0,-0.05692639770487637,0.09877948824994225,-0.2647802570697334,0.8890996260596358,0.12144928641646191,123.38499999999999,0.044142292138865696,0.1284075178080826,0.0
2021_07_CAR_NYG,2021,7,2021-10-24,CAR,NYG,3.0,25.0,28.0,42.5,-106.0,-105.0,-3.0,0.0,57.0,0.0,0.0,0.0,0.005363589925696452,0.15733166884954952,-0.1892962784833696,0.8769785183871404,0.11225868691462519,138.07083333333335,0.042141677180107646,0.10510662458066203,0.0
2021_07_KC_TEN,2021,7,2021-10-24,KC,TEN,3.0,27.0,30.0,57.5,-101.0,-111.0,-4.0,14.0,74.0,0.0,0.0,0.0,0.2656087671840254,0.4359402356569837,-0.04996371772742955,0.9895301418802198,0.122536230852821,145.3375,0.0380555234223269,0.08828273866867414,0.0
2021_07_DET_LA,2021,7,2021-10-24,DET,LA,19.0,28.0,47.0,51.0,-101.0,-110.0,17.0,0.0,,1.0,0.0,0.0,0.12051470328902426,0.37243204278943587,-0.26314215941328756,0.9262292167649396,0.13294863039809096,130.85,0.0402291029609263,0.10455328877788203,0.0
2021_07_PHI_LV,2021,7,2021-10-24,PHI,LV,22.0,33.0,55.0,48.0,-105.0,-106.0,1.0,0.0,,1.0,0.0,0.0,0.0448099228532124,0.1946667507089911,-0.14458867645785145,0.9005104703603904,0.11239526554244385,129.49166666666667,0.029046994145803216,0.11153486492258635,0.0
2021_07_HOU_ARI,2021,7,2021-10-24,HOU,ARI,5.0,31.0,36.0,47.0,-112.0,101.0,20.5,0.0,,1.0,0.0,0.0,-0.003666325432720219,0.15794202458188933,-0.20117405604701338,0.9032985193841471,0.11545578162233043,128.32083333333333,0.04899961688414048,0.12132303263349598,0.0
2021_07_CHI_TB,2021,7,2021-10-24,CHI,TB,3.0,38.0,41.0,47.0,-101.0,-110.0,12.5,7.0,83.0,0.0,0.0,0.0,0.11064711369937305,0.23768273566977124,-0.1517554188043545,0.9359129759555319,0.12763943199559982,128.39166666666668,0.03134030341375374,0.14255738518197136,0.0
2021_07_IND_SF,2021,7,2021-10-24,IND,SF,30.0,18.0,48.0,41.5,-110.0,-102.0,3.5,16.0,64.0,0.0,0.0,0.0,0.13828454296278686,0.36485064040256,-0.21332028749132353,0.9095361100383836,0.11566177185892225,130.7175,0.029419111565083606,0.10689633486602865,0.0
2021_07_NO_SEA,2021,7,2021-10-25,NO,SEA,13.0,10.0,23.0,42.0,-109.0,-102.0,-6.0,16.0,54.0,0.0,0.0,0.0,0.03594250473505843,0.2398728667559937,-0.21046837463239565,0.8978816167555138,0.11766433260229216,114.67583333333333,0.035315499706036105,0.10976996285897003,0.0
2021_08_GB_ARI,2021,8,2021-10-28,GB,ARI,24.0,21.0,45.0,51.0,-106.0,-105.0,6.5,0.0,,0.0,1.0,0.0,0.0366460974767779,0.21384469319976468,-0.20822149537352988,0.9275306580706968,0.1103094801500124,128.42678571428573,0.04043191627027877,0.13105741418056546,0.0
2021_08_CAR_ATL,2021,8,2021-10-31,CAR,ATL,19.0,13.0,32.0,47.0,100.0,-111.0,2.5,0.0,,0.0,0.0,1.0,-0.019754071589394417,0.10062497410980108,-0.19467566967708522,0.8854736586245318,0.10359037453303271,138.70654761904763,0.03589010223780914,0.10150459783648014,0.0
2021_08_MIA_BUF,2021,8,2021-10-31,MIA,BUF,11.0,26.0,37.0,48.5,-108.0,-103.0,15.0,9.0,54.0,0.0,0.0,1.0,0.057651157224987384,0.20838893260203303,-0.2870789719603452,0.8959853135997178,0.1292630505414633,134.13630952380953,0.0463298556973791,0.08081164399695831,0.0
2021_08_SF_CHI,2021,8,2021-10-31,SF,CHI,33.0,22.0,55.0,40.0,-114.0,102.0,-4.5,12.0,53.0,0.0,0.0,0.0,-0.017328793775000677,0.11275400493274526,-0.1482335871587927,0.8842903961098646,0.10276131852175416,125.80238095238096,0.040427651237623,0.13729509691816855,0.0
2021_08_PIT_CLE,2021,8,2021-10-31,PIT,CLE,15.0,10.0,25.0,43.0,-106.0,-105.0,5.5,13.0,57.0,0.0,0.0,1.0,0.07305560596991548,0.2000431978597334,-0.11572697449656369,0.8648601131307498,0.11834272398338909,135.3934523809524,0.029774977366050944,0.12026315942256438,0.0
2021_08_PHI_DET,2021,8,2021-10-31,PHI,DET,44.0,6.0,50.0,48.5,-101.0,-110.0,-3.0,0.0,,1.0,0.0,0.0,0.10591602991888753,0.2797526442492676,-0.12370233840128199,0.9261036111384554,0.12652049545362526,132.2732142857143,0.03682593700609943,0.09483207424804455,0.0
2021_08_LA_HOU,2021,8,2021-10-31,LA,HOU,38.0,22.0,60.0,47.0,-103.0,-108.0,-17.0,0.0,,1.0,0.0,0.0,0.03776844076221793,0.2634317817852091,-0.28866516046552393,0.9061191136326389,0.11658651264885658,123.70535714285714,0.047383381463471624,0.10788975701971486,0.0
2021_08_TEN_IND,2021,8,2021-10-31,TEN,IND,34.0,31.0,65.0,51.0,101.0,-112.0,3.0,0.0,,0.0,0.0,1.0,0.12748698667210315,0.3161496620544464,-0.17378825899727837,0.9043691150331823,0.12763652985539206,135.4035714285714,0.0412150447502481,0.11411670110022801,0.0
2021_08_CIN_NYJ,2021,8,2021-10-31,CIN,NYJ,31.0,34.0,65.0,43.5,-102.0,-109.0,-11.5,11.0,63.0,0.0,0.0,0.0,0.04869834255291375,0.2301092897926677,-0.18458929650408915,0.8846011092660504,0.14080030203904917,122.73690476190475,0.03542005827057466,0.11758994796685766,0.0
2021_08_NE_LAC,2021,8,2021-10-31,NE,LAC,27.0,24.0,51.0,50.5,-105.0,-106.0,3.5,0.0,,1.0,0.0,0.0,0.11402118357143586,0.2459568895279442,-0.15944758192291658,0.9366182863107652,0.13312325213562032,132.13690476190476,0.041268594353150286,0.10090083904097492,0.0
2021_08_JAX_SEA,2021,8,2021-10-31,JAX,SEA,7.0,31.0,38.0,44.0,-111.0,-101.0,4.0,8.0,54.0,0.0,0.0,0.0,0.11970066691472435,0.2625179351857587,-0.09941957378075048,0.9365107239648234,0.13555423582447607,122.28214285714286,0.028439028771768224,0.11224981163564503,0.0
2021_08_WAS_DEN,2021,8,2021-10-31,WAS,DEN,10.0,17.0,27.0,45.0,104.0,-116.0,4.0,4.0,41.0,0.0,0.0,0.0,0.10438863895924094,0.3178498501499594,-0.2267901098712171,0.9085534553479884,0.1160150539723116,130.68928571428572,0.037491218975315654,0.10429247705163378,0.0
2021_08_TB_NO,2021,8,2021-10-31,TB,NO,27.0,36.0,63.0,48.5,-102.0,-109.0,-4.0,0.0,,1.0,0.0,1.0,0.044044867730234805,0.19744115215725722,-0.22357404787689777,0.9141147147613133,0.1192707729389043,131.60476190476192,0.04403420044828694,0.09730436549223286,0.0
2021_08_DAL_MIN,2021,8,2021-10-31,DAL,MIN,20.0,16.0,36.0,49.5,-101.0,-110.0,4.5,0.0,,1.0,0.0,0.0,0.030236523856410773,0.15509315181909122,-0.13577031357398267,0.9111886899533058,0.13831797140469554,147.4375,0.04027069221230781,0.10110621675808293,0.0
2021_08_NYG_KC,2021,8,2021-11-01,NYG,KC,17.0,20.0,37.0,53.0,-110.0,-101.0,10.5,4.0,39.0,0.0,0.0,0.0,0.16331110581764421,0.3902303110397409,-0.18952422816924447,0.9549780119389895,0.11180343705487607,140.72857142857143,0.04328490591707293,0.07838413330237505,0.1
2021_09_NYJ_IND,2021,9,2021-11-04,NYJ,IND,30.0,45.0,75.0,46.0,-101.0,-111.0,10.5,0.0,,1.0,1.0,0.0,0.07245000382703772,0.22672011723796803,-0.1839647393565421,0.906006053733823,0.1261132066106842,131.73839285714286,0.04636704658563711,0.10997382778989256,0.0
2021_09_MIN_BAL,2021,9,2021-11-07,MIN,BAL,31.0,34.0,65.0,51.0,-102.0,-109.0,7.5,8.0,56.0,0.0,0.0,0.0,-0.0015301071583100276,0.12153837312784908,-0.22917097325753605,0.8609351569145182,0.14024870267503825,141.43214285714285,0.031647216013640074,0.11683987294153889,0.0
2021_09_NE_CAR,2021,9,2021-11-07,NE,CAR,24.0,6.0,30.0,41.5,-111.0,100.0,-3.5,16.0,61.0,0.0,0.0,0.0,-0.08035190498598066,0.03022971348376187,-0.20840585644461296,0.8670305306288026,0.1163885039502313,135.75625,0.04547104112914431,0.11469036733002963,0.0
2021_09_CLE_CIN,2021,9,2021-11-07,CLE,CIN,41.0,16.0,57.0,47.5,-105.0,-106.0,2.5,0.0,56.0,0.0,0.0,1.0,0.10825625534624717,0.25560670340282676,-0.11612845144387346,0.8821276441821613,0.13139715374543182,126.775,0.03108205237867562,0.12805279533800565,0.0
2021_09_DEN_DAL,2021,9,2021-11-07,DEN,DAL,30.0,16.0,46.0,50.0,-108.0,-103.0,10.5,0.0,,1.0,0.0,0.0,0.10051140963232374,0.25859202007016474,-0.11609953741874349,0.9218329635913929,0.13283121203775078,136.38214285714287,0.04144039392337877,0.11057716042369889,0.0
2021_09_BUF_JAX,2021,9,2021-11-07,BUF,JAX,6.0,9.0,15.0,48.0,-108.0,-103.0,-14.5,16.0,59.0,0.0,0.0,0.0,0.05532810392293723,0.20649635166232566,-0.24243650994038263,0.9253255795810933,0.12033250460859665,136.29999999999998,0.038923167951950596,0.07901267626469663,0.0
2021_09_HOU_MIA,2021,9,2021-11-07,HOU,MIA,9.0,17.0,26.0,45.0,-102.0,-109.0,4.0,19.0,72.0,0.0,0.0,0.0,0.05801405885730329,0.2748393536940096,-0.30176567917757746,0.8892942923670731,0.12754739234868,127.45625000000001,0.038993078944684643,0.10358649311802562,0.0
2021_09_ATL_NO,2021,9,2021-11-07,ATL,NO,27.0,25.0,52.0,43.0,-110.0,-101.0,7.0,0.0,,1.0,0.0,1.0,0.038574936927544365,0.2422358092156587,-0.2559326215590587,0.8973352711873864,0.10285121623035627,130.84285714285716,0.039171688856464354,0.08802223926053912,0.0
2021_09_LV_NYG,2021,9,2021-11-07,LV,NYG,16.0,23.0,39.0,47.0,-103.0,-108.0,-3.0,4.0,54.0,0.0,0.0,0.0,0.020906190912749964,0.21922303037416693,-0.25637249201207213,0.8840587772425844,0.10648201607985182,131.96428571428572,0.03571929231479552,0.1108561153432708,0.0
2021_09_LAC_PHI,2021,9,2021-11-07,LAC,PHI,27.0,24.0,51.0,49.5,-106.0,-105.0,-1.0,11.0,54.0,0.0,0.0,0.0,0.0507099840477701,0.10740805405221476,0.0010877492216979194,0.9240663236809988,0.10713653465007124,130.36785714285713,0.03445778722804041,0.09604480958029424,0.0
2021_09_GB_KC,2021,9,2021-11-07,GB,KC,7.0,13.0,20.0,48.0,-109.0,-102.0,7.0,12.0,51.0,0.0,0.0,0.0,0.17560473630328877,0.36784508924300025,-0.15714956957726978,0.9868368974831689,0.11636013001699336,136.61875,0.042668706537839225,0.09756698447166216,0.0
2021_09_ARI_SF,2021,9,2021-11-07,ARI,SF,31.0,17.0,48.0,44.5,-102.0,-109.0,5.5,8.0,57.0,0.0,0.0,1.0,0.023696319324214232,0.199144429521498,-0.19892133015134184,0.8802795155189552,0.11303476075468874,128.00892857142856,0.038893043973326144,0.11365781188466742,0.0
2021_09_TEN_LA,2021,9,2021-11-07,TEN,LA,28.0,16.0,44.0,53.5,-100.0,-111.0,7.0,0.0,,1.0,0.0,0.0,0.1542271735771286,0.35863527112250665,-0.14348308360527506,0.948620012447024,0.1196964336944285,132.25,0.039581887341221096,0.10425086280664399,0.0
2021_09_CHI_PIT,2021,9,2021-11-08,CHI,PIT,27.0,29.0,56.0,40.0,-108.0,-103.0,7.0,7.0,55.0,0.0,0.0,0.0,0.00968657730613745,0.12078267631598136,-0.10881789001124392,0.8752212792567943,0.11559732444532325,129.79642857142858,0.032986861183596485,0.13912491263424867,0.0
2021_10_BAL_MIA,2021,10,2021-11-11,BAL,MIA,10.0,22.0,32.0,46.5,-105.0,-106.0,-8.5,4.0,77.0,0.0,1.0,0.0,0.07541625639199342,0.24401470166782274,-0.2976591667805554,0.8934605485919571,0.1409088794508171,142.6326388888889,0.04000161993059114,0.09750023973986426,0.0
2021_10_ATL_DAL,2021,10,2021-11-14,ATL,DAL,3.0,43.0,46.0,55.0,-103.0,-108.0,8.0,0.0,,1.0,0.0,0.0,0.059540163203288816,0.2360554821261972,-0.22872008560983514,0.9155522102066482,0.1242271392352453,138.06875,0.039300937838297016,0.08231846785881466,0.0
2021_10_JAX_IND,2021,10,2021-11-14,JAX,IND,17.0,23.0,40.0,47.5,-103.0,-108.0,10.5,0.0,,1.0,0.0,1.0,0.0832418671772028,0.2523065785345033,-0.2313916549390835,0.9049822211294722,0.12185718887073266,131.56944444444446,0.041855015953838,0.09942362946044633,0.0
2021_10_CLE_NE,2021,10,2021-11-14,CLE,NE,7.0,45.0,52.0,45.5,-103.0,-108.0,2.5,6.0,48.0,0.0,0.0,0.0,0.025162767379008983,0.11847406132216072,-0.12021529751398928,0.8776488388401386,0.1264587223244335,127.59583333333333,0.04154982122070677,0.12807912328911458,0.0
2021_10_BUF_NYJ,2021,10,2021-11-14,BUF,NYJ,45.0,17.0,62.0,47.0,-116.0,104.0,-13.0,4.0,47.0,0.0,0.0,1.0,0.0674790363541051,0.23020623116925765,-0.2894983676382458,0.9124567033050438,0.1239433297399784,136.925,0.04411787228607114,0.08914395148129473,0.0
2021_10_DET_PIT,2021,10,2021-11-14,DET,PIT,16.0,16.0,32.0,43.0,102.0,-114.0,9.0,12.0,37.0,0.0,0.0,0.0,0.033892549269487926,0.1951157303889796,-0.18300343832772464,0.8637273504246865,0.1216056722117901,135.2625,0.030446445924954584,0.11925291000090123,0.3
2021_10_NO_TEN,2021,10,2021-11-14,NO,TEN,21.0,23.0,44.0,44.0,-102.0,-109.0,3.0,12.0,53.0,0.0,0.0,0.0,0.006853514318538418,0.19107971955501032,-0.24649068287745757,0.8809079096998269,0.10140404559332039,132.7215277777778,0.03970673906198984,0.11393494347952443,0.0
2021_10_TB_WAS,2021,10,2021-11-14,TB,WAS,19.0,29.0,48.0,51.0,-102.0,-109.0,-10.0,8.0,47.0,0.0,0.0,0.0,0.10846184106442748,0.24727078514689432,-0.20980696405221433,0.9284313720341639,0.1291034851869013,136.16875,0.04795729821155764,0.09597174982817858,0.0
2021_10_CAR_ARI,2021,10,2021-11-14,CAR,ARI,34.0,10.0,44.0,42.0,101.0,-113.0,7.0,0.0,,1.0,0.0,0.0,-0.12877085308992503,-0.0300545656621429,-0.2123871266268922,0.8594007910937607,0.09701775839114367,134.89722222222224,0.045029004556753176,0.12946658547330103,0.0
2021_10_MIN_LAC,2021,10,2021-11-14,MIN,LAC,27.0,20.0,47.0,53.5,-107.0,-104.0,3.0,0.0,,1.0,0.0,0.0,0.07283323906897361,0.16598561369012002,-0.053169526071676784,0.8825469170529276,0.11910755945301338,136.08125,0.03142673055119406,0.09458950132195726,0.0
2021_10_PHI_DEN,2021,10,2021-11-14,PHI,DEN,30.0,13.0,43.0,44.5,-108.0,-103.0,1.0,19.0,57.0,0.0,0.0,0.0,0.12093564204614712,0.3075108114814363,-0.0638196318401122,0.9280265525162331,0.11453114041559298,126.53194444444443,0.029143654056687587,0.11351809500848957,0.0
2021_10_SEA_GB,2021,10,2021-11-14,SEA,GB,0.0,17.0,17.0,49.5,105.0,-117.0,3.0,11.0,35.0,0.0,0.0,0.0,0.06462384604361954,0.20178490614455402,-0.14814532837891148,0.9173738454287657,0.1096480335698559,119.625,0.02750120290874484,0.12588771765743312,0.5
2021_10_KC_LV,2021,10,2021-11-14,KC,LV,41.0,14.0,55.0,53.5,-103.0,-108.0,-2.5,0.0,,1.0,0.0,1.0,0.09678525651933943,0.29404655361507803,-0.20760638781763258,0.9501561416648696,0.11777000378614895,138.62569444444446,0.04010640243743077,0.093739685669852,0.0
2021_10_LA_SF,2021,10,2021-11-15,LA,SF,10.0,31.0,41.0,50.0,-102.0,-110.0,-3.5,0.0,59.0,0.0,0.0,1.0,0.09737833730279141,0.3059401304848499,-0.18594052847141906,0.9008046391343607,0.12216479144272258,126.31319444444445,0.04036923033389636,0.11132190300681469,0.0
2021_11_NE_ATL,2021,11,2021-11-18,NE,ATL,25.0,0.0,25.0,47.5,-103.0,-108.0,-7.0,0.0,,1.0,1.0,0.0,0.00031624604427196723,0.1512729061893348,-0.23124626495494022,0.888872532087101,0.10897492384696486,127.77083333333334,0.04445573991820609,0.09579415554453147,0.0
2021_11_IND_BUF,2021,11,2021-11-21,IND,BUF,41.0,15.0,56.0,49.5,100.0,-111.0,7.5,12.0,49.0,0.0,0.0,0.0,0.04061357614861192,0.18546214057598354,-0.2706556355273582,0.8698359093419594,0.11337066565941048,134.74805555555557,0.05045883572512884,0.08818477037511219,0.0
2021_11_WAS_CAR,2021,11,2021-11-21,WAS,CAR,27.0,21.0,48.0,43.0,-103.0,-108.0,3.5,0.0,54.0,0.0,0.0,0.0,-0.128388657784294,-0.03181940981713806,-0.2752081034342305,0.8517365523475555,0.08932221618938305,135.67333333333332,0.048222130788647184,0.12212929593224033,0.0
2021_11_BAL_CHI,2021,11,2021-11-21,BAL,CHI,16.0,13.0,29.0,43.0,-107.0,-104.0,-5.0,9.0,46.0,0.0,0.0,0.0,0.049840974179578036,0.1470623069232565,-0.0918763091335706,0.8877232203799245,0.13840160337803575,136.64027777777778,0.03249177600193889,0.13966350000093958,0.0
2021_11_DET_CLE,2021,11,2021-11-21,DET,CLE,10.0,13.0,23.0,42.5,-108.0,-103.0,13.0,7.0,42.0,0.0,0.0,0.0,0.07530551611186959,0.21093798206354358,-0.10761897990741554,0.8757458521470622,0.11758315972049749,129.76666666666665,0.028821929564365772,0.13311619036469352,0.0
2021_11_SF_JAX,2021,11,2021-11-21,SF,JAX,30.0,10.0,40.0,45.0,-108.0,-103.0,-6.5,17.0,68.0,0.0,0.0,0.0,0.05615686297817317,0.2706717125012199,-0.20744218556839344,0.8820470374630841,0.12382683383206107,126.86250000000001,0.03673328824724664,0.09973627635891072,0.0
2021_11_GB_MIN,2021,11,2021-11-21,GB,MIN,31.0,34.0,65.0,48.0,102.0,-113.0,-1.0,0.0,,1.0,0.0,1.0,0.026064059166940177,0.11653150521613798,-0.08613358150044134,0.8916443074189256,0.11122916763612575,134.9063888888889,0.03295103251402384,0.09866247173115689,0.0
2021_11_MIA_NYJ,2021,11,2021-11-21,MIA,NYJ,24.0,17.0,41.0,44.5,-112.0,101.0,-3.5,4.0,52.0,0.0,0.0,1.0,0.060242507049816055,0.21805691627384916,-0.25160104380933346,0.9078285034459339,0.133348100132895,138.0113888888889,0.049637907976587146,0.10337539431574203,0.0
2021_11_NO_PHI,2021,11,2021-11-21,NO,PHI,29.0,40.0,69.0,42.5,-100.0,-111.0,2.5,4.0,51.0,0.0,0.0,0.0,0.027504362351497627,0.26073433147022423,-0.2637996569028003,0.8960633587944591,0.1101825881888561,129.54,0.02764425500595197,0.10191891497492508,0.0
2021_11_HOU_TEN,2021,11,2021-11-21,HOU,TEN,22.0,13.0,35.0,44.5,-101.0,-110.0,10.5,8.0,59.0,0.0,0.0,1.0,-0.034890524363414,0.12151011458534904,-0.20849304746872963,0.871843864248314,0.09774931117912523,129.8425,0.043522231979063686,0.13328224685650047,0.0
2021_11_CIN_LV,2021,11,2021-11-21,CIN,LV,32.0,13.0,45.0,50.5,-101.0,-110.0,-1.0,0.0,,1.0,0.0,0.0,0.07714085931594858,0.2653786485452636,-0.20456156986877855,0.9016857394130939,0.1470082486648231,126.90833333333333,0.03753011854876007,0.11471051100254404,0.0
2021_11_DAL_KC,2021,11,2021-11-21,DAL,KC,9.0,19.0,28.0,56.0,103.0,-115.0,2.5,17.0,57.0,0.0,0.0,0.0,0.07333777266362144,0.22962469519085504,-0.1913887365987434,0.9215389775223299,0.1292995161442617,145.06361111111113,0.04335450185010144,0.08049082178124253,0.0
2021_11_ARI_SEA,2021,11,2021-11-21,ARI,SEA,23.0,13.0,36.0,46.0,101.0,-113.0,2.5,0.0,46.0,0.0,0.0,1.0,-0.05491948664746278,0.07938069794208186,-0.20286015946062924,0.8885252264519535,0.09710498908422044,122.31694444444445,0.03482520473457829,0.1306286345149048,0.0
2021_11_PIT_LAC,2021,11,2021-11-21,PIT,LAC,37.0,41.0,78.0,47.5,-106.0,-105.0,5.5,0.0,,1.0,0.0,0.0,0.035584644013324174,0.09676805102477047,-0.06837084911076415,0.8758963483403885,0.11231806982701753,136.15972222222223,0.029557743694276287,0.11199090135044795,0.0
2021_11_NYG_TB,2021,11,2021-11-22,NYG,TB,10.0,30.0,40.0,49.5,-109.0,-102.0,11.5,6.0,68.0,0.0,0.0,0.0,0.026330227163061076,0.12222663932582847,-0.12940984443281223,0.9176190168869682,0.11247340483429887,130.09444444444443,0.04756090467183394,0.09861474778924387,0.0
2021_12_CHI_DET,2021,12,2021-11-25,CHI,DET,16.0,14.0,30.0,41.5,-108.0,-103.0,-2.0,0.0,,1.0,1.0,1.0,-0.0037252362330882707,0.0781596016549221,-0.11217281560667196,0.855613561278398,0.12471775891536657,127.3025,0.036865751795635775,0.13182985656715873,0.0
2021_12_LV_DAL,2021,12,2021-11-25,LV,DAL,36.0,33.0,69.0,51.0,-108.0,-103.0,7.0,0.0,,1.0,1.0,0.0,-0.023673343954156538,0.11543063101918578,-0.22635715420589814,0.8998270810994373,0.13280076751260467,133.22000000000003,0.044706598178044996,0.1054903392375208,0.0
2021_12_BUF_NO,2021,12,2021-11-25,BUF,NO,31.0,6.0,37.0,45.0,-101.0,-110.0,-7.0,0.0,,1.0,1.0,0.0,-0.022899407493791876,0.16802908914593867,-0.3420025632825098,0.8666977414178407,0.11180501811774082,132.025,0.04665344507348039,0.08972863356719102,0.0
2021_12_PIT_CIN,2021,12,2021-11-28,PIT,CIN,10.0,41.0,51.0,43.5,-110.0,-102.0,3.5,12.0,43.0,0.0,0.0,1.0,0.02641154487736977,0.1450439272236716,-0.16993478015495148,0.868491987051603,0.13404075173784252,134.8025,0.03237275466390296,0.12936622092715658,0.0
2021_12_NYJ_HOU,2021,12,2021-11-28,NYJ,HOU,21.0,14.0,35.0,44.5,-108.0,-103.0,3.0,0.0,,1.0,0.0,0.0,0.009731876337786218,0.1942891188764695,-0.24110565124785474,0.89944324107069,0.11734717203877786,131.2975,0.05018252540588592,0.11066502199409228,0.0
2021_12_TB_IND,2021,12,2021-11-28,TB,IND,38.0,31.0,69.0,53.0,-102.0,-109.0,-3.0,0.0,,1.0,0.0,0.0,0.08430333875764368,0.1742626341012224,-0.07073076698834631,0.9217723594532621,0.1183520875066565,133.01999999999998,0.04800436960155988,0.08529966241452819,0.0
2021_12_ATL_JAX,2021,12,2021-11-28,ATL,JAX,21.0,14.0,35.0,46.0,-103.0,-108.0,-1.5,4.0,61.0,0.0,0.0,0.0,-0.04933138531194453,0.12977261150685526,-0.3277121025076337,0.8887000791877457,0.09221811656709802,123.23750000000001,0.038710074250943874,0.10162290339426874,0.0
2021_12_CAR_MIA,2021,12,2021-11-28,CAR,MIA,10.0,33.0,43.0,41.0,-113.0,102.0,-1.0,4.0,74.0,0.0,0.0,0.0,-0.1271186812536046,-0.00034614827966699194,-0.3035536234650637,0.8486836477205102,0.09545455993119367,134.2056818181818,0.04596627059442497,0.1139533015550749,0.0
2021_12_TEN_NE,2021,12,2021-11-28,TEN,NE,13.0,36.0,49.0,43.0,-108.0,-103.0,7.5,6.0,33.0,0.0,0.0,0.0,-0.06110346420309194,0.03394754671655701,-0.15563940288062572,0.8819037677229346,0.09012062307733901,133.44886363636363,0.04554185464157363,0.12626931661804416,0.7
2021_12_PHI_NYG,2021,12,2021-11-28,PHI,NYG,7.0,13.0,20.0,45.5,-104.0,-107.0,-4.0,4.0,39.0,0.0,0.0,1.0,-0.01111916916427929,0.11733011545125469,-0.12005074571537469,0.9095951284081607,0.09826950090965142,126.93931818181818,0.03641437616993337,0.0974348983938865,0.1
2021_12_LAC_DEN,2021,12,2021-11-28,LAC,DEN,13.0,28.0,41.0,47.5,-100.0,-111.0,-2.5,0.0,62.0,0.0,0.0,1.0,0.10593290041977399,0.2568894693532098,-0.09901456204937834,0.9177025205240215,0.11541268519262754,128.875,0.03002165052574151,0.11450623827326856,0.0
2021_12_LA_GB,2021,12,2021-11-28,LA,GB,28.0,36.0,64.0,47.0,-102.0,-109.0,-2.0,14.0,37.0,0.0,0.0,0.0,0.11180563920478068,0.2963222970653323,-0.0964263966030709,0.9303697545368095,0.11012562781546577,128.44522727272727,0.03275861628705912,0.10277696026125958,0.3
2021_12_MIN_SF,2021,12,2021-11-28,MIN,SF,26.0,34.0,60.0,49.0,-110.0,-101.0,3.5,7.0,68.0,0.0,0.0,0.0,0.14394528099703702,0.3680024910869305,-0.09949339149882568,0.8867907160202865,0.12504191968144746,131.03,0.028203800689512188,0.10736440121640875,0.0
2021_12_CLE_BAL,2021,12,2021-11-28,CLE,BAL,10.0,16.0,26.0,47.0,-110.0,-101.0,3.0,0.0,43.0,0.0,0.0,1.0,0.0561169335350645,0.15103803784132147,-0.09326290459353057,0.8585132888528566,0.13813652081247135,138.65272727272728,0.030212416982973243,0.1355301583862933,0.0
2021_12_SEA_WAS,2021,12,2021-11-29,SEA,WAS,15.0,17.0,32.0,47.0,104.0,-116.0,-1.0,9.0,41.0,0.0,0.0,0.0,0.05128701833600012,0.210255002290982,-0.17112814835617615,0.898828116586565,0.10342315676322922,123.5475,0.030386128286632667,0.1327542794422341,0.0
2021_13_DAL_NO,2021,13,2021-12-02,DAL,NO,27.0,17.0,44.0,46.0,-105.0,-106.0,-6.0,0.0,,1.0,0.0,0.0,-0.05649126146885228,0.13380436327507528,-0.3200156213251616,0.8467977705493496,0.1208243627943707,135.29545454545453,0.03978174457259563,0.10644826910462625,0.0
2021_13_TB_ATL,2021,13,2021-12-05,TB,ATL,30.0,17.0,47.0,51.0,-104.0,-107.0,-11.0,0.0,,1.0,0.0,1.0,-0.01313798434573829,0.09854644341085976,-0.206573369748529,0.9193130177334832,0.10556702241876284,126.23977272727274,0.05165446536357657,0.08855238943318416,0.0
2021_13_ARI_CHI,2021,13,2021-12-05,ARI,CHI,33.0,22.0,55.0,43.5,-110.0,-101.0,-7.5,8.0,34.0,0.0,0.0,0.0,0.004469576299341194,0.1604371561454145,-0.19166861722044864,0.8756277300522345,0.111889530610377,129.28863636363639,0.03550996978699035,0.14219700333941104,0.6
2021_13_LAC_CIN,2021,13,2021-12-05,LAC,CIN,41.0,22.0,63.0,49.5,-111.0,-101.0,2.5,11.0,48.0,0.0,0.0,0.0,0.07556749951228345,0.20533555479569854,-0.12936281991447457,0.9273323125374926,0.11570989586088234,132.6340909090909,0.03715289627220489,0.11104137879245651,0.0
2021_13_MIN_DET,2021,13,2021-12-05,MIN,DET,27.0,29.0,56.0,47.5,-104.0,-107.0,-7.0,0.0,,1.0,0.0,1.0,0.043633393598784785,0.16233477645253983,-0.1475227494367622,0.8524914924591857,0.12274829721667116,129.00795454545454,0.03267129191024079,0.0966960347032402,0.0
2021_13_IND_HOU,2021,13,2021-12-05,IND,HOU,31.0,0.0,31.0,45.5,-104.0,-107.0,-10.0,0.0,,1.0,0.0,1.0,0.005512525741284968,0.11193333009252576,-0.1210841834566885,0.8861685564137107,0.10388333238629541,127.81022727272727,0.04871956303904962,0.11642106769760911,0.0
2021_13_NYG_MIA,2021,13,2021-12-05,NYG,MIA,9.0,20.0,29.0,40.0,-111.0,100.0,6.5,11.0,80.0,0.0,0.0,0.0,-0.07271132642973241,0.001185929408857908,-0.17994297966817513,0.8751449530774082,0.09769990575834003,130.25681818181818,0.04938533925840866,0.10604388129434113,0.0
2021_13_PHI_NYJ,2021,13,2021-12-05,PHI,NYJ,33.0,18.0,51.0,44.0,-109.0,-102.0,-5.0,0.0,45.0,0.0,0.0,0.0,0.07090908067514141,0.20707427188029698,-0.13242538600374204,0.9188226318536823,0.12827792982647845,132.07613636363635,0.040065722483523906,0.10156799186959292,0.0
2021_13_JAX_LA,2021,13,2021-12-05,JAX,LA,7.0,37.0,44.0,48.0,-102.0,-109.0,14.0,0.0,,1.0,0.0,0.0,0.038456162799225854,0.21584473032166804,-0.1744781525276204,0.9087966295929892,0.10687057554403297,127.20795454545454,0.034776338572763896,0.10375573370191009,0.0
2021_13_WAS_LV,2021,13,2021-12-05,WAS,LV,17.0,15.0,32.0,47.5,103.0,-114.0,1.0,0.0,,1.0,0.0,0.0,0.07530613548025739,0.2762077320451015,-0.23077546822522207,0.9039042241672259,0.11970154820590825,135.05227272727274,0.036926271389013096,0.11245181865592363,0.0
2021_13_BAL_PIT,2021,13,2021-12-05,BAL,PIT,19.0,20.0,39.0,44.0,-102.0,-109.0,-4.0,7.0,50.0,0.0,0.0,1.0,0.004450545321406905,0.07122518810048176,-0.16150536148064187,0.8523207121965279,0.12479477911760314,145.7909090909091,0.03428664847817558,0.12529797798918013,0.0
2021_13_SF_SEA,2021,13,2021-12-05,SF,SEA,23.0,30.0,53.0,44.5,-108.0,-103.0,-3.0,4.0,41.0,0.0,0.0,1.0,0.053541272392551895,0.2662286096190378,-0.1635975688839087,0.8947237108843156,0.11543613899499157,118.88409090909092,0.02987767870756798,0.1198370722791968,0.0
2021_13_DEN_KC,2021,13,2021-12-05,DEN,KC,9.0,22.0,31.0,46.5,-103.0,-108.0,8.5,22.0,58.0,0.0,0.0,1.0,0.06313048467302279,0.20530145159640129,-0.1382746432888461,0.9041779789082076,0.11560754566896153,133.91704545454544,0.03964500080178216,0.10941865009287716,0.0
2021_13_NE_BUF,2021,13,2021-12-06,NE,BUF,14.0,10.0,24.0,40.0,-109.0,-102.0,3.0,27.0,36.0,0.0,0.0,1.0,-0.05809558811397161,0.04998668659271505,-0.24580687666089618,0.8881007359749167,0.10582174025888327,128.107196969697,0.057998990934080626,0.10980029941821393,0.4
2021_14_PIT_MIN,2021,14,2021-12-09,PIT,MIN,28.0,36.0,64.0,45.0,-107.0,-104.0,3.5,0.0,,1.0,1.0,0.0,0.0708332730367606,0.20256152293906157,-0.17597201671004825,0.8774542746522814,0.12073680840863704,136.75,0.02950267492509992,0.11608937787708393,0.0
2021_14_ATL_CAR,2021,14,2021-12-12,ATL,CAR,29.0,21.0,50.0,41.0,-116.0,105.0,2.5,9.0,48.0,0.0,0.0,1.0,-0.15016256485707705,-0.049176416031150916,-0.2661661776319788,0.8528655639304288,0.08230764517880244,126.25833333333334,0.04828866082985906,0.11589073669286667,0.0
2021_14_BAL_CLE,2021,14,2021-12-12,BAL,CLE,22.0,24.0,46.0,44.0,-108.0,-103.0,3.0,14.0,46.0,0.0,0.0,1.0,0.007796304922863968,0.09830093386904007,-0.14975094463021993,0.8503268986511447,0.12244040240414847,136.98333333333332,0.03841456240170153,0.13966890550037164,0.0
2021_14_SEA_HOU,2021,14,2021-12-12,SEA,HOU,33.0,13.0,46.0,40.5,-117.0,105.0,-10.0,0.0,,0.0,0.0,0.0,-0.11349936784739649,-0.016287599980145402,-0.21330904541458579,0.8543555116731131,0.09324191244177521,117.43333333333334,0.042509095412309246,0.13459943589660378,0.0
2021_14_LV_KC,2021,14,2021-12-12,LV,KC,9.0,48.0,57.0,48.0,-108.0,-103.0,10.0,19.0,47.0,0.0,0.0,1.0,0.0633397758840567,0.22397126291164304,-0.21663979545852907,0.9168266932559357,0.12214516662321559,132.2625,0.036981689822959754,0.08684343043445268,0.0
2021_14_NO_NYJ,2021,14,2021-12-12,NO,NYJ,30.0,9.0,39.0,42.0,100.0,-112.0,-4.5,13.0,46.0,0.0,0.0,0.0,-0.016200656999985276,0.13534330329765504,-0.2115791121085246,0.862198495135311,0.1286199798243067,129.6625,0.04321744586474866,0.1153324960404172,0.0
2021_14_JAX_TEN,2021,14,2021-12-12,JAX,TEN,0.0,20.0,20.0,44.5,-103.0,-108.0,8.5,0.0,45.0,0.0,0.0,1.0,0.02930315382561338,0.17189624808387632,-0.16264778491938162,0.9000084953679989,0.10084185675763416,130.23333333333335,0.03532274655350433,0.10859200485160009,0.0
2021_14_DAL_WAS,2021,14,2021-12-12,DAL,WAS,27.0,20.0,47.0,48.0,-103.0,-108.0,-6.5,17.0,48.0,0.0,0.0,1.0,0.0048822701324773565,0.15029687473218567,-0.18963094858132262,0.8754040616610271,0.11552811084962436,140.23333333333335,0.04260602898226032,0.09838998551296937,0.0
2021_14_DET_DEN,2021,14,2021-12-12,DET,DEN,10.0,38.0,48.0,42.0,-105.0,-106.0,13.0,8.0,63.0,0.0,0.0,0.0,-0.032729712022107005,0.08569905759970982,-0.1941956465546333,0.8525649279641588,0.11018423912050596,128.875,0.038107959484407164,0.10724355862768661,0.0
2021_14_NYG_LAC,2021,14,2021-12-12,NYG,LAC,21.0,37.0,58.0,44.0,-103.0,-108.0,9.5,0.0,,1.0,0.0,0.0,-0.008220181185829178,0.06744973932809378,-0.13282471320375672,0.9053249180311446,0.09393002750209822,129.34583333333333,0.04314544949142522,0.10114795450536863,0.0
2021_14_SF_CIN,2021,14,2021-12-12,SF,CIN,26.0,23.0,49.0,49.0,-108.0,-103.0,-2.5,9.0,48.0,0.0,0.0,0.0,-0.002651307250060384,0.17700709580533486,-0.18876826631324806,0.8779976315365898,0.13015169046689026,130.81666666666666,0.04745461209817435,0.1305672054771481,0.0
2021_14_BUF_TB,2021,14,2021-12-12,BUF,TB,27.0,33.0,60.0,52.5,-110.0,-101.0,3.5,4.0,82.0,0.0,0.0,0.0,0.021533241707581433,0.1209341643950905,-0.1572768201765528,0.916737337239161,0.11125422456877002,130.35833333333335,0.05348003919366341,0.0814802013688802,0.0
2021_14_CHI_GB,2021,14,2021-12-12,CHI,GB,30.0,45.0,75.0,43.0,-114.0,103.0,11.5,8.0,36.0,0.0,0.0,1.0,0.050260181205690854,0.2023757867242948,-0.13198352253433115,0.8814886545375707,0.10865749905032368,129.96249999999998,0.032567809954209145,0.12267275764849184,0.4
2021_14_LA_ARI,2021,14,2021-12-13,LA,ARI,30.0,23.0,53.0,51.0,-105.0,-106.0,3.0,0.0,,0.0,0.0,1.0,-0.008800527708622271,0.2077525720853689,-0.23778521019612087,0.8968638705952028,0.10256036074927129,129.74166666666667,0.039608159347913,0.11568793025210847,0.0
2021_15_KC_LAC,2021,15,2021-12-16,KC,LAC,34.0,28.0,62.0,54.0,101.0,-113.0,-3.0,0.0,,1.0,1.0,1.0,0.08017699577994943,0.1976651048001367,-0.15392113393410156,0.9418537860442312,0.1057578994521275,135.95,0.04608368259596376,0.09869096437964847,0.0
2021_15_NE_IND,2021,15,2021-12-18,NE,IND,17.0,27.0,44.0,46.0,-115.0,103.0,-1.0,0.0,,1.0,0.0,0.0,-0.013783126570783018,0.04015851639936432,-0.07254420557767226,0.9014949753863479,0.1016826268607949,128.125,0.049301662779097095,0.11385266800232982,0.0
2021_15_CAR_BUF,2021,15,2021-12-19,CAR,BUF,14.0,31.0,45.0,43.0,-104.0,-107.0,14.0,8.0,30.0,0.0,0.0,0.0,-0.09943662425578531,0.020793723658458933,-0.21421482381266788,0.8546468557220737,0.09216393654528654,130.96249999999998,0.04592780939921909,0.09965534067213067,1.0
2021_15_ARI_DET,2021,15,2021-12-19,ARI,DET,12.0,30.0,42.0,48.0,-104.0,-107.0,-13.0,0.0,,1.0,0.0,0.0,-0.025459372237931835,0.1327294633059241,-0.23790424904292837,0.8747092216481629,0.10237703081625422,129.175,0.03992419638756707,0.11185654090341035,0.0
2021_15_HOU_JAX,2021,15,2021-12-19,HOU,JAX,30.0,16.0,46.0,40.0,-106.0,-105.0,6.0,12.0,80.0,0.0,0.0,1.0,-0.08299837572178638,0.06763494734014136,-0.2904242825635047,0.8631476148544632,0.09547932257459625,124.125,0.04028103392662695,0.11681669644152554,0.0
2021_15_NYJ_MIA,2021,15,2021-12-19,NYJ,MIA,24.0,31.0,55.0,42.0,-107.0,-104.0,10.5,9.0,82.0,0.0,0.0,1.0,-0.005698952170013753,0.10455513186707698,-0.15997392566377178,0.8639499953904877,0.11404444197898303,132.575,0.036222680250730624,0.12447984235236503,0.0
2021_15_DAL_NYG,2021,15,2021-12-19,DAL,NYG,21.0,6.0,27.0,43.0,-116.0,104.0,-11.5,8.0,37.0,0.0,0.0,1.0,-0.0958908727325072,-0.07043653346923465,-0.0812681455095465,0.8633920978573084,0.1020172374475393,135.875,0.0473931686610174,0.10026354058664763,0.3
2021_15_TEN_PIT,2021,15,2021-12-19,TEN,PIT,13.0,19.0,32.0,44.0,-106.0,-105.0,1.0,11.0,32.0,0.0,0.0,0.0,0.010255291325845486,0.11963018443621559,-0.19063839953223435,0.8688382535476113,0.10071791984291538,135.375,0.037040817936858095,0.12273855670092573,0.8
2021_15_CIN_DEN,2021,15,2021-12-19,CIN,DEN,15.0,10.0,25.0,45.0,110.0,-123.0,3.0,19.0,61.0,0.0,0.0,0.0,-0.0214592277149887,0.11120904554619562,-0.187888576093991,0.8857252971523668,0.11698885643967868,131.53750000000002,0.04163327566181771,0.13198040902812241,0.0
2021_15_ATL_SF,2021,15,2021-12-19,ATL,SF,13.0,31.0,44.0,48.0,-105.0,-106.0,9.5,0.0,46.0,0.0,0.0,0.0,0.019820837729685924,0.194158327242408,-0.21267148233080455,0.8875767199358093,0.11332192756869969,127.69999999999999,0.04219633933166281,0.10799717284615486,0.0
2021_15_GB_BAL,2021,15,2021-12-19,GB,BAL,31.0,30.0,61.0,45.5,-102.0,-109.0,-9.5,11.0,43.0,0.0,0.0,0.0,0.06687245367663294,0.21306666134328583,-0.17783288254941684,0.8938344147597388,0.12179900379162065,140.33749999999998,0.035674121433104215,0.11489444332747585,0.0
2021_15_NO_TB,2021,15,2021-12-19,NO,TB,9.0,0.0,9.0,45.5,-110.0,-101.0,11.5,0.0,75.0,0.0,0.0,1.0,-0.024296817441557705,0.060791184905152895,-0.13498880514001332,0.8840012176099923,0.12188903644961076,134.6375,0.044509188697861746,0.09796108358811878,0.0
2021_15_LV_CLE,2021,15,2021-12-20,LV,CLE,16.0,14.0,30.0,41.0,-111.0,-100.0,-3.0,8.0,40.0,0.0,0.0,0.0,0.02946985873802269,0.19312690291933116,-0.24337140853175196,0.8835197854413427,0.11630533819892205,129.02499999999998,0.03849420661331256,0.11844982766393009,0.0
2021_15_MIN_CHI,2021,15,2021-12-20,MIN,CHI,17.0,9.0,26.0,48.0,103.0,-114.0,-7.0,8.0,37.0,0.0,0.0,1.0,0.053851548405792996,0.1938217664059289,-0.1457852498399625,0.8747665980286462,0.12659037152594232,132.4125,0.03481823388963032,0.12527428644238892,0.3
2021_15_SEA_LA,2021,15,2021-12-21,SEA,LA,10.0,20.0,30.0,47.0,-110.0,-101.0,7.5,0.0,,1.0,0.0,1.0,0.048772989095354095,0.2566449184848689,-0.2158151115628697,0.8995150678227606,0.11303447120676112,119.275,0.030106474831252308,0.10729408858179604,0.0
2021_15_WAS_PHI,2021,15,2021-12-21,WAS,PHI,17.0,27.0,44.0,39.5,-101.0,-110.0,10.0,7.0,42.0,0.0,0.0,1.0,0.019250453695580257,0.17338418448716597,-0.16142139936152833,0.8990967871499438,0.09740534171631565,134.425,0.03760035283764296,0.1009601931974497,0.0
2021_16_SF_TEN,2021,16,2021-12-23,SF,TEN,17.0,20.0,37.0,45.5,104.0,-116.0,-3.5,7.0,48.0,0.0,1.0,0.0,0.002951483474463279,0.15344817671691857,-0.1955836180108112,0.8646245690704834,0.11272576547078683,133.91607142857146,0.04181142500986375,0.12505141120392818,0.0
2021_16_CLE_GB,2021,16,2021-12-25,CLE,GB,22.0,24.0,46.0,46.5,-111.0,-100.0,7.5,11.0,35.0,0.0,0.0,0.0,0.09407526325150073,0.22642973659627014,-0.11599218235786021,0.8960666855268873,0.11074362121977364,127.62857142857142,0.03517098851719225,0.10496434518579847,0.5
2021_16_IND_ARI,2021,16,2021-12-25,IND,ARI,22.0,16.0,38.0,48.0,-105.0,-106.0,3.0,0.0,,1.0,0.0,0.0,0.017711132515177967,0.10864364486407423,-0.08884617739821643,0.9139933001685894,0.10388166380222584,133.85892857142858,0.04409962290941216,0.11314366444705246,0.0
2021_16_DET_ATL,2021,16,2021-12-26,DET,ATL,16.0,20.0,36.0,42.5,-113.0,102.0,7.5,0.0,,0.0,0.0,0.0,0.004576199919576113,0.19854497311150773,-0.2587556118300989,0.8834071742854104,0.10405187047066422,127.40892857142856,0.03810170525947196,0.0873982044379841,0.0
2021_16_TB_CAR,2021,16,2021-12-26,TB,CAR,32.0,6.0,38.0,44.5,101.0,-113.0,-11.5,8.0,73.0,0.0,0.0,1.0,-0.04953401785431903,0.02005770440208028,-0.11338558133363853,0.8866320344881704,0.10304513808764622,134.98035714285714,0.0442382720737829,0.11462791543335293,0.0
2021_16_BAL_CIN,2021,16,2021-12-26,BAL,CIN,21.0,41.0,62.0,43.0,-114.0,102.0,7.5,0.0,52.0,0.0,0.0,1.0,0.015469101450492538,0.1433901473729857,-0.2184636300313755,0.8741569344913717,0.12719498438028592,137.24642857142857,0.03768924213544919,0.1389607534648041,0.0
2021_16_LAC_HOU,2021,16,2021-12-26,LAC,HOU,29.0,41.0,70.0,46.0,-103.0,-108.0,-13.5,0.0,,1.0,0.0,0.0,-0.03352080071053193,0.05588877688393958,-0.163782947807587,0.8769178214808226,0.10066865699219477,131.4267857142857,0.04118220894491522,0.11563174956994976,0.0
2021_16_LA_MIN,2021,16,2021-12-26,LA,MIN,30.0,23.0,53.0,48.5,-111.0,-100.0,-3.5,0.0,,1.0,0.0,0.0,0.008725865119752145,0.16958701889317238,-0.2517003799724723,0.8796117771068643,0.11890982826241053,130.6875,0.034970483736104674,0.11559155715412257,0.0
2021_16_BUF_NE,2021,16,2021-12-26,BUF,NE,33.0,21.0,54.0,43.5,-106.0,-105.0,1.0,13.0,38.0,0.0,0.0,1.0,-0.07391504270264936,-0.005645388776940763,-0.2301959151487317,0.8663964683528625,0.10494263027277714,129.55357142857142,0.04610547546155151,0.10558925384309686,0.2
2021_16_JAX_NYJ,2021,16,2021-12-26,JAX,NYJ,21.0,26.0,47.0,42.5,-118.0,106.0,2.5,0.0,47.0,0.0,0.0,0.0,-0.02002310932510655,0.1125448844459314,-0.2101281875501258,0.8656587176043102,0.11156511424644093,127.50178571428572,0.03687412085342668,0.12587860139945417,0.0
2021_16_NYG_PHI,2021,16,2021-12-26,NYG,PHI,10.0,34.0,44.0,41.0,-106.0,-105.0,11.0,9.0,53.0,0.0,0.0,1.0,-0.019739438017524244,0.0653782832140519,-0.09884259612699123,0.8966979002709718,0.0898767653542912,130.97142857142856,0.039545306493062315,0.0956334119625436,0.0
2021_16_CHI_SEA,2021,16,2021-12-26,CHI,SEA,25.0,24.0,49.0,41.0,-102.0,-109.0,7.0,11.0,25.0,0.0,0.0,0.0,-0.0055753184438584805,0.12760562936886222,-0.17143850276522798,0.871034448597138,0.10774834421852376,123.08392857142857,0.03453514641691868,0.1325999246714555,1.5
2021_16_PIT_KC,2021,16,2021-12-26,PIT,KC,10.0,36.0,46.0,44.0,-109.0,-103.0,10.5,22.0,60.0,0.0,0.0,0.0,0.019019669532173843,0.07496087904881202,-0.13106588172378342,0.9093328028615879,0.10267161148038839,131.5732142857143,0.04421532563026532,0.10877151143250523,0.0
2021_16_DEN_LV,2021,16,2021-12-26,DEN,LV,13.0,17.0,30.0,42.0,101.0,-113.0,-1.0,0.0,,1.0,0.0,1.0,0.029530613042870628,0.20600596370814994,-0.22854354412372757,0.8943395073534491,0.10033302875762738,134.11964285714288,0.033151552593047987,0.10792740975853767,0.0
2021_16_WAS_DAL,2021,16,2021-12-26,WAS,DAL,14.0,56.0,70.0,45.5,-112.0,101.0,10.5,0.0,,1.0,0.0,1.0,-0.07448246087505485,-0.005061211674892027,-0.15233027701726054,0.8595466936246283,0.10540124178188205,139.52499999999998,0.0475604557822862,0.10879996215187696,0.0
2021_16_MIA_NO,2021,16,2021-12-27,MIA,NO,20.0,3.0,23.0,37.5,-106.0,-105.0,-3.0,0.0,,1.0,0.0,0.0,-0.13421708408719213,-0.025952472818322886,-0.2568230925447791,0.8189027119029688,0.10834049565610278,132.59642857142856,0.04050233178965121,0.11833477493773263,0.0
2021_17_LA_BAL,2021,17,2022-01-02,LA,BAL,20.0,19.0,39.0,47.0,-103.0,-108.0,-7.0,6.0,59.0,0.0,0.0,0.0,0.08978735466616825,0.2759469893034927,-0.26135230346968363,0.9012077518578181,0.11776312356645341,134.9075,0.03228020357841628,0.11243807363259027,0.0
2021_17_ATL_BUF,2021,17,2022-01-02,ATL,BUF,15.0,29.0,44.0,46.5,-108.0,-103.0,14.0,11.0,26.0,0.0,0.0,0.0,0.025776569120482387,0.17173456639820567,-0.20073304430196054,0.884249902941225,0.1018556467803412,130.60916666666668,0.03847107893875235,0.08167832858803814,1.4
2021_17_NYG_CHI,2021,17,2022-01-02,NYG,CHI,3.0,29.0,32.0,36.5,-109.0,-102.0,7.0,13.0,25.0,0.0,0.0,0.0,-0.031928426371468824,0.04694409193611156,-0.10081937026340188,0.8683046764690714,0.09036712371043125,132.2375,0.03811215013928259,0.12413863137094341,1.5
2021_17_KC_CIN,2021,17,2022-01-02,KC,CIN,31.0,34.0,65.0,51.0,-110.0,-102.0,-3.5,13.0,33.0,0.0,0.0,0.0,0.06551587569162301,0.2184300010823556,-0.23081212838839665,0.9127806680949457,0.11966286388733216,132.64749999999998,0.04349071264834819,0.11464640400916314,0.7
2021_17_LV_IND,2021,17,2022-01-02,LV,IND,23.0,20.0,43.0,46.5,-113.0,101.0,8.5,0.0,,1.0,0.0,0.0,0.018002342242566402,0.11842578607470422,-0.1848295898481712,0.8989805014847978,0.10162723008983038,130.34166666666664,0.04149087013892634,0.10256352493260033,0.0
2021_17_JAX_NE,2021,17,2022-01-02,JAX,NE,10.0,50.0,60.0,42.0,-103.0,-108.0,17.5,4.0,46.0,0.0,0.0,0.0,-0.00969395876887938,0.09480263766254377,-0.22579177491287597,0.8759991545486278,0.10577288665792364,126.20916666666666,0.03999580110696483,0.09915432178909267,0.0
2021_17_TB_NYJ,2021,17,2022-01-02,TB,NYJ,28.0,24.0,52.0,48.0,-107.0,-104.0,-14.5,9.0,57.0,0.0,0.0,0.0,0.03939300570442142,0.13455590634152023,-0.07270334008649788,0.9008320046051115,0.12218778686874479,132.86666666666667,0.03475854109992145,0.11447549018681132,0.0
2021_17_MIA_TEN,2021,17,2022-01-02,MIA,TEN,3.0,34.0,37.0,41.0,-107.0,-104.0,3.0,13.0,43.0,0.0,0.0,0.0,-0.11743466490638813,-0.058744917235986224,-0.2222662568704005,0.8346169018660101,0.0927828356808725,136.52166666666665,0.04610468777778921,0.1501807825515865,0.0
2021_17_PHI_WAS,2021,17,2022-01-02,PHI,WAS,20.0,16.0,36.0,44.5,-113.0,102.0,-6.5,4.0,62.0,0.0,0.0,1.0,-0.0036698632532835007,0.11520401428635554,-0.14265222855468737,0.8857365722060017,0.09549917902571323,130.56166666666667,0.035842180437102876,0.11044478769464222,0.0
2021_17_DEN_LAC,2021,17,2022-01-02,DEN,LAC,13.0,34.0,47.0,45.5,-103.0,-108.0,8.0,0.0,,1.0,0.0,1.0,0.03158408661643509,0.15802496023221513,-0.1428686212257435,0.9108717988604316,0.10499628842438641,132.65583333333333,0.039887367672062315,0.10793656054207355,0.0
2021_17_HOU_SF,2021,17,2022-01-02,HOU,SF,7.0,23.0,30.0,44.0,-109.0,-102.0,14.0,6.0,50.0,0.0,0.0,0.0,0.013648048133484247,0.19505611380890503,-0.19198976142529375,0.86063675537592,0.11703724708067334,125.52250000000001,0.03657176240786596,0.1185542119960059,0.0
2021_17_ARI_DAL,2021,17,2022-01-02,ARI,DAL,25.0,22.0,47.0,53.0,-107.0,-104.0,6.5,0.0,,1.0,0.0,0.0,-0.07355658507450671,0.02021971027139567,-0.13220530398313754,0.863746617419759,0.11293746162607433,139.61083333333335,0.04539124469309526,0.1155404097343109,0.0
2021_17_CAR_NO,2021,17,2022-01-02,CAR,NO,10.0,18.0,28.0,37.0,-112.0,100.0,7.0,0.0,,1.0,0.0,1.0,-0.2297464104712968,-0.15567724539788924,-0.2568637115062643,0.7880489793776904,0.09101262792724371,130.21583333333334,0.040839986681201076,0.13854839460091128,0.0
2021_17_DET_SEA,2021,17,2022-01-02,DET,SEA,29.0,51.0,80.0,41.5,-101.0,-111.0,8.5,0.0,37.0,0.0,0.0,0.0,0.024984532133007394,0.1821010007503083,-0.1656590157260361,0.8798253950210311,0.1139615356850164,124.055,0.030739727648591158,0.1161709987989052,0.3
2021_17_MIN_GB,2021,17,2022-01-02,MIN,GB,10.0,37.0,47.0,42.0,-111.0,-100.0,13.0,9.0,11.0,0.0,0.0,1.0,0.09012397610189779,0.18559406591238603,-0.07452822903966225,0.9163690498561148,0.11348332476583102,132.26333333333335,0.03601513728119254,0.10860369407492344,2.9
2021_17_CLE_PIT,2021,17,2022-01-03,CLE,PIT,14.0,26.0,40.0,43.5,-100.0,-111.0,-1.0,12.0,25.0,0.0,0.0,1.0,-0.0021918779721473852,0.06187638201111323,-0.11632524323587196,0.8686332401947406,0.09700975587664931,128.2025,0.038151169987989966,0.12357750516503169,1.5
2021_18_KC_DEN,2021,18,2022-01-08,KC,DEN,28.0,24.0,52.0,44.5,-110.0,-110.0,-11.5,4.0,41.0,0.0,0.0,1.0,0.09046914547217355,0.25989054437529,-0.17063085223873162,0.9333161293287517,0.10499876389169963,130.446875,0.03665424210853391,0.09841000371234726,0.0
2021_18_DAL_PHI,2021,18,2022-01-08,DAL,PHI,51.0,26.0,77.0,46.0,-110.0,-110.0,-6.5,8.0,31.0,0.0,0.0,1.0,-0.027900984423660312,0.06814280526613137,-0.12784429583371826,0.886792266725457,0.10232797572726612,136.8625,0.03863759119385974,0.10496413413888059,0.9
2021_18_PIT_BAL,2021,18,2022-01-09,PIT,BAL,16.0,13.0,29.0,41.0,-105.0,-115.0,3.0,0.0,36.0,0.0,0.0,1.0,0.039827173136303504,0.11983761845330757,-0.15954849210462496,0.8811355837191421,0.11017158155968815,138.221875,0.03565482298703572,0.12652822394594926,0.4
2021_18_CIN_CLE,2021,18,2022-01-09,CIN,CLE,16.0,21.0,37.0,38.0,-110.0,-110.0,6.5,22.0,38.0,0.0,0.0,1.0,0.08032873623903349,0.18844373537260253,-0.1298737441947158,0.8700513391442646,0.1199549007943461,128.84375,0.032653612399904934,0.13230392799631255,0.2
2021_18_GB_DET,2021,18,2022-01-09,GB,DET,30.0,37.0,67.0,45.0,-105.0,-115.0,-4.0,0.0,,1.0,0.0,1.0,0.13272139218292467,0.2903489928243238,-0.05990455282762957,0.9306667270229034,0.11478967604943134,128.946875,0.03381647611443986,0.09560015407222155,0.0
2021_18_TEN_HOU,2021,18,2022-01-09,TEN,HOU,28.0,25.0,53.0,43.0,-110.0,-110.0,-10.5,0.0,,1.0,0.0,1.0,-0.06767617164966272,0.08425857588526639,-0.2537980946589028,0.8439167061759498,0.09564140537834856,133.33125,0.03976992984009853,0.12422593042956087,0.0
2021_18_IND_JAX,2021,18,2022-01-09,IND,JAX,11.0,26.0,37.0,43.0,-110.0,-110.0,-14.0,19.0,76.0,0.0,0.0,1.0,0.0067649955335056244,0.09027730757924005,-0.13840925766484735,0.8850442961964551,0.10222900231491136,126.19687499999999,0.03896287419796943,0.09620835395027508,0.0
2021_18_CHI_MIN,2021,18,2022-01-09,CHI,MIN,17.0,31.0,48.0,45.5,-110.0,-110.0,3.5,0.0,,1.0,0.0,1.0,-0.04789320383867252,-0.05199656487704845,-0.13974452196461543,0.8581890885725258,0.10375555207464399,131.096875,0.0375688412150022,0.1393727588007121,0.0
2021_18_WAS_NYG,2021,18,2022-01-09,WAS,NYG,22.0,7.0,29.0,36.0,-111.0,-100.0,-6.0,0.0,38.0,0.0,0.0,1.0,-0.07875922844015115,-0.09261896104410179,-0.10450701711355236,0.8719486850481923,0.08102292996824033,129.065625,0.04507856082907341,0.12384581605175644,0.2
2021_18_SEA_ARI,2021,18,2022-01-09,SEA,ARI,38.0,30.0,68.0,48.0,-120.0,100.0,5.5,0.0,,0.0,0.0,1.0,0.06190537827539862,0.23978544561421727,-0.17137561223097814,0.8985698837436165,0.11958219884802104,128.265625,0.02657210995749533,0.11093812307193769,0.0
2021_18_NO_ATL,2021,18,2022-01-09,NO,ATL,30.0,20.0,50.0,40.0,-113.0,102.0,-4.5,0.0,,1.0,0.0,1.0,-0.1403245623550627,-0.02134931766439279,-0.2835042753082445,0.824384915128288,0.09438157306000826,121.17500000000001,0.038682612482474704,0.1298106659693295,0.0
2021_18_NYJ_BUF,2021,18,2022-01-09,NYJ,BUF,10.0,27.0,37.0,43.0,-110.0,-110.0,16.0,19.0,36.0,0.0,0.0,1.0,0.06786214541885469,0.1542251620188715,-0.06186075250004715,0.9082098012785469,0.12021822784339595,133.61249999999998,0.038245307891290756,0.10896849863418315,0.4
2021_18_SF_LA,2021,18,2022-01-09,SF,LA,27.0,24.0,51.0,46.5,-105.0,-115.0,3.0,0.0,,1.0,0.0,1.0,0.04653441004007566,0.23413765441236914,-0.19199232832201166,0.8770858096770485,0.12051886125101743,125.515625,0.036706106977053614,0.12328996591161201,0.0
2021_18_NE_MIA,2021,18,2022-01-09,NE,MIA,24.0,33.0,57.0,41.0,-110.0,-110.0,-6.0,8.0,75.0,0.0,0.0,1.0,-0.08820592400214369,-0.0486955957607579,-0.178863918039134,0.8475389247171559,0.10677045336673308,130.178125,0.0446118927118503,0.1225608176415657,0.0
2021_18_CAR_TB,2021,18,2022-01-09,CAR,TB,17.0,41.0,58.0,43.0,-115.0,-105.0,11.0,4.0,80.0,0.0,0.0,1.0,-0.07311501114404216,0.010133645740872929,-0.16166710348552288,0.8551995887795418,0.11164760528363907,137.59375,0.037631023105301545,0.1174435888614948,0.0
2021_18_LAC_LV,2021,18,2022-01-09,LAC,LV,32.0,35.0,67.0,48.0,-110.0,-110.0,-3.5,0.0,,1.0,0.0,1.0,0.07865933219308842,0.2561605154809101,-0.20851282868066984,0.9292043711199335,0.1056661314981697,133.5875,0.03698970235827425,0.09162106599843192,0.0
2022_05_IND_DEN,2022,5,2022-10-06,IND,DEN,12.0,9.0,21.0,42.0,-106.0,-106.0,3.5,0.0,,0.0,1.0,0.0,-0.14689200786939172,0.03068206556389544,-0.4284232670621736,0.8212135693163869,0.12197586342200586,134.5,0.038544263021664374,0.14198130468865494,0.0
2022_05_NYG_GB,2022,5,2022-10-09,NYG,GB,27.0,22.0,49.0,42.0,-102.0,-110.0,8.5,0.0,,0.0,0.0,0.0,-0.022767421296024118,-0.04924082014222929,-0.00034512664521254514,0.8779923993748744,0.11906486995726381,132.25,0.036681160037201496,0.16012458186793982,0.0
2022_05_PIT_BUF,2022,5,2022-10-09,PIT,BUF,3.0,38.0,41.0,44.0,-110.0,-103.0,14.0,0.0,,0.0,0.0,0.0,-0.025229736033726247,0.013846977055374299,-0.15054612669965492,0.8958676015562488,0.09788185061700685,129.25,0.053970104901885516,0.1098952288581811,0.0
2022_05_LAC_CLE,2022,5,2022-10-09,LAC,CLE,30.0,28.0,58.0,47.0,102.0,-114.0,-1.0,0.0,,0.0,0.0,0.0,0.11397133963251907,0.12420911006037792,0.056674719651019,0.8871045538086623,0.13523728315543576,138.5,0.030669679587976076,0.08817913623690457,0.0
2022_05_HOU_JAX,2022,5,2022-10-09,HOU,JAX,13.0,6.0,19.0,44.0,-101.0,-112.0,7.0,0.0,,0.0,0.0,1.0,-0.09175789248608547,-0.03294425975181034,-0.16028278798322343,0.8369851437283115,0.13397113713345263,127.0,0.05227233445267089,0.1262736653393559,0.0
2022_05_CHI_MIN,2022,5,2022-10-09,CHI,MIN,22.0,29.0,51.0,44.0,-106.0,-106.0,10.0,0.0,,1.0,0.0,1.0,0.005946087622066505,0.047392065962583205,-0.02650883823357526,0.8930787203593364,0.1101025424785638,121.25,0.044332641013988316,0.15416799660387764,0.0
2022_05_DET_NE,2022,5,2022-10-09,DET,NE,0.0,29.0,29.0,46.5,-114.0,101.0,3.0,0.0,,0.0,0.0,0.0,0.1811753795545269,0.13467332000329046,0.21817648966913958,0.942165317022744,0.143992668171639,130.75,0.038749624772869404,0.10688522733131381,0.0
2022_05_SEA_NO,2022,5,2022-10-09,SEA,NO,32.0,39.0,71.0,45.5,100.0,-113.0,5.5,0.0,,1.0,0.0,0.0,0.0976149242445049,0.2983757312716524,-0.20385799154671622,0.9214245901708256,0.13003536792410536,123.25,0.04677483756611346,0.10806579451706688,0.0
2022_05_MIA_NYJ,2022,5,2022-10-09,MIA,NYJ,17.0,40.0,57.0,46.0,-111.0,-101.0,-3.0,0.0,,0.0,0.0,1.0,0.1200761795318875,0.34921422492220244,-0.2600758838614262,0.8899807433272078,0.11440752902174993,134.5,0.044293230813917436,0.09278159721775847,0.0
2022_05_ATL_TB,2022,5,2022-10-09,ATL,TB,15.0,21.0,36.0,46.0,-113.0,101.0,10.5,0.0,,0.0,0.0,1.0,-0.032858715901452035,0.03570978640613521,-0.17244161985069623,0.9395961268146122,0.11567017839603977,123.75,0.056287523672845306,0.11357894876146783,0.0
2022_05_TEN_WAS,2022,5,2022-10-09,TEN,WAS,21.0,17.0,38.0,43.0,-106.0,-106.0,-1.0,0.0,,0.0,0.0,0.0,-0.004715030010509717,0.16613538312444276,-0.316587046299143,0.831584998892509,0.12848068357219056,131.25,0.034166687599064646,0.12890554793281733,0.0
2022_05_SF_CAR,2022,5,2022-10-09,SF,CAR,37.0,15.0,52.0,40.0,-108.0,-104.0,-6.0,0.0,,0.0,0.0,0.0,-0.21658956316874908,-0.1422946695309284,-0.322888056996676,0.7733603356615899,0.09434365202135739,118.5,0.03985436508622926,0.12703645805765518,0.0
2022_05_PHI_ARI,2022,5,2022-10-09,PHI,ARI,20.0,17.0,37.0,48.5,-113.0,101.0,-5.5,0.0,,1.0,0.0,0.0,-0.017581970527261792,0.06974216927422755,-0.17365798220725304,0.8973091376411599,0.10886042198257777,150.25,0.042794991795947354,0.10416652981587485,0.0
2022_05_DAL_LA,2022,5,2022-10-09,DAL,LA,22.0,10.0,32.0,42.0,-106.0,-106.0,5.5,0.0,,1.0,0.0,0.0,-0.06530020507694306,0.09325020264442124,-0.26122725855107676,0.860422162412869,0.09449327105729598,125.25,0.043684027818922055,0.12140298211956894,0.0
2022_05_CIN_BAL,2022,5,2022-10-09,CIN,BAL,17.0,19.0,36.0,47.5,-108.0,-104.0,3.0,0.0,,0.0,0.0,1.0,0.04740606749527307,0.21706249601733227,-0.2471292937696558,0.864339615888583,0.12402339877105807,133.0,0.04911750354067591,0.10398616578646323,0.0
2022_05_LV_KC,2022,5,2022-10-10,LV,KC,29.0,30.0,59.0,51.5,-103.0,-109.0,7.5,0.0,,0.0,0.0,1.0,0.11228544701833582,0.27920681270310066,-0.2057139892024487,0.9236097911671202,0.13055303089718107,134.25,0.02691427037746281,0.08845968302276314,0.0
2022_06_WAS_CHI,2022,6,2022-10-13,WAS,CHI,12.0,7.0,19.0,38.5,-107.0,-105.0,-1.0,0.0,,0.0,1.0,0.0,-0.019039203022636644,0.0954213224125261,-0.22602825484210076,0.8145123914626357,0.12514217886325213,125.7375,0.03445794603580299,0.1740904209834628,0.0
2022_06_SF_ATL,2022,6,2022-10-16,SF,ATL,14.0,28.0,42.0,46.0,-103.0,-109.0,-3.5,0.0,,0.0,0.0,0.0,-0.001759290375163855,0.0700308973341429,-0.10223059209274446,0.8836755593254154,0.12232989470783895,122.99000000000001,0.043464941448291564,0.13139030502393628,0.0
2022_06_NE_CLE,2022,6,2022-10-16,NE,CLE,38.0,15.0,53.0,43.0,-108.0,-104.0,2.5,0.0,,0.0,0.0,0.0,0.11760800957456492,0.018596544572242857,0.22056708061591107,0.9266331317314633,0.13879587263771986,131.4775,0.04060064694808119,0.10071581348110459,0.0
2022_06_NYJ_GB,2022,6,2022-10-16,NYJ,GB,27.0,10.0,37.0,44.5,-111.0,-101.0,7.5,0.0,,0.0,0.0,0.0,0.04567017760618,0.07984572925476474,-0.05118657941196768,0.9161744149957765,0.11326551146536445,135.605,0.04462498482467432,0.1297161769846094,0.0
2022_06_JAX_IND,2022,6,2022-10-16,JAX,IND,27.0,34.0,61.0,41.0,-113.0,100.0,1.0,0.0,,0.0,0.0,1.0,-0.19062865150967037,-0.06237121606097756,-0.35447794935558535,0.8271206584235538,0.11498271415105238,135.6825,0.052583398835366106,0.12552916873844894,0.0
2022_06_MIN_MIA,2022,6,2022-10-16,MIN,MIA,24.0,16.0,40.0,45.0,-105.0,-107.0,-3.0,0.0,,0.0,0.0,0.0,0.16545379716124498,0.3498831938267478,-0.11535563076338684,0.9645990903699345,0.1113097017613865,129.78750000000002,0.0333774070017758,0.09050794548988436,0.0
2022_06_CIN_NO,2022,6,2022-10-16,CIN,NO,30.0,26.0,56.0,42.5,-108.0,-104.0,-3.0,0.0,,1.0,0.0,0.0,-0.07838780017038563,0.06038170179829239,-0.293885662066709,0.8490254439593963,0.10491275125343515,135.2925,0.04474205622308915,0.11831680966661665,0.0
2022_06_BAL_NYG,2022,6,2022-10-16,BAL,NYG,20.0,24.0,44.0,46.0,-102.0,-110.0,-5.5,0.0,,0.0,0.0,0.0,0.12829651759489707,0.19218461008982085,0.04467981307154377,0.9096336171126618,0.10937254657733325,126.745,0.037130403251932544,0.1127043468381842,0.0
2022_06_TB_PIT,2022,6,2022-10-16,TB,PIT,18.0,20.0,38.0,47.0,104.0,-117.0,-10.0,0.0,,0.0,0.0,0.0,-0.03943026785834348,-0.0018503865764005062,-0.17017879914047007,0.8879167167201434,0.11072639392059686,130.135,0.04579853020234654,0.10217521937205211,0.0
2022_06_CAR_LA,2022,6,2022-10-16,CAR,LA,10.0,24.0,34.0,41.5,-103.0,-109.0,10.0,0.0,,1.0,0.0,0.0,-0.1460690002645348,-0.03364406619909096,-0.335328554334428,0.8203283880343918,0.09864487652706197,122.04500000000002,0.04699672224932111,0.13621492396120072,0.0
2022_06_ARI_SEA,2022,6,2022-10-16,ARI,SEA,9.0,19.0,28.0,50.0,-110.0,-102.0,-2.5,0.0,,0.0,0.0,1.0,0.14667572224393288,0.310210650168261,-0.11503013399599349,0.9294677375741456,0.12724576597153864,134.4875,0.036527915503428085,0.08027028972743679,0.0
2022_06_BUF_KC,2022,6,2022-10-16,BUF,KC,24.0,20.0,44.0,54.0,-107.0,-105.0,-2.5,0.0,,0.0,0.0,0.0,0.14778631340009046,0.30028162679971054,-0.21537698657705098,0.9430092859074285,0.12194158999028872,133.96,0.03548714868062054,0.09752175270252034,0.0
2022_06_DAL_PHI,2022,6,2022-10-16,DAL,PHI,17.0,26.0,43.0,42.5,-108.0,-104.0,6.5,0.0,,0.0,0.0,1.0,-0.10124236793043037,-0.07119079483949696,-0.15824969639663553,0.8536661483862,0.08963473467001734,133.29999999999998,0.03699580597925957,0.14256195513013942,0.0
2022_06_DEN_LAC,2022,6,2022-10-17,DEN,LAC,16.0,19.0,35.0,45.5,102.0,-115.0,3.5,0.0,,1.0,0.0,1.0,-0.05271517509123944,0.02907853504217034,-0.19120355746380685,0.8334622993117944,0.12898659002660973,133.48000000000002,0.03231716971293547,0.1141234308421972,0.0
2022_07_NO_ARI,2022,7,2022-10-20,NO,ARI,34.0,42.0,76.0,44.0,101.0,-114.0,2.5,0.0,,0.0,1.0,0.0,-0.010182942358176099,0.10744432665655386,-0.2171616652139447,0.8995731013271732,0.11234070188174146,141.35,0.035830648124085686,0.11093278090044992,0.0
2022_07_CLE_BAL,2022,7,2022-10-23,CLE,BAL,20.0,23.0,43.0,46.0,-112.0,-100.0,6.5,0.0,,0.0,0.0,1.0,0.15715256979962688,0.1291139901571099,0.14302752412954378,0.9119538286236828,0.12673877559197214,131.52499999999998,0.04328784872855848,0.10046973618034925,0.0
2022_07_TB_CAR,2022,7,2022-10-23,TB,CAR,3.0,21.0,24.0,39.5,103.0,-116.0,-13.0,0.0,,0.0,0.0,1.0,-0.1205640730011801,-0.012333889845426022,-0.3485890570415642,0.8487629958621461,0.09403627969339093,123.57083333333334,0.035416427621023455,0.11819104143934224,0.0
2022_07_ATL_CIN,2022,7,2022-10-23,ATL,CIN,17.0,35.0,52.0,47.5,-112.0,100.0,6.5,0.0,,0.0,0.0,0.0,0.07571293510658371,0.17267662684813334,-0.10761924252770559,0.9389566250243878,0.11760837194861741,126.2375,0.038286692208400405,0.10767791728770015,0.0
2022_07_DET_DAL,2022,7,2022-10-23,DET,DAL,6.0,24.0,30.0,49.5,-110.0,-102.0,7.0,0.0,,1.0,0.0,0.0,0.015414821122211153,0.05921352465006942,-0.026036668586176866,0.8596254775885535,0.11938672036993923,130.32416666666666,0.028956100101671874,0.10282600188450487,0.0
2022_07_NYG_JAX,2022,7,2022-10-23,NYG,JAX,23.0,17.0,40.0,44.0,-107.0,-105.0,3.0,0.0,,0.0,0.0,0.0,0.04960486038145604,0.11987892212705431,-0.06696731965772518,0.893410697377151,0.10746447009399422,129.92916666666667,0.03900743634113212,0.11896074430607301,0.0
2022_07_IND_TEN,2022,7,2022-10-23,IND,TEN,10.0,19.0,29.0,43.0,-109.0,-104.0,2.5,0.0,,0.0,0.0,1.0,-0.015424206182403184,0.1258902029768875,-0.29801456382035746,0.8721071847955186,0.11662027311822608,130.43333333333334,0.03776989697584019,0.14627312932816577,0.0
2022_07_GB_WAS,2022,7,2022-10-23,GB,WAS,21.0,23.0,44.0,41.5,-107.0,-105.0,-4.0,0.0,,0.0,0.0,0.0,-0.06682928045278402,-0.05238622325283256,-0.17064991747998895,0.8581905320188358,0.11735401237640475,135.43333333333334,0.026507257104205546,0.15704271561426758,0.0
2022_07_NYJ_DEN,2022,7,2022-10-23,NYJ,DEN,16.0,9.0,25.0,37.0,101.0,-114.0,-2.0,0.0,,0.0,0.0,0.0,-0.15719792984749384,-0.1312911662290122,-0.2392178636154313,0.8214072655861908,0.10247297944522132,131.20416666666665,0.04043463812509963,0.13964973426470959,0.0
2022_07_HOU_LV,2022,7,2022-10-23,HOU,LV,20.0,38.0,58.0,46.0,-108.0,-104.0,7.0,0.0,,1.0,0.0,0.0,0.019875948760199602,0.11031167797022894,-0.11264089058948591,0.8528572889105092,0.14371703364573354,127.2175,0.029690512145756156,0.10880665537441075,0.0
2022_07_SEA_LAC,2022,7,2022-10-23,SEA,LAC,37.0,23.0,60.0,51.5,101.0,-114.0,5.5,0.0,,1.0,0.0,0.0,0.13663303275464245,0.2575063712247036,-0.04571179847826741,0.8755843266444889,0.141889584005803,133.0125,0.033883551404718576,0.10383131280826846,0.0
2022_07_KC_SF,2022,7,2022-10-23,KC,SF,44.0,23.0,67.0,49.0,101.0,-114.0,-1.0,0.0,,0.0,0.0,0.0,0.042777455137874926,0.2230253621337129,-0.2749246107945226,0.8837668874278388,0.11662048197283612,129.51666666666665,0.03197275278188802,0.1191356719183678,0.0
2022_07_PIT_MIA,2022,7,2022-10-23,PIT,MIA,10.0,16.0,26.0,44.5,-105.0,-107.0,7.5,0.0,,0.0,0.0,0.0,0.06565806472281123,0.16939686275881383,-0.14748420223699332,0.9010302806500199,0.1284652494096052,127.4375,0.035306750955391195,0.1020428510156294,0.0
2022_07_CHI_NE,2022,7,2022-10-24,CHI,NE,33.0,14.0,47.0,40.0,-106.0,-106.0,9.5,0.0,,0.0,0.0,0.0,-0.015780409963438553,-0.020823919396652443,-0.03425684747564671,0.8640011447115958,0.13147060687962026,120.14166666666668,0.049297542937915245,0.1602299348792626,0.0
2022_08_BAL_TB,2022,8,2022-10-27,BAL,TB,27.0,22.0,49.0,46.0,-110.0,-102.0,2.0,0.0,,0.0,1.0,0.0,0.059811959749995966,0.14969027384169578,-0.13948177632872566,0.9145342247647295,0.10044069275749767,129.28035714285716,0.036222829436513504,0.12194755434166017,0.0
2022_08_DEN_JAX,2022,8,2022-10-30,DEN,JAX,21.0,17.0,38.0,41.0,-109.0,-103.0,1.0,0.0,,0.0,0.0,0.0,-0.10688559506496162,-0.07828209055080518,-0.20298845329728593,0.83296442910492,0.11216253069798493,131.88928571428573,0.03688980271412362,0.11935851121792965,0.0
2022_08_CAR_ATL,2022,8,2022-10-30,CAR,ATL,34.0,37.0,71.0,41.0,-106.0,-106.0,4.5,0.0,,1.0,0.0,1.0,-0.00896866870319156,0.06791573891869335,-0.194156941853561,0.8814164580169903,0.12463020239537051,112.60535714285714,0.03386966189345114,0.12013577404293355,0.0
2022_08_CHI_DAL,2022,8,2022-10-30,CHI,DAL,29.0,49.0,78.0,43.0,-104.0,-108.0,10.5,0.0,,0.0,0.0,0.0,-0.11131783404188633,-0.056937681817466425,-0.19008092526327885,0.8486477375880375,0.09618919287143968,121.67857142857143,0.04655515537307638,0.17161982652145638,0.0
2022_08_MIA_DET,2022,8,2022-10-30,MIA,DET,31.0,27.0,58.0,52.0,-104.0,-108.0,-3.5,0.0,,1.0,0.0,0.0,0.06547415541773144,0.20697803524382838,-0.14553427094426502,0.9152658979118171,0.13793873709015803,132.65654761904761,0.03836092541125242,0.09191298291541783,0.0
2022_08_ARI_MIN,2022,8,2022-10-30,ARI,MIN,26.0,34.0,60.0,48.5,-106.0,-106.0,4.0,0.0,,1.0,0.0,0.0,0.010506594891000885,0.14472423521974384,-0.21743467450953463,0.9265826418502567,0.10336010382713581,137.51130952380953,0.03607356270513562,0.10239282571002255,0.0
2022_08_LV_NO,2022,8,2022-10-30,LV,NO,0.0,24.0,24.0,48.5,-101.0,-111.0,-1.0,0.0,,1.0,0.0,0.0,0.1354945285444508,0.2742244397813856,-0.10840745574130786,0.9278042419344863,0.12697048926535454,132.45238095238096,0.02970943435282221,0.09771901863060314,0.0
2022_08_NE_NYJ,2022,8,2022-10-30,NE,NYJ,22.0,17.0,39.0,40.0,-110.0,-102.0,-3.0,0.0,,0.0,0.0,1.0,-0.07362557568005793,-0.10750348081408356,-0.05928940956885956,0.865731825130535,0.11924314316417202,123.58214285714286,0.0501302978396491,0.12659064952387022,0.0
2022_08_PIT_PHI,2022,8,2022-10-30,PIT,PHI,13.0,35.0,48.0,43.0,-102.0,-110.0,11.0,0.0,,0.0,0.0,0.0,-0.017054267675389617,0.035298050389666574,-0.123846769468564,0.8902606797150968,0.10969473284088653,138.54464285714286,0.044038044123823866,0.1105635484657049,0.0
2022_08_TEN_HOU,2022,8,2022-10-30,TEN,HOU,17.0,10.0,27.0,39.0,-110.0,-102.0,-1.0,0.0,,1.0,0.0,1.0,0.004107628298862541,0.09712580954910675,-0.12610162571551384,0.8685844016103564,0.13796252821257765,118.34166666666667,0.03708754016436301,0.12907480567154056,0.0
2022_08_WAS_IND,2022,8,2022-10-30,WAS,IND,17.0,16.0,33.0,40.5,-102.0,-110.0,3.0,0.0,,1.0,0.0,0.0,-0.1010767802734271,-0.002856178278301473,-0.25146307257880796,0.8336976399693629,0.10804364200819101,140.67678571428573,0.03227366243727173,0.14635538061268266,0.0
2022_08_SF_LA,2022,8,2022-10-30,SF,LA,31.0,14.0,45.0,42.0,-109.0,-103.0,-1.0,0.0,,1.0,0.0,1.0,-0.07464094376038352,0.06213673300214731,-0.2770242176381452,0.8438248624411042,0.10714528764341187,126.7797619047619,0.04573446496057426,0.13847953379640182,0.0
2022_08_NYG_SEA,2022,8,2022-10-30,NYG,SEA,13.0,27.0,40.0,44.5,-102.0,-110.0,3.0,0.0,,0.0,0.0,0.0,0.1468253052476254,0.27942202036955677,-0.06147673771289355,0.8928114197501971,0.12314443436406419,128.15892857142856,0.03521884718791675,0.12195166736836748,0.0
2022_08_GB_BUF,2022,8,2022-10-30,GB,BUF,17.0,27.0,44.0,47.0,-108.0,-104.0,10.5,0.0,,0.0,0.0,0.0,0.05452386907614716,0.11488444954215776,-0.17363757830715992,0.9196427354788106,0.1266755358042963,131.7970238095238,0.03841911573109076,0.11254111807197109,0.0
2022_08_CIN_CLE,2022,8,2022-10-31,CIN,CLE,13.0,32.0,45.0,45.0,-110.0,-102.0,-3.0,9.0,66.0,0.0,0.0,1.0,0.13401865026495935,0.15570023990796802,0.03927994820971878,0.8960744612148721,0.12756183133093418,135.03035714285716,0.03008359164183214,0.11744033705400383,0.0
2022_09_PHI_HOU,2022,9,2022-11-03,PHI,HOU,29.0,17.0,46.0,45.5,-101.0,-112.0,-14.0,0.0,,1.0,1.0,0.0,0.00653387926887454,-0.06487407204993657,0.07410908388877685,0.881333138707274,0.1256633665927602,129.2285714285714,0.0383581071735004,0.13815599958422395,0.0
2022_09_LAC_ATL,2022,9,2022-11-06,LAC,ATL,20.0,17.0,37.0,49.5,-107.0,-105.0,-2.5,0.0,,0.0,0.0,0.0,0.11506621635708975,0.23432068590127403,-0.09501314104893718,0.9076871068775254,0.13468531385377763,132.06160714285716,0.03267800570496984,0.10809069091110339,0.0
2022_09_MIA_CHI,2022,9,2022-11-06,MIA,CHI,35.0,32.0,67.0,46.0,-108.0,-104.0,-4.0,17.0,58.0,0.0,0.0,0.0,0.08052862531253978,0.17299456958711404,-0.10704715102121544,0.9058214274039968,0.11865925271049341,128.6,0.03805234384089909,0.13660972355996934,0.0
2022_09_CAR_CIN,2022,9,2022-11-06,CAR,CIN,21.0,42.0,63.0,43.0,101.0,-114.0,7.0,11.0,68.0,0.0,0.0,0.0,0.0034719771980423614,0.08667339831930015,-0.12070038256524904,0.8662416481625546,0.12322403682703328,123.425,0.03054069096998978,0.12420063309355497,0.0
2022_09_GB_DET,2022,9,2022-11-06,GB,DET,9.0,15.0,24.0,49.5,-105.0,-107.0,-4.0,0.0,,1.0,0.0,1.0,0.10178708465310632,0.16448562018355062,-0.018064000241116776,0.935459436432672,0.1396533218902808,129.9919642857143,0.03369183708037485,0.10366058934856591,0.0
2022_09_LV_JAX,2022,9,2022-11-06,LV,JAX,20.0,27.0,47.0,47.5,-118.0,105.0,-2.5,14.0,81.0,0.0,0.0,0.0,0.06768296718264885,0.18463734802280551,-0.1532183596442337,0.9105812302605492,0.12143624981525665,131.13482142857143,0.029222916595305716,0.09123067992551084,0.0
2022_09_IND_NE,2022,9,2022-11-06,IND,NE,3.0,26.0,29.0,40.0,-103.0,-109.0,5.0,13.0,78.0,0.0,0.0,0.0,-0.11414191589620412,-0.022691493311667907,-0.23545537662573568,0.8644046198165043,0.12759117658979036,131.76875,0.05411539994555996,0.14206056473287892,0.0
2022_09_BUF_NYJ,2022,9,2022-11-06,BUF,NYJ,17.0,20.0,37.0,46.0,-110.0,-102.0,-11.0,17.0,69.0,0.0,0.0,1.0,0.0029107603707312496,0.06400533855160112,-0.18837977137416773,0.8807347816089834,0.12347124671782508,126.11160714285714,0.04644109097390976,0.11280089367192105,0.0
2022_09_MIN_WAS,2022,9,2022-11-06,MIN,WAS,20.0,17.0,37.0,43.5,-106.0,-106.0,-3.0,11.0,71.0,0.0,0.0,0.0,-0.03422530708715479,0.06600710863248807,-0.22208217271285122,0.8719090124235254,0.11152921710908967,133.77410714285713,0.030943379798363032,0.1300827435206549,0.0
2022_09_SEA_ARI,2022,9,2022-11-06,SEA,ARI,31.0,21.0,52.0,49.5,103.0,-115.0,1.5,0.0,,0.0,0.0,1.0,0.015207906349373228,0.13108842835184215,-0.20502529826099025,0.8824809057685246,0.11624113187849526,134.3125,0.037678596081283516,0.12505428040704164,0.0
2022_09_LA_TB,2022,9,2022-11-06,LA,TB,13.0,16.0,29.0,43.0,-104.0,-108.0,3.0,2.0,88.0,0.0,0.0,0.0,-0.042556767794310134,0.09224254403992255,-0.2990600018680107,0.8622231087196832,0.10393799351297847,131.2107142857143,0.029536195492359654,0.1311745945684134,0.0
2022_09_TEN_KC,2022,9,2022-11-06,TEN,KC,17.0,20.0,37.0,45.0,-106.0,-106.0,14.0,7.0,54.0,0.0,0.0,0.0,0.10077817005048367,0.183664526355938,-0.1806727205112646,0.9058409604616858,0.12957106920544065,125.42142857142858,0.03439572764794555,0.1368215360569304,0.0
2022_09_BAL_NO,2022,9,2022-11-07,BAL,NO,27.0,13.0,40.0,46.0,-104.0,-108.0,-1.0,0.0,,1.0,0.0,0.0,0.09926946241999163,0.15058162512393,-0.017724208478689215,0.9310069875556626,0.1039930017549356,130.84375,0.0376934299823098,0.1226601014027126,0.0
2022_10_ATL_CAR,2022,10,2022-11-10,ATL,CAR,15.0,25.0,40.0,41.5,-106.0,-106.0,-2.5,12.0,61.0,0.0,1.0,1.0,0.044804113870992944,0.10760431419918773,-0.09655818076589627,0.9032392091942902,0.12973936371251596,115.91944444444444,0.0359331683790426,0.10719512736319523,0.0
2022_10_SEA_TB,2022,10,2022-11-13,SEA,TB,16.0,21.0,37.0,45.0,-108.0,-104.0,2.5,0.0,,0.0,0.0,0.0,-0.021018419158337028,0.11199546251793963,-0.28574471733305273,0.8360901988579702,0.11075615937883068,134.15,0.0270350405504855,0.13034445771839173,0.0
2022_10_MIN_BUF,2022,10,2022-11-13,MIN,BUF,33.0,30.0,63.0,47.0,-107.0,-105.0,6.5,11.0,38.0,0.0,0.0,0.0,0.04967405644113618,0.14254064386073706,-0.15712399797749144,0.9251829797390946,0.12156829214282344,129.43125,0.044433221213229374,0.11658570163636786,0.2
2022_10_DET_CHI,2022,10,2022-11-13,DET,CHI,31.0,30.0,61.0,48.5,101.0,-114.0,3.0,13.0,34.0,0.0,0.0,1.0,0.09793160401848199,0.19620586894380898,-0.048255970494524965,0.9151601528089679,0.12498798838261768,130.5673611111111,0.04147601615725802,0.12100637915495385,0.6
2022_10_JAX_KC,2022,10,2022-11-13,JAX,KC,17.0,27.0,44.0,51.5,-102.0,-110.0,10.0,7.0,33.0,0.0,0.0,0.0,0.16373285306325788,0.28828908241304474,-0.12690800325058055,0.9201062526348416,0.12984541395573274,139.87916666666666,0.03183470072561444,0.09904889795769994,0.7
2022_10_CLE_MIA,2022,10,2022-11-13,CLE,MIA,17.0,39.0,56.0,49.0,-110.0,-102.0,3.0,7.0,85.0,0.0,0.0,0.0,0.16224322498876487,0.27516771261445694,-0.04418189064105223,0.910723639846035,0.13223341850785247,131.29166666666669,0.03360556152279588,0.1116381151697049,0.0
2022_10_HOU_NYG,2022,10,2022-11-13,HOU,NYG,16.0,24.0,40.0,41.5,-103.0,-109.0,5.5,15.0,50.0,0.0,0.0,0.0,0.05859581217735828,0.04941111405660077,0.018238354272107828,0.887178820082291,0.11794436490930552,125.625,0.028292577066157672,0.13754033633352125,0.0
2022_10_NO_PIT,2022,10,2022-11-13,NO,PIT,10.0,20.0,30.0,39.5,-109.0,-104.0,1.0,15.0,37.0,0.0,0.0,0.0,0.045118473520144135,0.1338286549141502,-0.11436199536956543,0.903654481526704,0.11059797803150145,133.24097222222224,0.03312132131259153,0.10740289545423953,0.3
2022_10_DEN_TEN,2022,10,2022-11-13,DEN,TEN,10.0,17.0,27.0,40.0,-105.0,-107.0,2.5,9.0,36.0,0.0,0.0,0.0,-0.15779812327816506,-0.19691261672094088,-0.21838744088662054,0.7998150368482044,0.10496813033582866,123.26875000000001,0.033207383240331886,0.1633381739633137,0.4
2022_10_IND_LV,2022,10,2022-11-13,IND,LV,25.0,20.0,45.0,41.0,-114.0,101.0,4.5,0.0,,1.0,0.0,0.0,-0.041286691732299194,0.15074274780388455,-0.3057795901535153,0.8751491351765149,0.10944965994960015,129.23680555555555,0.031987432943790736,0.12572680616935616,0.0
2022_10_DAL_GB,2022,10,2022-11-13,DAL,GB,28.0,31.0,59.0,44.5,-108.0,-104.0,-3.5,8.0,33.0,0.0,0.0,0.0,-0.06462392601512502,-0.059922427146736734,-0.10261560607227516,0.888498140460793,0.10504377345513563,125.87291666666667,0.03965919622481534,0.136103042879306,0.7
2022_10_ARI_LA,2022,10,2022-11-13,ARI,LA,27.0,17.0,44.0,38.0,-104.0,-108.0,3.5,0.0,,1.0,0.0,1.0,-0.08203381827936612,0.021998109478483144,-0.28479558398249055,0.8537579803625059,0.09703171824890221,132.15694444444446,0.03541790133266181,0.13607710489107389,0.0
2022_10_LAC_SF,2022,10,2022-11-13,LAC,SF,16.0,22.0,38.0,45.5,-113.0,101.0,8.5,6.0,57.0,0.0,0.0,0.0,0.05835746563869369,0.1961533567874416,-0.17128520539285866,0.882456113791936,0.12329716113273215,135.75,0.03448718247580375,0.11163491457842976,0.0
2022_10_WAS_PHI,2022,10,2022-11-14,WAS,PHI,32.0,21.0,53.0,43.0,-109.0,-103.0,11.0,6.0,43.0,0.0,0.0,1.0,-0.01856589360385095,0.003020915258326873,-0.05098308906306927,0.8704881494593375,0.10831047478129342,134.40416666666667,0.03317071066948299,0.14101620980221935,0.0
2022_11_TEN_GB,2022,11,2022-11-17,TEN,GB,27.0,17.0,44.0,40.5,-103.0,-109.0,3.0,11.0,25.0,0.0,1.0,0.0,-0.05398532018282957,-0.0563797127911399,-0.16121731906142747,0.855483385692996,0.11614087709857622,121.66916666666667,0.03629293800745048,0.13686194118703757,1.5
2022_11_CHI_ATL,2022,11,2022-11-20,CHI,ATL,24.0,27.0,51.0,48.5,-104.0,-108.0,3.0,0.0,,1.0,0.0,0.0,0.1425464331299648,0.21823298771198785,-0.023718046330786734,0.9312736486673554,0.12948673782108358,125.1025,0.03601713753625418,0.1431864039990659,0.0
2022_11_CAR_BAL,2022,11,2022-11-20,CAR,BAL,3.0,13.0,16.0,42.0,-100.0,-112.0,13.0,2.0,36.0,0.0,0.0,0.0,0.05529988222438706,0.08239286231883854,-0.02680047621180532,0.8922521926558727,0.1136173301315902,122.94833333333334,0.033636808836341014,0.13497157482506597,0.4
2022_11_CLE_BUF,2022,11,2022-11-20,CLE,BUF,23.0,31.0,54.0,50.5,-109.0,-103.0,7.5,0.0,,1.0,0.0,0.0,0.11986324545648974,0.1905286450648639,-0.03930252379398226,0.9464080512965292,0.1349889958148982,133.98055555555555,0.04785748206879449,0.12695784495128296,0.0
2022_11_WAS_HOU,2022,11,2022-11-20,WAS,HOU,23.0,10.0,33.0,41.0,-106.0,-106.0,-3.0,0.0,,1.0,0.0,0.0,-0.038246951215253885,-0.02828681205011773,-0.10844316250466596,0.8587535272535829,0.12531155241971334,129.86833333333334,0.0368913555512734,0.14533213707230705,0.0
2022_11_PHI_IND,2022,11,2022-11-20,PHI,IND,17.0,16.0,33.0,45.5,-109.0,-103.0,-6.5,0.0,,1.0,0.0,0.0,-0.0949877129621599,-0.05221475531468421,-0.11325337587404971,0.885344975991067,0.1036527961854829,130.14972222222224,0.04649050142065729,0.15576583801339877,0.0
2022_11_NYJ_NE,2022,11,2022-11-20,NYJ,NE,3.0,10.0,13.0,38.5,-109.0,-103.0,3.5,2.0,42.0,0.0,0.0,1.0,-0.16843533071398242,-0.17306790115289372,-0.19703198588279952,0.8199176954431944,0.1110314425757509,124.81250000000001,0.05020553409638326,0.15745429867133653,0.0
2022_11_LA_NO,2022,11,2022-11-20,LA,NO,20.0,27.0,47.0,39.5,-106.0,-106.0,2.5,0.0,,1.0,0.0,0.0,-0.07494554417034438,0.06078970455781526,-0.31841877441982813,0.8547729183032466,0.08526693363281992,122.04916666666666,0.03434698233877731,0.1358982630887512,0.0
2022_11_DET_NYG,2022,11,2022-11-20,DET,NYG,31.0,18.0,49.0,44.0,-116.0,103.0,3.0,21.0,35.0,0.0,0.0,0.0,0.1126617485388032,0.2771778238166394,-0.08350571207394171,0.9153841072569879,0.11797753896065027,130.31111111111113,0.03283964918954332,0.12228554069628261,0.5
2022_11_LV_DEN,2022,11,2022-11-20,LV,DEN,22.0,16.0,38.0,41.5,100.0,-113.0,2.5,11.0,49.0,0.0,0.0,1.0,-0.03980578054005432,0.09390546562369705,-0.25902681960128987,0.8502674468005651,0.10320625541241817,130.53194444444443,0.025689124844118914,0.10900098883611241,0.0
2022_11_DAL_MIN,2022,11,2022-11-20,DAL,MIN,40.0,3.0,43.0,48.5,-103.0,-109.0,-1.5,0.0,,1.0,0.0,0.0,-0.022174269871474327,0.04372395466875771,-0.13342022258717717,0.9036046554085404,0.10585139431237134,132.10694444444442,0.04387204979560054,0.13633479638282497,0.0
2022_11_CIN_PIT,2022,11,2022-11-20,CIN,PIT,37.0,30.0,67.0,39.0,-112.0,100.0,-3.5,12.0,27.0,0.0,0.0,1.0,0.08759641192927212,0.177941450086178,-0.04943059150867439,0.9047638199472468,0.11820586318487633,135.7111111111111,0.03312276242025333,0.12169597215546732,1.3
2022_11_KC_LAC,2022,11,2022-11-20,KC,LAC,30.0,27.0,57.0,52.5,-110.0,-102.0,-5.5,0.0,,1.0,0.0,1.0,0.11633146865180531,0.22599008497268788,-0.1806780533579841,0.8897537745634521,0.12867840329971933,141.4763888888889,0.03131451022669349,0.10073932721530943,0.0
2022_11_SF_ARI,2022,11,2022-11-21,SF,ARI,38.0,10.0,48.0,43.5,101.0,-114.0,-10.0,0.0,,0.0,0.0,1.0,0.021518412938488163,0.1573279664514135,-0.18406771100653915,0.9035862202809217,0.10847503868061459,134.59527777777777,0.03538025499281509,0.1189932978741322,0.0
2022_12_BUF_DET,2022,12,2022-11-24,BUF,DET,28.0,25.0,53.0,54.0,-110.0,-102.0,-10.0,0.0,,1.0,1.0,0.0,0.11933363330709726,0.26258322223127567,-0.1403944065388925,0.9574760130242272,0.1351089176505056,129.23000000000002,0.0427393440460169,0.09716048814904593,0.0
2022_12_NYG_DAL,2022,12,2022-11-24,NYG,DAL,20.0,28.0,48.0,45.5,-106.0,-106.0,10.5,0.0,,1.0,1.0,1.0,0.042572859930829994,0.15157726731545001,-0.054815434772221436,0.8774348070916528,0.09965343165693338,134.19,0.033209460885238545,0.14149121129219697,0.0
2022_12_NE_MIN,2022,12,2022-11-24,NE,MIN,26.0,33.0,59.0,42.5,-106.0,-106.0,2.5,0.0,,1.0,1.0,0.0,-0.16776916725308078,-0.08310413375913878,-0.30772547161693053,0.8331824327328015,0.11281967853775157,129.68,0.0453139502815501,0.16304657331001168,0.0
2022_12_DEN_CAR,2022,12,2022-11-27,DEN,CAR,10.0,23.0,33.0,36.5,-101.0,-111.0,-1.0,15.0,66.0,0.0,0.0,0.0,-0.1123986154213481,-0.08324243118907244,-0.1937903966860146,0.8261279641841681,0.11346908956025793,128.10500000000002,0.03179499566727412,0.12829636685378004,0.0
2022_12_TB_CLE,2022,12,2022-11-27,TB,CLE,17.0,23.0,40.0,42.0,-109.0,-103.0,-3.0,14.0,56.0,0.0,0.0,0.0,0.077943692434353,0.19469193414685168,-0.16561723625970043,0.9144646163029175,0.12064167748980224,138.175,0.027649738959276186,0.1189835651508867,0.0
2022_12_BAL_JAX,2022,12,2022-11-27,BAL,JAX,27.0,28.0,55.0,43.0,-111.0,-102.0,-3.5,19.0,77.0,0.0,0.0,0.0,0.05721248638017892,0.13937005687672843,-0.113980827230929,0.9191307764921992,0.11072012258259506,132.405,0.039902712577813984,0.12433513762395715,0.0
2022_12_HOU_MIA,2022,12,2022-11-27,HOU,MIA,15.0,30.0,45.0,47.0,-109.0,-103.0,14.0,13.0,84.0,0.0,0.0,0.0,0.08134660791591411,0.18797302562387735,-0.14178836264791192,0.9007166139479444,0.12748372996806473,121.5575,0.029687753074021807,0.1257613012276053,0.0
2022_12_CHI_NYJ,2022,12,2022-11-27,CHI,NYJ,10.0,31.0,41.0,36.5,-109.0,-103.0,8.5,9.0,50.0,0.0,0.0,0.0,0.00791943619121167,0.08274008258321909,-0.11062109907949433,0.8604794270667012,0.10298198420532749,126.8925,0.034505766628053394,0.15676755709641366,0.0
2022_12_CIN_TEN,2022,12,2022-11-27,CIN,TEN,20.0,16.0,36.0,43.0,105.0,-118.0,-1.0,14.0,56.0,0.0,0.0,0.0,0.049132066889719925,0.11412870214126647,-0.1495959079940884,0.8712983058156059,0.12285558094263387,123.88499999999999,0.0319040221171622,0.1447890558654939,0.0
2022_12_ATL_WAS,2022,12,2022-11-27,ATL,WAS,13.0,19.0,32.0,40.5,101.0,-114.0,3.5,9.0,46.0,0.0,0.0,0.0,-0.0421762918208185,0.010880850566634162,-0.1611759696096638,0.8767926756576129,0.10843766722399731,128.09204545454546,0.03961647766555676,0.12608061194639325,0.0
2022_12_LAC_ARI,2022,12,2022-11-27,LAC,ARI,25.0,24.0,49.0,48.5,-112.0,-100.0,-2.5,0.0,,1.0,0.0,0.0,0.0273037310824903,0.10183976931482537,-0.12300472639723772,0.9030630797964546,0.10715138500804944,138.75113636363636,0.035425484158749174,0.10338710617914842,0.0
2022_12_LV_SEA,2022,12,2022-11-27,LV,SEA,40.0,34.0,74.0,47.5,-109.0,-103.0,4.0,8.0,44.0,0.0,0.0,0.0,0.07011490976140085,0.2747638373148996,-0.2764748690490949,0.8815652455581826,0.11737729838041619,125.89500000000001,0.02955720626068759,0.10635139402529975,0.0
2022_12_LA_KC,2022,12,2022-11-27,LA,KC,10.0,26.0,36.0,42.0,-104.0,-108.0,16.5,6.0,44.0,0.0,0.0,0.0,0.09187259554592148,0.2449238593757383,-0.23189628284188435,0.8877020114475782,0.11651493819073479,130.8475,0.028955479905802436,0.13731134953664698,0.0
2022_12_NO_SF,2022,12,2022-11-27,NO,SF,0.0,13.0,13.0,44.0,103.0,-116.0,9.5,2.0,59.0,0.0,0.0,0.0,0.027755197719939628,0.19985723436347502,-0.23935414301832159,0.8882307960858494,0.10367388288223461,123.05704545454546,0.031403071166749015,0.1375328795244376,0.0
2022_12_GB_PHI,2022,12,2022-11-27,GB,PHI,33.0,40.0,73.0,46.0,-106.0,-106.0,6.5,24.0,62.0,0.0,0.0,0.0,0.02626131368357045,0.031638193070236506,0.023747270551891707,0.9200165837980275,0.11679360636233446,129.1977272727273,0.04411482619438063,0.1356103035318914,0.0
2022_12_PIT_IND,2022,12,2022-11-28,PIT,IND,24.0,17.0,41.0,40.0,101.0,-114.0,2.5,0.0,,1.0,0.0,0.0,-0.11435559461123156,-0.028891063906713574,-0.24594808306374044,0.830546777879241,0.11648722792825447,137.12431818181818,0.03827432292394853,0.13910642571870657,0.0
2022_13_BUF_NE,2022,13,2022-12-01,BUF,NE,24.0,10.0,34.0,43.5,-109.0,-103.0,-3.5,2.0,35.0,0.0,0.0,1.0,-0.07702274841904706,0.03705834120045809,-0.3179365167376057,0.8733741095191501,0.12880341132271397,129.6034090909091,0.0444356807587708,0.1512336524230893,0.5
2022_13_PIT_ATL,2022,13,2022-12-04,PIT,ATL,19.0,16.0,35.0,43.0,-104.0,-108.0,-1.0,0.0,,1.0,0.0,0.0,0.04896451813500434,0.07734114063370699,-0.04413693601758394,0.9060355524537722,0.11425191399136961,129.48030303030305,0.0360936335301267,0.11981104467091755,0.0
2022_13_DEN_BAL,2022,13,2022-12-04,DEN,BAL,9.0,10.0,19.0,40.5,-113.0,100.0,9.5,8.0,63.0,0.0,0.0,0.0,-0.04162676308302443,0.0427485925497495,-0.2003596046763867,0.8633532379712476,0.10306855839230535,132.30795454545455,0.03311546093326546,0.1371704152603067,0.0
2022_13_GB_CHI,2022,13,2022-12-04,GB,CHI,28.0,19.0,47.0,45.0,101.0,-114.0,-4.0,12.0,38.0,0.0,0.0,1.0,0.12301833058488215,0.2250166232905078,-0.03513849791423214,0.9112400114579253,0.12429477093757922,125.8375,0.03379627611977576,0.12983994695461762,0.2
2022_13_JAX_DET,2022,13,2022-12-04,JAX,DET,14.0,40.0,54.0,51.5,101.0,-114.0,1.0,0.0,,1.0,0.0,0.0,0.10632262574078764,0.2720552567306657,-0.16341595246302384,0.9244960545856311,0.12382296373480542,131.68068181818182,0.038348240803513164,0.08999306019552855,0.0
2022_13_CLE_HOU,2022,13,2022-12-04,CLE,HOU,27.0,14.0,41.0,47.0,106.0,-119.0,-7.5,0.0,,1.0,0.0,0.0,0.02096099587023626,0.09245907907175765,-0.09123703671888371,0.8852775288920847,0.12976671062944148,130.76136363636363,0.03493057515881832,0.14488326996789996,0.0
2022_13_NYJ_MIN,2022,13,2022-12-04,NYJ,MIN,22.0,27.0,49.0,44.0,-104.0,-108.0,3.0,0.0,,1.0,0.0,0.0,-0.06376278989088126,0.03969071462974834,-0.22942376712947277,0.8532048209030534,0.11240974378394983,128.74886363636364,0.03626356372159437,0.1410363302049187,0.0
2022_13_WAS_NYG,2022,13,2022-12-04,WAS,NYG,20.0,20.0,40.0,40.0,-108.0,-104.0,-2.5,9.0,40.0,0.0,0.0,1.0,-0.01959132156737581,0.06030170978417513,-0.12025559557513571,0.8526886630162653,0.09857273291418796,135.26098484848484,0.03368932542648301,0.12336029442664889,0.0
2022_13_TEN_PHI,2022,13,2022-12-04,TEN,PHI,10.0,35.0,45.0,44.5,-114.0,101.0,5.0,7.0,60.0,0.0,0.0,0.0,0.012826554547135455,0.04777038279852265,-0.1181671628631891,0.8827859037543769,0.11723232127135438,124.7159090909091,0.03971061070495721,0.14833469034292884,0.0
2022_13_SEA_LA,2022,13,2022-12-04,SEA,LA,27.0,23.0,50.0,41.0,-114.0,101.0,-7.0,0.0,,1.0,0.0,1.0,-0.009172929791484027,0.1477487360824124,-0.2912282069646719,0.8568071056443729,0.10289262731421056,121.85795454545455,0.036680971131668905,0.13699011214735185,0.0
2022_13_MIA_SF,2022,13,2022-12-04,MIA,SF,17.0,33.0,50.0,46.0,-102.0,-110.0,4.5,6.0,38.0,0.0,0.0,0.0,0.09050443523160345,0.2989730839378173,-0.23325123100281706,0.8940088330467815,0.11918697842704241,126.62159090909091,0.029742591800689964,0.10658467322226796,0.2
2022_13_KC_CIN,2022,13,2022-12-04,KC,CIN,24.0,27.0,51.0,53.0,-105.0,-107.0,-2.5,2.0,57.0,0.0,0.0,0.0,0.15767778508421643,0.290846318470242,-0.12311476446149458,0.9203265993121755,0.13037909571808898,137.7284090909091,0.03163663791932514,0.11236058744513888,0.0
2022_13_LAC_LV,2022,13,2022-12-04,LAC,LV,20.0,27.0,47.0,49.0,-114.0,102.0,2.5,0.0,,1.0,0.0,1.0,0.10063469827956564,0.28499576454849385,-0.1977424051414135,0.9112226906143044,0.12887632803888532,133.21022727272725,0.030174958688082648,0.09222242668328931,0.0
2022_13_IND_DAL,2022,13,2022-12-04,IND,DAL,19.0,54.0,73.0,44.5,-108.0,-104.0,11.0,0.0,,1.0,0.0,0.0,-0.09473032302434974,-0.015115887315344523,-0.17023393005500226,0.8488237656432385,0.09713388951510094,133.17159090909092,0.035315857046772314,0.15377579124581114,0.0
2022_13_NO_TB,2022,13,2022-12-05,NO,TB,16.0,17.0,33.0,41.0,-105.0,-107.0,3.5,2.0,69.0,0.0,0.0,1.0,-0.033656926985245396,0.10030608714438817,-0.3036192465012592,0.8616357621049331,0.09414632097730263,128.54280303030305,0.026100845004319237,0.1314720778175914,0.0
2022_14_LV_LA,2022,14,2022-12-08,LV,LA,16.0,17.0,33.0,42.5,102.0,-115.0,-6.5,0.0,,1.0,1.0,0.0,0.013509948240624878,0.14911598643494753,-0.20505604605443165,0.8861801695553999,0.11321348434774,126.85416666666667,0.03333937115314556,0.1218620710509174,0.0
2022_14_NYJ_BUF,2022,14,2022-12-11,NYJ,BUF,12.0,20.0,32.0,43.5,-108.0,-104.0,10.0,11.0,36.0,0.0,0.0,1.0,0.011495973608894136,0.10918498342939376,-0.17767212401343452,0.8911869206772223,0.11350777172203841,133.67083333333335,0.03703013285874484,0.12433081827522517,0.4
2022_14_CLE_CIN,2022,14,2022-12-11,CLE,CIN,10.0,23.0,33.0,47.0,-105.0,-108.0,4.5,8.0,47.0,0.0,0.0,1.0,0.11699223115409599,0.19247960532484046,-0.04396667035076733,0.9233669626282257,0.12300156532684849,136.99166666666667,0.030233186221509247,0.1007799186175836,0.0
2022_14_HOU_DAL,2022,14,2022-12-11,HOU,DAL,23.0,27.0,50.0,44.5,-104.0,-108.0,17.0,0.0,,1.0,0.0,0.0,-0.10960108440113855,-0.06145329859689888,-0.14246361568273358,0.8333827947973139,0.10928511291390504,129.12916666666666,0.043043235835011566,0.1395161848637697,0.0
2022_14_MIN_DET,2022,14,2022-12-11,MIN,DET,23.0,34.0,57.0,51.5,-102.0,-110.0,2.5,0.0,,1.0,0.0,1.0,0.08118592942645686,0.222420056164974,-0.12133908826106021,0.9169539337695984,0.12274985384312789,133.875,0.03289065809332352,0.10185597002939076,0.0
2022_14_PHI_NYG,2022,14,2022-12-11,PHI,NYG,48.0,22.0,70.0,44.5,-103.0,-109.0,-7.5,6.0,37.0,0.0,0.0,1.0,0.05885947669347457,0.1333263787453072,-0.020358373338341243,0.9022412099453538,0.11162821256316001,134.64999999999998,0.037954694828679164,0.1479985299477342,0.3
2022_14_BAL_PIT,2022,14,2022-12-11,BAL,PIT,16.0,14.0,30.0,37.0,101.0,-114.0,1.5,12.0,42.0,0.0,0.0,1.0,0.002923498570951602,0.08442408330869923,-0.1582511541219035,0.8863601882763907,0.10117338106057759,135.8125,0.03810534597087921,0.13051410402834715,0.0
2022_14_JAX_TEN,2022,14,2022-12-11,JAX,TEN,36.0,22.0,58.0,42.0,-101.0,-112.0,3.0,8.0,54.0,0.0,0.0,1.0,0.06541980336654277,0.2737655774866604,-0.3426113341643263,0.8698853569089848,0.11999763086139362,122.77916666666667,0.029983262072836196,0.11762191261994384,0.0
2022_14_KC_DEN,2022,14,2022-12-11,KC,DEN,34.0,28.0,62.0,44.5,-100.0,-112.0,-8.5,4.0,55.0,0.0,0.0,1.0,0.050929312911328635,0.19959538882009742,-0.22235173822715404,0.8784654934031801,0.10963664642794453,132.09583333333333,0.027894141888208743,0.1186186909403425,0.0
2022_14_CAR_SEA,2022,14,2022-12-11,CAR,SEA,30.0,24.0,54.0,44.5,-104.0,-109.0,3.5,4.0,45.0,0.0,0.0,0.0,0.004778445838031799,0.08427233015028869,-0.15714797741510217,0.8793311857883254,0.12072030824987914,121.39583333333333,0.03996510613372138,0.12407795723419593,0.0
2022_14_TB_SF,2022,14,2022-12-11,TB,SF,7.0,35.0,42.0,38.0,-117.0,104.0,3.5,8.0,54.0,0.0,0.0,0.0,-0.05116364325703892,0.0999918769686729,-0.30012093430630893,0.8492879818036847,0.10165568295492693,137.7375,0.033835963596880105,0.11182511968907512,0.0
2022_14_MIA_LAC,2022,14,2022-12-11,MIA,LAC,17.0,23.0,40.0,54.5,-110.0,-102.0,-3.0,0.0,,1.0,0.0,0.0,0.06180711762679888,0.19734736454223814,-0.15379898093607028,0.8948146020205798,0.12010192357346897,129.0625,0.03741492556429102,0.10769999812173428,0.0
2022_14_NE_ARI,2022,14,2022-12-12,NE,ARI,27.0,13.0,40.0,44.0,-110.0,-103.0,-2.0,0.0,,1.0,0.0,0.0,-0.09468408179089934,0.009724332187110319,-0.2711143475138324,0.8418145734744948,0.10172684952953721,129.24583333333334,0.033665973293831135,0.13961492591148073,0.0
2022_15_SF_SEA,2022,15,2022-12-15,SF,SEA,21.0,13.0,34.0,43.0,-103.0,-109.0,-3.0,0.0,,0.0,1.0,1.0,0.03909778115695799,0.18802404709374346,-0.21809946326191068,0.9017260472728618,0.11621866174968165,126.01250000000002,0.04644018219494134,0.11379381635605743,0.0
2022_15_IND_MIN,2022,15,2022-12-17,IND,MIN,36.0,39.0,75.0,46.5,-105.0,-107.0,3.5,0.0,,1.0,0.0,0.0,-0.049544427502157165,0.07015652690483166,-0.24143326231066783,0.8662801314673686,0.11357269589026336,132.45,0.03741047237624996,0.12773947091740578,0.0
2022_15_BAL_CLE,2022,15,2022-12-17,BAL,CLE,3.0,13.0,16.0,39.5,-105.0,-107.0,2.5,12.0,34.0,0.0,0.0,1.0,-0.003615666921008842,0.04934798797876491,-0.13726686856710535,0.8865241902783203,0.11024616363068501,134.96249999999998,0.04004184663756423,0.12355333499938229,0.6
2022_15_MIA_BUF,2022,15,2022-12-17,MIA,BUF,29.0,32.0,61.0,44.0,-119.0,106.0,7.0,4.0,29.0,0.0,0.0,1.0,0.04653374751777885,0.20158356453641124,-0.23743171002354316,0.8978954101734524,0.11162887713459865,127.13750000000002,0.03691568494139852,0.11551637503949976,1.1
2022_15_PIT_CAR,2022,15,2022-12-18,PIT,CAR,24.0,16.0,40.0,36.5,-114.0,101.0,2.5,7.0,47.0,0.0,0.0,0.0,-0.0370174166462513,-0.010276609263600718,-0.12046381945871085,0.8662713038515062,0.10888185697409929,127.94999999999999,0.035085549297743185,0.1169130612246734,0.0
2022_15_PHI_CHI,2022,15,2022-12-18,PHI,CHI,25.0,20.0,45.0,48.0,-103.0,-110.0,-8.5,17.0,17.0,0.0,0.0,0.0,0.11532115485302627,0.14820528554699708,0.058769953660738554,0.9149648080588209,0.12096259267133591,130.125,0.03721481790664592,0.1551242651810067,2.3
2022_15_KC_HOU,2022,15,2022-12-18,KC,HOU,30.0,24.0,54.0,48.5,-103.0,-109.0,-14.5,0.0,,1.0,0.0,0.0,-0.015838731423957003,0.0776699496786993,-0.19616370132695432,0.8760048923070374,0.11643805131051563,128.2375,0.04287400608856394,0.1191300926438111,0.0
2022_15_DAL_JAX,2022,15,2022-12-18,DAL,JAX,34.0,40.0,74.0,48.5,-110.0,-103.0,-4.0,9.0,54.0,0.0,0.0,0.0,0.02524945321786083,0.1956910189643311,-0.2245667132551994,0.8864248308107514,0.1157527883277939,132.775,0.042436414304035525,0.1064515504632795,0.0
2022_15_ATL_NO,2022,15,2022-12-18,ATL,NO,18.0,21.0,39.0,43.5,-103.0,-109.0,5.0,0.0,,1.0,0.0,1.0,0.02016639771774833,0.11135670255582343,-0.16807799075012642,0.9081577492183537,0.1015059861189666,116.79999999999998,0.031877802364768004,0.11864120529318362,0.0
2022_15_DET_NYJ,2022,15,2022-12-18,DET,NYJ,20.0,17.0,37.0,44.0,-103.0,-109.0,2.0,13.0,38.0,0.0,0.0,0.0,0.01733673214349333,0.1250700737783817,-0.1568996095117316,0.8664964428572429,0.11392848856584833,134.4125,0.03060496895688801,0.11476871126486382,0.2
2022_15_ARI_DEN,2022,15,2022-12-18,ARI,DEN,15.0,24.0,39.0,37.5,-103.0,-110.0,1.5,4.0,37.0,0.0,0.0,0.0,-0.07035903108878387,0.020985862289152415,-0.17639310904548852,0.846381750217662,0.09916622496761862,135.3625,0.03229229564059781,0.11739089985415535,0.3
2022_15_NE_LV,2022,15,2022-12-18,NE,LV,24.0,30.0,54.0,45.0,-108.0,-105.0,1.0,0.0,,1.0,0.0,0.0,-0.046647438929695036,0.06864458859332659,-0.23023987414832545,0.8569893437733234,0.12674069337939858,123.9625,0.03388780137695058,0.1231121115257278,0.0
2022_15_TEN_LAC,2022,15,2022-12-18,TEN,LAC,14.0,17.0,31.0,46.5,-112.0,-101.0,3.0,0.0,,1.0,0.0,0.0,0.042862151099963205,0.16524796645253864,-0.205034413901673,0.8587222321027608,0.12306103517595149,129.23749999999998,0.029010938229322374,0.12017344084846082,0.0
2022_15_CIN_TB,2022,15,2022-12-18,CIN,TB,34.0,23.0,57.0,47.0,-114.0,101.0,-3.5,6.0,66.0,0.0,0.0,0.0,0.05747734951329927,0.19469346878236374,-0.18074278273102487,0.898714958790704,0.11248556500658674,137.6,0.028131981845400993,0.09525943810652533,0.0
2022_15_NYG_WAS,2022,15,2022-12-18,NYG,WAS,20.0,12.0,32.0,40.5,-108.0,-104.0,4.5,13.0,35.0,0.0,0.0,1.0,-0.00045545483605251985,0.05284219692879939,-0.08077808695781158,0.8769815285608005,0.10001827600975075,137.2375,0.03296540791788496,0.1365496844648211,0.5
2022_15_LA_GB,2022,15,2022-12-19,LA,GB,12.0,24.0,36.0,39.5,-111.0,-101.0,8.0,4.0,15.0,0.0,0.0,0.0,0.05065976942900951,0.1096747301812013,-0.08214747693411478,0.892981361641578,0.12026776864860111,122.86250000000001,0.04006780528500691,0.12967207456624935,2.5
2022_16_JAX_NYJ,2022,16,2022-12-22,JAX,NYJ,19.0,3.0,22.0,36.5,-106.0,-106.0,2.5,17.0,43.0,0.0,1.0,0.0,0.00575355448264616,0.14903140671643672,-0.2400075870275711,0.8803093792800734,0.11489059796740717,133.5392857142857,0.037747839320620855,0.11060582090331217,0.0
2022_16_ATL_BAL,2022,16,2022-12-24,ATL,BAL,9.0,17.0,26.0,35.0,-107.0,-105.0,6.5,9.0,17.0,0.0,0.0,0.0,0.05819330716479026,0.12102175200240466,-0.05467424633552255,0.9401267705129264,0.09985083850679652,123.85535714285714,0.03805114110044793,0.12792117040924328,2.3
2022_16_DET_CAR,2022,16,2022-12-24,DET,CAR,23.0,37.0,60.0,43.5,-100.0,-112.0,-2.5,12.0,20.0,0.0,0.0,0.0,0.0399948261637367,0.18914666814895803,-0.20760795945317886,0.8725236338721889,0.1172820533027342,127.19821428571427,0.03000201489908696,0.10874599084440056,2.0
2022_16_BUF_CHI,2022,16,2022-12-24,BUF,CHI,35.0,13.0,48.0,40.0,-115.0,102.0,-8.0,17.0,7.0,0.0,0.0,0.0,0.09841130259924465,0.18200011952593145,-0.059282065656161675,0.9082101363343481,0.12046507400357592,128.58214285714286,0.038080715535646986,0.122741628841393,3.3
2022_16_NO_CLE,2022,16,2022-12-24,NO,CLE,17.0,10.0,27.0,32.0,-104.0,-108.0,3.0,27.0,6.0,0.0,0.0,0.0,-0.02900864128609494,0.03633423758299067,-0.1406452290071714,0.8886551832365668,0.09973623881378618,128.1732142857143,0.03284194690214547,0.12449135024966049,3.4
2022_16_SEA_KC,2022,16,2022-12-24,SEA,KC,10.0,24.0,34.0,50.5,-107.0,-105.0,10.5,9.0,12.0,0.0,0.0,0.0,0.14900240346862287,0.28128523099342284,-0.14381159854497258,0.9225647218630021,0.11698325793612158,130.50535714285715,0.03967333819214118,0.11715000638339387,2.8
2022_16_NYG_MIN,2022,16,2022-12-24,NYG,MIN,24.0,27.0,51.0,48.0,-104.0,-109.0,4.5,0.0,,1.0,0.0,0.0,0.04976146832386972,0.17503351738789896,-0.15215145125709367,0.8924504327068589,0.11082307934120716,134.3607142857143,0.02972579682923113,0.12924245656027136,0.0
2022_16_CIN_NE,2022,16,2022-12-24,CIN,NE,22.0,18.0,40.0,42.0,-103.0,-109.0,-3.0,2.0,21.0,0.0,0.0,0.0,-0.014309052717002158,0.07744602270328442,-0.16889795721502612,0.8748330041294302,0.11467595882238554,125.60535714285714,0.034715124363961965,0.11253983301140823,1.9
2022_16_HOU_TEN,2022,16,2022-12-24,HOU,TEN,19.0,14.0,33.0,34.0,-101.0,-111.0,3.0,14.0,22.0,0.0,0.0,1.0,-0.0979609129515672,-0.009415563853569689,-0.27802121128114365,0.8477948981535459,0.1173163067730112,120.54464285714286,0.03933029106702435,0.12964261476400968,1.8
2022_16_WAS_SF,2022,16,2022-12-24,WAS,SF,20.0,37.0,57.0,37.5,102.0,-114.0,6.5,2.0,54.0,0.0,0.0,0.0,-0.09444910144008592,-0.016921226259707933,-0.20457319579458544,0.848542983854234,0.09694765044088732,134.91071428571428,0.038829312350818206,0.11174195332157462,0.0
2022_16_PHI_DAL,2022,16,2022-12-24,PHI,DAL,34.0,40.0,74.0,48.0,-101.0,-112.0,4.0,0.0,,1.0,0.0,1.0,0.03777932574287729,0.08685029156295627,-0.001828731523172495,0.9122212650896122,0.11833096477819259,138.19107142857143,0.04491534020178015,0.1467326598752474,0.0
2022_16_LV_PIT,2022,16,2022-12-24,LV,PIT,10.0,13.0,23.0,38.5,-102.0,-110.0,2.5,21.0,9.0,0.0,0.0,0.0,0.05351576900964969,0.16948912391712526,-0.149667210018924,0.8974406246415341,0.11766191862455055,131.20714285714286,0.0329883585313354,0.10190220590290165,3.1
2022_16_GB_MIA,2022,16,2022-12-25,GB,MIA,26.0,20.0,46.0,49.0,-109.0,-103.0,3.5,14.0,45.0,0.0,0.0,0.0,0.08456065146671647,0.1430204234964367,-0.02355209103257627,0.8997071945609784,0.1246070100825949,122.14821428571429,0.03830340187381664,0.1251193364929864,0.0
2022_16_DEN_LA,2022,16,2022-12-25,DEN,LA,14.0,51.0,65.0,36.5,-103.0,-109.0,-3.0,0.0,,1.0,0.0,0.0,-0.10077509513994887,-0.038357736722886684,-0.20981348251545132,0.8311008737503103,0.09111442538139032,123.63749999999999,0.042780222789300534,0.15575841072312158,0.0
2022_16_TB_ARI,2022,16,2022-12-25,TB,ARI,19.0,16.0,35.0,41.5,-108.0,-104.0,-7.5,0.0,,0.0,0.0,0.0,-0.050120059063194694,0.052171865953493296,-0.2043358974663832,0.8798133777797674,0.09241667746967411,141.88035714285715,0.036846675372122384,0.10773303641375631,0.0
2022_16_LAC_IND,2022,16,2022-12-26,LAC,IND,20.0,3.0,23.0,44.5,-109.0,-103.0,-3.5,0.0,,1.0,0.0,0.0,-0.08654165627695408,-0.040934288518336324,-0.16741791288177948,0.8589831049949301,0.10330006201277071,139.18928571428575,0.039486218549489964,0.13429034023279687,0.0
2022_17_DAL_TEN,2022,17,2022-12-29,DAL,TEN,27.0,13.0,40.0,41.0,101.0,-113.0,-14.0,4.0,56.0,0.0,1.0,0.0,-0.037975527030116585,0.06233041005343674,-0.21390012728205782,0.8801508623867078,0.11538362441548276,127.66666666666667,0.0456729645109471,0.1356304334083066,0.0
2022_17_ARI_ATL,2022,17,2023-01-01,ARI,ATL,19.0,20.0,39.0,41.0,100.0,-113.0,7.0,0.0,,1.0,0.0,0.0,-0.021726872449055343,0.008737576039271014,-0.05938874995926316,0.9064602930218508,0.09928625237133049,132.52666666666667,0.037738899769363565,0.1095456986159846,0.0
2022_17_CHI_DET,2022,17,2023-01-01,CHI,DET,10.0,41.0,51.0,52.5,-101.0,-111.0,4.5,0.0,,1.0,0.0,1.0,0.12520974535117224,0.27826732840854795,-0.13109810710135342,0.8981179741280907,0.1394400027427221,127.34416666666667,0.036855102060898856,0.10567290745415894,0.0
2022_17_JAX_HOU,2022,17,2023-01-01,JAX,HOU,31.0,3.0,34.0,43.0,-115.0,102.0,-3.5,0.0,,1.0,0.0,1.0,-0.06690914520454667,0.03860945499554336,-0.25399158628680824,0.8901766070321024,0.11261004398609759,128.83249999999998,0.04809553272568541,0.10407101665697478,0.0
2022_17_DEN_KC,2022,17,2023-01-01,DEN,KC,24.0,27.0,51.0,46.0,-108.0,-104.0,13.5,2.0,47.0,0.0,0.0,1.0,0.010971817157369772,0.10576700275992533,-0.1598588196788261,0.8704799814335209,0.10533796293291056,131.68083333333334,0.038849963096473504,0.1301116677345064,0.0
2022_17_MIA_NE,2022,17,2023-01-01,MIA,NE,21.0,23.0,44.0,41.5,-105.0,-107.0,3.0,2.0,53.0,0.0,0.0,1.0,-0.03914538950639651,0.031199511358803007,-0.1590915652726226,0.8568339490378685,0.11858261105314186,116.23500000000001,0.04179317201968627,0.12419166693462175,0.0
2022_17_IND_NYG,2022,17,2023-01-01,IND,NYG,10.0,38.0,48.0,38.5,-109.0,-103.0,5.5,14.0,52.0,0.0,0.0,0.0,-0.07141475319254106,-0.029989505176655586,-0.11665840838465961,0.8826346078629003,0.09147665641833574,132.3408333333333,0.03932910741522136,0.16156678599137975,0.0
2022_17_NO_PHI,2022,17,2023-01-01,NO,PHI,20.0,10.0,30.0,41.5,-113.0,101.0,5.5,11.0,54.0,0.0,0.0,0.0,0.0030631050546561164,0.09028860821607239,-0.15152243129231163,0.8920191533177413,0.10504997029474718,128.07916666666665,0.03780735723031509,0.14674271066792327,0.0
2022_17_CAR_TB,2022,17,2023-01-01,CAR,TB,24.0,30.0,54.0,40.5,-109.0,-103.0,3.5,2.0,75.0,0.0,0.0,1.0,-0.01647107136710703,0.13642760161349327,-0.2869635812951922,0.8539108839413598,0.1091891126987696,133.36833333333334,0.03287059884630697,0.0944200593554009,0.0
2022_17_CLE_WAS,2022,17,2023-01-01,CLE,WAS,24.0,10.0,34.0,41.5,-103.0,-109.0,1.0,9.0,59.0,0.0,0.0,0.0,-0.08021667663707367,-0.09991550675965166,-0.10540921791351188,0.8590599545500198,0.10056943481675536,137.82083333333333,0.03613037691712108,0.11603612315260733,0.0
2022_17_SF_LV,2022,17,2023-01-01,SF,LV,37.0,34.0,71.0,41.5,-105.0,-107.0,-10.0,0.0,,1.0,0.0,0.0,-0.043528687548138614,0.08967426116265427,-0.21689989300449658,0.8536461986145373,0.11247321478653234,126.47166666666666,0.04157107658262023,0.09843230081981913,0.0
2022_17_NYJ_SEA,2022,17,2023-01-01,NYJ,SEA,6.0,23.0,29.0,43.0,-109.0,-103.0,-1.0,2.0,45.0,0.0,0.0,0.0,-0.03129764212246742,0.0456469016423823,-0.19042457059311868,0.8427072399321597,0.11089685389545999,130.45083333333335,0.03494955702571694,0.12416089545717258,0.0
2022_17_MIN_GB,2022,17,2023-01-01,MIN,GB,17.0,41.0,58.0,47.5,-109.0,-103.0,3.0,7.0,39.0,0.0,0.0,1.0,0.04665297538085376,0.12378734189934068,-0.10735594432856208,0.9050547035390086,0.12189560417642849,132.96083333333334,0.04235995124124935,0.12254325412229766,0.1
2022_17_LA_LAC,2022,17,2023-01-01,LA,LAC,10.0,31.0,41.0,41.5,-100.0,-112.0,6.5,0.0,,1.0,0.0,0.0,-0.0591481004137934,-0.031553821172128904,-0.11572191187146366,0.8697588407185185,0.09701872377692725,130.00166666666667,0.0436218159644494,0.1484456533065755,0.0
2022_17_PIT_BAL,2022,17,2023-01-01,PIT,BAL,16.0,13.0,29.0,35.5,-107.0,-105.0,1.0,2.0,44.0,0.0,0.0,1.0,0.014501602357944761,0.08603888864716583,-0.12137475831891636,0.8913911941923487,0.0990790908831537,127.81166666666667,0.037430658989055565,0.1230178019521551,0.0
2022_18_KC_LV,2022,18,2023-01-07,KC,LV,31.0,13.0,44.0,51.5,-104.0,-108.0,-9.0,0.0,,1.0,0.0,1.0,0.07643983499059695,0.2075004295103381,-0.18495001536131744,0.9023437491943718,0.12198073472438184,129.784375,0.037030906397012134,0.08711748690759007,0.0
2022_18_TEN_JAX,2022,18,2023-01-07,TEN,JAX,16.0,20.0,36.0,39.5,-106.0,-106.0,6.0,4.0,56.0,0.0,0.0,1.0,-0.06001141646287316,0.04244643873851664,-0.28513424824319705,0.8710137695362066,0.11477275610376358,127.646875,0.04644054299862482,0.11681016309242871,0.0
2022_18_TB_ATL,2022,18,2023-01-08,TB,ATL,17.0,30.0,47.0,40.5,-106.0,-106.0,6.0,0.0,,1.0,0.0,1.0,-0.004292387316424073,0.11531370723977129,-0.21199084365211016,0.9077898077667244,0.10216199616163615,135.5875,0.03658628339653015,0.09082302348599973,0.0
2022_18_NE_BUF,2022,18,2023-01-08,NE,BUF,23.0,35.0,58.0,44.0,-108.0,-104.0,8.0,6.0,30.0,0.0,0.0,1.0,-0.05428586037741651,0.011621506095881258,-0.194082000084401,0.8533319617010476,0.11733826962762922,126.26020833333334,0.04209113027833407,0.12196709361051433,1.0
2022_18_MIN_CHI,2022,18,2023-01-08,MIN,CHI,29.0,13.0,42.0,42.5,-109.0,-103.0,-6.5,2.0,32.0,0.0,0.0,1.0,0.011924814236755892,0.09091681311316549,-0.11940016950633422,0.8956584333165951,0.12199637544203329,127.928125,0.04400244573935805,0.1332352920475633,0.8
2022_18_BAL_CIN,2022,18,2023-01-08,BAL,CIN,16.0,27.0,43.0,39.0,-110.0,-102.0,11.0,7.0,38.0,0.0,0.0,1.0,0.048561243246619985,0.13739532701471852,-0.1291183332848211,0.9223694521196182,0.09902648021351736,128.02708333333334,0.03674794934802088,0.11653704513739083,0.2
2022_18_HOU_IND,2022,18,2023-01-08,HOU,IND,32.0,31.0,63.0,38.0,-101.0,-111.0,3.0,0.0,,1.0,0.0,1.0,-0.19318462234467015,-0.13996896115108065,-0.26713084294719297,0.8499631073968763,0.09752660158206003,129.025,0.04961753415765901,0.13862645495125744,0.0
2022_18_NYJ_MIA,2022,18,2023-01-08,NYJ,MIA,6.0,11.0,17.0,37.5,-103.0,-110.0,3.5,9.0,75.0,0.0,0.0,1.0,-0.04455786429034989,0.04838087214169194,-0.2010741946316696,0.8284659835571945,0.1109259081960037,125.5375,0.03506551974084185,0.12393274652895715,0.0
2022_18_CAR_NO,2022,18,2023-01-08,CAR,NO,10.0,7.0,17.0,41.5,-105.0,-107.0,3.5,0.0,,1.0,0.0,1.0,-0.012906686084002292,0.10913040317868006,-0.25681457815749625,0.8587449397800418,0.10777884837781265,120.109375,0.03160786058769799,0.13419007700660462,0.0
2022_18_CLE_PIT,2022,18,2023-01-08,CLE,PIT,14.0,28.0,42.0,40.0,-106.0,-106.0,2.5,8.0,36.0,0.0,0.0,1.0,0.007627434274420698,0.03386469970629773,-0.07535459757847726,0.8766047259793358,0.10364261130797672,133.096875,0.03550425105267398,0.12346814645945534,0.4
2022_18_LAC_DEN,2022,18,2023-01-08,LAC,DEN,28.0,31.0,59.0,38.5,-110.0,-103.0,6.0,4.0,43.0,0.0,0.0,1.0,-0.08763769135494903,-0.08624761081686068,-0.09801716718802822,0.853053567159358,0.10417431442670719,136.334375,0.041466170755242275,0.14469984817575943,0.0
2022_18_NYG_PHI,2022,18,2023-01-08,NYG,PHI,16.0,22.0,38.0,42.5,-107.0,-105.0,16.5,12.0,43.0,0.0,0.0,1.0,0.04885756227653034,0.0796393582011925,0.013873854103683088,0.9118219880693168,0.10628289765812443,132.4375,0.036102730646086933,0.1672129741081498,0.0
2022_18_LA_SEA,2022,18,2023-01-08,LA,SEA,16.0,19.0,35.0,41.5,-111.0,-101.0,5.5,4.0,45.0,0.0,0.0,1.0,-0.010694147516281982,0.0513208397257167,-0.15108639189889916,0.8679798137811778,0.10717174005266597,122.14375000000001,0.0393350661480885,0.13945633684832837,0.0
2022_18_ARI_SF,2022,18,2023-01-08,ARI,SF,13.0,38.0,51.0,40.0,-105.0,-107.0,14.0,2.0,57.0,0.0,0.0,1.0,-0.05629011410682121,0.03917150435527551,-0.14884690654433186,0.8650346076833891,0.10560401096727481,134.11875,0.04150512607763375,0.10315999841644828,0.0
2022_18_DAL_WAS,2022,18,2023-01-08,DAL,WAS,6.0,26.0,32.0,40.5,-108.0,-104.0,-7.5,7.0,42.0,0.0,0.0,1.0,-0.043985551779445985,0.08275435095582587,-0.2098510616788503,0.857582105439961,0.1132192959931436,140.2375,0.04489842419571791,0.13343840044469968,0.0
2022_18_DET_GB,2022,18,2023-01-08,DET,GB,20.0,16.0,36.0,49.0,101.0,-113.0,5.5,4.0,21.0,0.0,0.0,1.0,0.10314485925322311,0.21279926195776142,-0.09136526170287373,0.9078797061598723,0.13365338727929463,131.078125,0.04093009026673135,0.1119401255599771,1.9
2023_05_CHI_WAS,2023,5,2023-10-05,CHI,WAS,40.0,20.0,60.0,45.5,-108.0,-112.0,6.0,1.0,70.0,0.0,1.0,0.0,0.024918278125975066,0.1212100753601166,-0.07486605472781109,0.8672713861221488,0.1270059801748497,131.25,0.04652170254546849,0.16648941741373766,0.0
2023_05_JAX_BUF,2023,5,2023-10-08,JAX,BUF,25.0,20.0,45.0,48.5,-112.0,-108.0,5.5,0.0,,0.0,0.0,0.0,-0.09996515107203985,0.008072303060147834,-0.22846827781133877,0.8978363627699382,0.11401749308656872,133.75,0.06096784055317976,0.12821246367827085,0.0
2023_05_HOU_ATL,2023,5,2023-10-08,HOU,ATL,19.0,21.0,40.0,42.0,-110.0,-110.0,2.5,0.0,,0.0,0.0,0.0,-0.0884082855622408,0.02249420011822792,-0.2364246684165918,0.8325263961980041,0.0936429991063539,134.5,0.029247698592326135,0.12173007996399755,0.0
2023_05_CAR_DET,2023,5,2023-10-08,CAR,DET,24.0,42.0,66.0,43.5,-110.0,-110.0,9.5,0.0,,1.0,0.0,0.0,-0.11068856804495195,-0.11140552091268213,-0.15840359349662975,0.8674645602849365,0.10180015044308058,140.5,0.03662472434911666,0.13884790512225068,0.0
2023_05_TEN_IND,2023,5,2023-10-08,TEN,IND,16.0,23.0,39.0,43.5,-110.0,-110.0,-2.5,0.0,,0.0,0.0,1.0,-0.09995666955952204,0.06779291467983836,-0.34021155941201575,0.8548929481221934,0.11642104443220193,129.0,0.03137946545963799,0.16855964976052418,0.0
2023_05_NYG_MIA,2023,5,2023-10-08,NYG,MIA,16.0,31.0,47.0,47.5,-112.0,-108.0,12.5,8.0,88.0,0.0,0.0,0.0,0.11045926706131898,0.2769731127272159,-0.07182327040640547,0.9415369374862899,0.11977560398028606,131.75,0.03387685950684703,0.11683852182236867,0.0
2023_05_NO_NE,2023,5,2023-10-08,NO,NE,34.0,0.0,34.0,38.5,-110.0,-110.0,2.5,10.0,61.0,0.0,0.0,0.0,-0.19609363920162554,-0.09929041623289606,-0.32333744928596053,0.811402937920874,0.0787991184669877,135.25,0.03838035272757816,0.12432975635860842,0.0
2023_05_BAL_PIT,2023,5,2023-10-08,BAL,PIT,10.0,17.0,27.0,38.5,-110.0,-110.0,-4.5,13.0,53.0,0.0,0.0,1.0,-0.21724232751591913,-0.150960601600778,-0.25899826684260857,0.8247621874403842,0.0927781447289361,125.25,0.04270782030362519,0.1460213425766765,0.0
2023_05_CIN_ARI,2023,5,2023-10-08,CIN,ARI,34.0,20.0,54.0,45.5,-110.0,-110.0,-3.0,0.0,,1.0,0.0,0.0,0.03470049718531608,0.1128145609438419,-0.020561773154834023,0.9106759999875993,0.10018231115709325,124.0,0.028741811477234678,0.12008809075474745,0.0
2023_05_PHI_LA,2023,5,2023-10-08,PHI,LA,23.0,14.0,37.0,50.5,-110.0,-110.0,-3.5,0.0,,1.0,0.0,0.0,0.054251409833858816,0.1797334670389375,-0.18532107574051543,0.8846817408136836,0.11805307285544998,147.5,0.03451197722663564,0.1134040792724272,0.0
2023_05_NYJ_DEN,2023,5,2023-10-08,NYJ,DEN,31.0,21.0,52.0,42.5,-110.0,-110.0,2.5,9.0,73.0,0.0,0.0,0.0,0.09480108296100415,0.33053492646405735,-0.23823240301065768,0.8754409123322597,0.11972074616900655,114.25,0.04182969029656661,0.11266898993433165,0.0
2023_05_KC_MIN,2023,5,2023-10-08,KC,MIN,27.0,20.0,47.0,52.5,-110.0,-110.0,-3.5,0.0,,1.0,0.0,0.0,-0.04673283221332883,-0.0200032649140547,-0.294454558254687,0.8614689746662617,0.11252556016024665,131.25,0.04944718515753471,0.10247329128266233,0.0
2023_05_DAL_SF,2023,5,2023-10-08,DAL,SF,10.0,42.0,52.0,45.0,-115.0,-105.0,3.5,10.0,78.0,0.0,0.0,0.0,-0.02040972769601023,0.12702029732018144,-0.13128601311993857,0.8976566995475632,0.09832335550108248,136.0,0.03597672437382668,0.11080168442980527,0.0
2023_05_GB_LV,2023,5,2023-10-09,GB,LV,13.0,17.0,30.0,45.0,-110.0,-110.0,1.0,0.0,,1.0,0.0,0.0,0.022424217282882145,0.22568803392706102,-0.25303495685545385,0.8856099137699859,0.09261719464573578,120.25,0.036739789263821945,0.10963197258966599,0.0
2023_06_DEN_KC,2023,6,2023-10-12,DEN,KC,8.0,19.0,27.0,47.5,-108.0,-112.0,10.5,0.0,,0.0,1.0,1.0,0.12591593626033218,0.23779213194065751,-0.04042354945914992,0.8866861001623747,0.12655662708486354,127.13,0.03874650337510925,0.11050672579070801,0.0
2023_06_BAL_TEN,2023,6,2023-10-15,BAL,TEN,24.0,16.0,40.0,42.5,-110.0,-110.0,-5.5,0.0,,0.0,0.0,0.0,-0.08931104818779383,0.012206038775308806,-0.20818858974550672,0.8481671635004552,0.10221602049323453,127.43499999999999,0.030319672578324745,0.16184957445601958,0.0
2023_06_WAS_ATL,2023,6,2023-10-15,WAS,ATL,24.0,16.0,40.0,42.0,-110.0,-110.0,1.5,0.0,,1.0,0.0,0.0,-0.037632899491674476,0.07002362928686062,-0.19670264053855568,0.8483895856231942,0.11875485153197274,136.4425,0.03869923945822198,0.15265711002232352,0.0
2023_06_MIN_CHI,2023,6,2023-10-15,MIN,CHI,19.0,13.0,32.0,44.5,-108.0,-112.0,-3.0,16.0,53.0,0.0,0.0,1.0,0.08023422235858563,0.16802281716028367,-0.23264271528932415,0.8953519137234355,0.1348332232434586,126.47250000000001,0.04118325945791536,0.13293438747065545,0.0
2023_06_SEA_CIN,2023,6,2023-10-15,SEA,CIN,13.0,17.0,30.0,45.5,-112.0,-108.0,3.0,15.0,57.0,0.0,0.0,0.0,-0.05389893955474371,0.007695524830488021,-0.13996912853102142,0.8972734566698602,0.09828783394228094,126.375,0.03228660968084133,0.1278889593542929,0.0
2023_06_SF_CLE,2023,6,2023-10-15,SF,CLE,17.0,19.0,36.0,36.0,-110.0,-110.0,-9.5,15.0,53.0,0.0,0.0,0.0,-0.18706291357670218,-0.05528645428746634,-0.2586556459524811,0.8293865232901307,0.09421034935066686,140.0,0.04209891745498329,0.14530757369613115,0.0
2023_06_NO_HOU,2023,6,2023-10-15,NO,HOU,13.0,20.0,33.0,42.5,-108.0,-112.0,-2.0,0.0,,1.0,0.0,0.0,-0.12828513679905312,0.037595014319336456,-0.34821157942009073,0.8138127718566613,0.09772046863097378,133.78,0.03358863367758183,0.10266637813402052,0.0
2023_06_IND_JAX,2023,6,2023-10-15,IND,JAX,20.0,37.0,57.0,44.0,-110.0,-110.0,4.0,0.0,,0.0,0.0,1.0,-0.02246274542311985,0.1268750103652707,-0.26437182316598606,0.8724298815109957,0.11859642801043724,139.695,0.038280896367478126,0.10756014547494036,0.0
2023_06_CAR_MIA,2023,6,2023-10-15,CAR,MIA,21.0,42.0,63.0,47.5,-108.0,-112.0,14.0,12.0,87.0,0.0,0.0,0.0,0.11160138255292916,0.18405816989936474,-0.008497815604262965,0.9760356135039371,0.12304504494144013,134.3875,0.039598762751853964,0.13082073107103886,0.0
2023_06_NE_LV,2023,6,2023-10-15,NE,LV,17.0,21.0,38.0,41.5,-110.0,-110.0,3.0,0.0,,1.0,0.0,0.0,-0.1993935318297167,-0.07036358080838846,-0.351751985709179,0.8392340101524602,0.08069844520656128,126.0825,0.04689075231059975,0.11559535574982152,0.0
2023_06_ARI_LA,2023,6,2023-10-15,ARI,LA,9.0,26.0,35.0,48.0,-110.0,-110.0,7.0,0.0,,1.0,0.0,1.0,0.10927924213643035,0.2522409431885547,-0.02646763627220277,0.9145634635224723,0.11505218024850344,132.56,0.02747781547415303,0.10744174870054077,0.0
2023_06_PHI_NYJ,2023,6,2023-10-15,PHI,NYJ,14.0,20.0,34.0,43.0,-115.0,-105.0,-6.5,11.0,59.0,0.0,0.0,0.0,-0.042721694399663605,0.05901841397883753,-0.283488279489667,0.854933211757769,0.10881302965761706,132.66,0.04293706926594135,0.1284564618979309,0.0
2023_06_DET_TB,2023,6,2023-10-15,DET,TB,20.0,6.0,26.0,43.5,-108.0,-112.0,-3.0,13.0,77.0,0.0,0.0,0.0,-0.07268154309297778,0.05406190746111735,-0.3010652845722049,0.8598794133415096,0.1219243052700575,128.38,0.04684888075742376,0.10494163095141583,0.0
2023_06_NYG_BUF,2023,6,2023-10-15,NYG,BUF,9.0,14.0,23.0,43.5,-110.0,-110.0,15.5,7.0,46.0,0.0,0.0,0.0,-0.0016697022749250778,0.09061334870336668,-0.10693491520465787,0.9192722851824604,0.12407909803418035,131.2575,0.05166356310619147,0.14668645419759166,0.0
2023_06_DAL_LAC,2023,6,2023-10-16,DAL,LAC,20.0,17.0,37.0,49.5,-112.0,-108.0,-1.5,0.0,,1.0,0.0,0.0,-0.008090160660422827,0.1605705488752047,-0.3269210895825858,0.9135156834948263,0.1338533551220561,136.4725,0.045933114234337706,0.13887879129899333,0.0
2023_07_JAX_NO,2023,7,2023-10-19,JAX,NO,31.0,24.0,55.0,41.0,-110.0,-110.0,2.5,0.0,,1.0,1.0,0.0,-0.14759365709013827,-0.029519827873290282,-0.3408032290112392,0.828344313574652,0.0943845380849616,138.74166666666667,0.04693367565767144,0.11220899826637462,0.0
2023_07_DET_BAL,2023,7,2023-10-22,DET,BAL,6.0,38.0,44.0,43.5,-112.0,-108.0,3.0,16.0,62.0,0.0,0.0,0.0,-0.1305983982256052,-0.06144325805069477,-0.2459268029340732,0.8591801851977126,0.11124546075922774,134.52083333333331,0.03708322966456492,0.139256191864035,0.0
2023_07_LV_CHI,2023,7,2023-10-22,LV,CHI,12.0,30.0,42.0,38.5,-110.0,-110.0,-2.5,8.0,52.0,0.0,0.0,0.0,-0.023678615300268657,0.062407456499044056,-0.16950930992046917,0.892212681626837,0.10514707867151571,126.75416666666666,0.04635756719670511,0.13697344664809274,0.0
2023_07_CLE_IND,2023,7,2023-10-22,CLE,IND,39.0,38.0,77.0,40.0,-110.0,-110.0,-3.5,0.0,,0.0,0.0,0.0,-0.2344704156573605,-0.1844231836000465,-0.3020874340823764,0.7840742093005426,0.11059707044844104,145.85416666666669,0.04221532631934351,0.15004297687178433,0.0
2023_07_BUF_NE,2023,7,2023-10-22,BUF,NE,25.0,29.0,54.0,41.0,-110.0,-110.0,-7.5,13.0,55.0,0.0,0.0,1.0,-0.1328900818436673,-0.0076634541709839354,-0.27233861160555217,0.8604228217743333,0.10166662925936307,125.97916666666666,0.04908070037056992,0.12028438975201376,0.0
2023_07_WAS_NYG,2023,7,2023-10-22,WAS,NYG,7.0,14.0,21.0,37.0,-108.0,-112.0,-3.0,14.0,54.0,0.0,0.0,1.0,-0.06791840828394294,-0.010820495446188419,-0.1438949631429021,0.8561221567064565,0.11027924503860742,133.16666666666666,0.04048500906713606,0.17205395302476595,0.0
2023_07_ATL_TB,2023,7,2023-10-22,ATL,TB,16.0,13.0,29.0,37.5,-105.0,-115.0,3.0,3.0,79.0,0.0,0.0,1.0,-0.1477619936178394,0.014036106100256851,-0.422662404735215,0.8165682366661084,0.1134972136595839,129.87083333333334,0.04021023022810226,0.1168945616999213,0.0
2023_07_PIT_LA,2023,7,2023-10-22,PIT,LA,24.0,17.0,41.0,44.0,-108.0,-112.0,3.5,0.0,,1.0,0.0,0.0,-0.11335872413180727,-0.009539642231058815,-0.17984528767510813,0.8220244165330977,0.12551427999603504,124.42,0.03626880406218967,0.12981069009309448,0.0
2023_07_ARI_SEA,2023,7,2023-10-22,ARI,SEA,10.0,20.0,30.0,43.5,-110.0,-110.0,9.5,5.0,56.0,0.0,0.0,1.0,0.016075603785005485,0.11719840175575905,-0.1279859606304748,0.9290044660245493,0.1163266399481366,130.16166666666666,0.03087113901234037,0.12930072877138726,0.0
2023_07_GB_DEN,2023,7,2023-10-22,GB,DEN,17.0,19.0,36.0,44.0,-110.0,-110.0,1.5,9.0,72.0,0.0,0.0,0.0,0.042171493207890286,0.14510495355765507,-0.09960220804851738,0.9133791624217478,0.12093870090012827,117.32,0.03908497908169328,0.1319827537973428,0.0
2023_07_LAC_KC,2023,7,2023-10-22,LAC,KC,17.0,31.0,48.0,48.5,-112.0,-108.0,5.5,10.0,72.0,0.0,0.0,1.0,0.03231855396666495,0.1375329708853891,-0.2567624634252864,0.8813387212792441,0.11249744571524156,136.25833333333333,0.03767857548954091,0.12699766656472342,0.0
2023_07_MIA_PHI,2023,7,2023-10-22,MIA,PHI,17.0,31.0,48.0,52.0,-110.0,-110.0,3.0,17.0,55.0,0.0,0.0,0.0,0.12986563911633153,0.23189323784077565,-0.010547237397352565,0.9357654668865455,0.12785718420117162,137.4375,0.03809601120907635,0.11887884835078003,0.0
2023_07_SF_MIN,2023,7,2023-10-23,SF,MIN,17.0,22.0,39.0,44.5,-110.0,-110.0,-7.0,0.0,,1.0,0.0,0.0,-0.04417321208086046,0.04417344671209383,-0.21738878840208514,0.9021958733022262,0.10318583021081303,128.4625,0.042708637131925256,0.12899203801000342,0.0
2023_08_TB_BUF,2023,8,2023-10-26,TB,BUF,18.0,24.0,42.0,43.0,-110.0,-110.0,10.0,10.0,66.0,0.0,1.0,0.0,0.0018268479859873676,0.202280747127083,-0.3373107948330097,0.9024504300081345,0.12321983911781724,125.79166666666667,0.053267510138745845,0.10185652951849723,0.0
2023_08_HOU_CAR,2023,8,2023-10-29,HOU,CAR,13.0,15.0,28.0,43.0,-110.0,-110.0,-3.0,14.0,77.0,0.0,0.0,0.0,-0.0037602039591679154,0.06648065370437747,-0.12015148264283698,0.8922067992730571,0.10840351949810448,137.0125,0.02906755202225044,0.10221906595221353,0.0
2023_08_LA_DAL,2023,8,2023-10-29,LA,DAL,20.0,43.0,63.0,44.5,-110.0,-110.0,6.5,0.0,,1.0,0.0,0.0,-0.05270706483512353,0.08662664505739355,-0.21182737267441268,0.8766825358440273,0.13139140209232747,132.83749999999998,0.03530288915717826,0.12517400117440164,0.0
2023_08_MIN_GB,2023,8,2023-10-29,MIN,GB,24.0,10.0,34.0,41.5,-112.0,-108.0,-1.0,8.0,39.0,0.0,0.0,1.0,-0.0356450752392702,0.027753144186223242,-0.22002643727606555,0.898199469117954,0.0997577540081047,124.4125,0.04209397912295472,0.12199637710286163,0.1
2023_08_NO_IND,2023,8,2023-10-29,NO,IND,38.0,27.0,65.0,43.5,-110.0,-110.0,-2.0,0.0,,1.0,0.0,0.0,-0.13245738622011918,0.013403356918547188,-0.3382385085637468,0.8131335582254441,0.10965304949133206,142.77142857142854,0.04371147669311687,0.11366697617838478,0.0
2023_08_NE_MIA,2023,8,2023-10-29,NE,MIA,17.0,31.0,48.0,46.5,-110.0,-110.0,7.5,17.0,83.0,0.0,0.0,1.0,-0.009421638503044186,0.11802184260898038,-0.15805396322118465,0.9019152307723988,0.11874282743338818,121.88214285714287,0.04027883699223453,0.11490867150496455,0.0
2023_08_NYJ_NYG,2023,8,2023-10-29,NYJ,NYG,13.0,10.0,23.0,35.0,-108.0,-112.0,-3.0,6.0,52.0,0.0,0.0,0.0,-0.1776092663535684,-0.1272056968174541,-0.23785036665959666,0.8360756961238229,0.10527490776571724,128.8875,0.04169949336890025,0.1482350538320018,0.0
2023_08_JAX_PIT,2023,8,2023-10-29,JAX,PIT,20.0,10.0,30.0,41.0,-110.0,-110.0,-2.5,2.0,58.0,0.0,0.0,0.0,-0.13964706381345351,-0.05328762879879989,-0.24476365423823132,0.8364625281725142,0.11271822663999367,125.19107142857143,0.04387160221367645,0.11354455726764451,0.0
2023_08_ATL_TEN,2023,8,2023-10-29,ATL,TEN,23.0,28.0,51.0,35.0,-110.0,-110.0,-2.5,7.0,77.0,0.0,0.0,0.0,-0.07323832800328786,0.1301699752449288,-0.33607854146008365,0.8442360973090417,0.1073699281902964,126.83035714285714,0.03388235850838364,0.14696511887452568,0.0
2023_08_PHI_WAS,2023,8,2023-10-29,PHI,WAS,38.0,31.0,69.0,42.5,-110.0,-110.0,-7.0,4.0,69.0,0.0,0.0,1.0,0.00988848068934016,0.07285214246701556,-0.1196155824317853,0.8581091314824569,0.11558730839417553,139.09821428571428,0.03722514524446241,0.17285407270126016,0.0
2023_08_CLE_SEA,2023,8,2023-10-29,CLE,SEA,20.0,24.0,44.0,39.5,-108.0,-112.0,4.0,3.0,47.0,0.0,0.0,0.0,-0.22839204143667585,-0.18696398949403023,-0.2686213699753574,0.8046887582049204,0.10859030764391356,136.97500000000002,0.041651155112434245,0.1625413322268639,0.0
2023_08_BAL_ARI,2023,8,2023-10-29,BAL,ARI,31.0,24.0,55.0,44.5,-110.0,-110.0,-9.5,0.0,,1.0,0.0,0.0,-0.05662686337283515,0.05603187399155557,-0.15198991593636674,0.8799762518572494,0.11835417772693964,131.90714285714284,0.035271415387795296,0.1410886988698842,0.0
2023_08_KC_DEN,2023,8,2023-10-29,KC,DEN,9.0,24.0,33.0,45.5,-110.0,-110.0,-7.0,7.0,26.0,0.0,0.0,1.0,0.08089536895787844,0.19472377440811828,-0.14904196636163392,0.8978456812233322,0.12081765389272628,124.6,0.04346169300254918,0.11801074254119101,1.4
2023_08_CIN_SF,2023,8,2023-10-29,CIN,SF,31.0,17.0,48.0,44.0,-110.0,-110.0,4.0,10.0,74.0,0.0,0.0,0.0,-0.05210473378840705,0.06475587706495164,-0.1606126835173776,0.9011541377681367,0.10206075537834708,124.03154761904761,0.04520820579896248,0.12293557664697556,0.0
2023_08_CHI_LAC,2023,8,2023-10-29,CHI,LAC,13.0,30.0,43.0,46.0,-108.0,-112.0,9.5,0.0,,1.0,0.0,0.0,0.07689608014932124,0.2084502676712309,-0.2778790412687857,0.892900501245526,0.132239090772153,131.88630952380953,0.03978952174916457,0.1437908684485545,0.0
2023_08_LV_DET,2023,8,2023-10-30,LV,DET,14.0,26.0,40.0,46.0,-110.0,-110.0,7.0,0.0,,1.0,0.0,0.0,-0.01750442096892206,0.10427431381623276,-0.2007517564892018,0.8923457856310815,0.10573721210277909,131.65178571428572,0.04208688204482056,0.11021979665298409,0.0
2023_09_TEN_PIT,2023,9,2023-11-02,TEN,PIT,16.0,20.0,36.0,37.0,-112.0,-108.0,3.5,5.0,40.0,0.0,1.0,0.0,-0.0866549705931853,0.03323971346399928,-0.1987503318683092,0.8502400275018542,0.12078845255569418,119.88035714285715,0.03525628068722949,0.1515395903953721,0.0
2023_09_MIA_KC,2023,9,2023-11-05,MIA,KC,14.0,21.0,35.0,51.0,-112.0,-108.0,1.0,0.0,,0.0,0.0,0.0,0.035503525316565546,0.10939804206183411,-0.12355413815268888,0.9044450596788542,0.12105974208291344,127.75625,0.047537976961078775,0.13284980386104348,0.0
2023_09_MIN_ATL,2023,9,2023-11-05,MIN,ATL,31.0,28.0,59.0,38.5,-108.0,-112.0,3.5,0.0,,0.0,0.0,0.0,-0.07043359566493088,0.08454339658502948,-0.37844766576202443,0.8594575431079985,0.10772399296393528,134.675,0.04317489400760455,0.12853169531152311,0.0
2023_09_SEA_BAL,2023,9,2023-11-05,SEA,BAL,3.0,37.0,40.0,44.5,-108.0,-112.0,6.0,6.0,70.0,0.0,0.0,0.0,-0.09359193969589608,-0.03745832918250912,-0.13870105166121746,0.8781686912111141,0.11890942747941954,127.53839285714285,0.03765024524441292,0.14780133716400295,0.0
2023_09_ARI_CLE,2023,9,2023-11-05,ARI,CLE,0.0,27.0,27.0,38.0,-110.0,-110.0,13.0,7.0,56.0,0.0,0.0,0.0,-0.17613979975639582,-0.14405630492055796,-0.18378400209539975,0.8253603888371697,0.11322209674566457,141.50625000000002,0.04668089535049884,0.14891242433307544,0.0
2023_09_LA_GB,2023,9,2023-11-05,LA,GB,3.0,20.0,23.0,38.0,-108.0,-112.0,3.5,8.0,51.0,0.0,0.0,0.0,0.00911028833829575,0.10780335064756716,-0.10939703073457965,0.8849608982710822,0.12282594309192853,126.43392857142857,0.02847921258888934,0.12003194858242816,0.0
2023_09_TB_HOU,2023,9,2023-11-05,TB,HOU,37.0,39.0,76.0,39.5,-110.0,-110.0,2.5,0.0,,1.0,0.0,0.0,-0.05987519121877079,0.15710748699686722,-0.4106032537897203,0.8423717169374118,0.11103364065947946,128.7482142857143,0.034237009847859476,0.09722299211443836,0.0
2023_09_WAS_NE,2023,9,2023-11-05,WAS,NE,20.0,17.0,37.0,40.5,-110.0,-110.0,2.5,6.0,62.0,0.0,0.0,0.0,-0.07934101828483243,0.07670204958297211,-0.3556237185668214,0.8336076600127715,0.10644877606689565,126.93750000000001,0.04129862847774649,0.14229905639925455,0.0
2023_09_CHI_NO,2023,9,2023-11-05,CHI,NO,17.0,24.0,41.0,42.0,-110.0,-110.0,9.0,0.0,,1.0,0.0,0.0,-0.07212927609026895,0.028043946982361637,-0.25103887499319755,0.8442803055183605,0.09651704876743292,137.2,0.04094346550074947,0.11087688161060542,0.0
2023_09_IND_CAR,2023,9,2023-11-05,IND,CAR,27.0,13.0,40.0,45.0,-110.0,-110.0,-1.5,2.0,75.0,0.0,0.0,0.0,-0.025187536732044245,0.021556763810469535,-0.1100438597306189,0.8647405145125722,0.11399902292014123,140.7267857142857,0.038071493045922986,0.13389449810161586,0.0
2023_09_NYG_LV,2023,9,2023-11-05,NYG,LV,6.0,30.0,36.0,38.5,-108.0,-112.0,1.0,0.0,,1.0,0.0,0.0,-0.1785212131506493,-0.1486001126992984,-0.23793743403309525,0.8665085465657747,0.08181494165025928,129.8,0.042613174540196766,0.15016004789031467,0.0
2023_09_DAL_PHI,2023,9,2023-11-05,DAL,PHI,23.0,28.0,51.0,46.5,-110.0,-110.0,3.5,6.0,64.0,0.0,0.0,1.0,-0.04516846121807504,0.08994790359901944,-0.2858314572220563,0.880814682651729,0.1173838735781564,134.60714285714286,0.04540698954902052,0.13243701316848755,0.0
2023_09_BUF_CIN,2023,9,2023-11-05,BUF,CIN,18.0,24.0,42.0,51.0,-110.0,-110.0,1.5,5.0,51.0,0.0,0.0,0.0,0.013124957149474852,0.09985111293497423,-0.15261926317523608,0.9453988453012105,0.11757394944013448,127.24910714285714,0.04798102272937797,0.12103134756554045,0.0
2023_09_LAC_NYJ,2023,9,2023-11-06,LAC,NYJ,27.0,6.0,33.0,41.0,-110.0,-110.0,-3.0,4.0,48.0,0.0,0.0,0.0,-0.09700071000397453,-0.014003873076961992,-0.35924452405463536,0.8228662421671312,0.11541003814830397,127.25178571428572,0.04355802974787498,0.14405961115132554,0.0
2023_10_CAR_CHI,2023,10,2023-11-09,CAR,CHI,13.0,16.0,29.0,38.0,-115.0,-105.0,3.0,8.0,51.0,0.0,1.0,0.0,-0.08487712596522334,-0.042716412445084506,-0.1958598008084208,0.8695330965358707,0.08835744206612664,135.40416666666667,0.04064324809292505,0.12366068625086232,0.0
2023_10_IND_NE,2023,10,2023-11-12,IND,NE,10.0,6.0,16.0,42.0,-110.0,-110.0,-1.0,0.0,,0.0,0.0,0.0,-0.08068903897926938,0.05459046336711997,-0.24966363760430096,0.8389025147249551,0.10105231048528833,130.29583333333335,0.04369993182605149,0.10759850132098495,0.0
2023_10_CLE_BAL,2023,10,2023-11-12,CLE,BAL,33.0,31.0,64.0,38.5,-112.0,-108.0,6.0,4.0,49.0,0.0,0.0,1.0,-0.23034108642380424,-0.24822158354692653,-0.16814564978510732,0.7868371932836663,0.10903916087950824,141.39097222222222,0.04930546420441373,0.15767133365799896,0.0
2023_10_HOU_CIN,2023,10,2023-11-12,HOU,CIN,30.0,27.0,57.0,46.0,-110.0,-110.0,5.5,6.0,56.0,0.0,0.0,0.0,-0.0032665441821148264,0.14404521958312141,-0.25410406477231384,0.8932903068397622,0.11728593869158911,128.89999999999998,0.035860764706568016,0.111118950057588,0.0
2023_10_SF_JAX,2023,10,2023-11-12,SF,JAX,34.0,3.0,37.0,44.5,-108.0,-112.0,-3.0,11.0,59.0,0.0,0.0,0.0,-0.04521862638106219,0.10607641877887944,-0.254061008001229,0.8970362397696467,0.11503030518135021,129.1375,0.0546490771662695,0.1025097961449418,0.0
2023_10_NO_MIN,2023,10,2023-11-12,NO,MIN,19.0,27.0,46.0,41.0,-108.0,-112.0,-3.0,0.0,,1.0,0.0,0.0,-0.06971232035997671,0.06483748103650144,-0.3513328069576474,0.8585445867093076,0.10316069856495999,137.79583333333332,0.046724525869437636,0.10591415813262052,0.0
2023_10_GB_PIT,2023,10,2023-11-12,GB,PIT,19.0,23.0,42.0,38.5,-108.0,-112.0,3.0,5.0,50.0,0.0,0.0,0.0,-0.10384474045183914,0.0029656959545894084,-0.21632084129883808,0.8537411100004204,0.11278866289874018,123.39375,0.03889505513564532,0.12668908287038938,0.0
2023_10_TEN_TB,2023,10,2023-11-12,TEN,TB,6.0,20.0,26.0,39.5,-110.0,-110.0,2.5,6.0,85.0,0.0,0.0,0.0,0.03203154932981943,0.23127137845789197,-0.2910944246966837,0.857392829243847,0.1271174852193836,126.46875,0.03258603436136806,0.1259673989495039,0.0
2023_10_ATL_ARI,2023,10,2023-11-12,ATL,ARI,23.0,25.0,48.0,43.5,-112.0,-108.0,-2.0,0.0,,1.0,0.0,0.0,-0.14545114172277365,-0.016958953150552403,-0.28658539007327977,0.8162722431840823,0.10432364335969735,134.35833333333335,0.03923448837587869,0.14709451659678552,0.0
2023_10_DET_LAC,2023,10,2023-11-12,DET,LAC,41.0,38.0,79.0,48.5,-110.0,-110.0,-2.5,0.0,,1.0,0.0,0.0,-0.04162824354597994,0.07822111281359226,-0.31272917686728774,0.8665893507396496,0.1266402783365759,136.24375,0.03737513160604933,0.13139876659543726,0.0
2023_10_NYG_DAL,2023,10,2023-11-12,NYG,DAL,17.0,49.0,66.0,38.5,-112.0,-108.0,17.5,0.0,,1.0,0.0,1.0,-0.15320565621839566,-0.036064411608358174,-0.3365826954899721,0.8622583009303174,0.11169034206553155,133.66319444444446,0.03759007808509245,0.15607453122445672,0.0
2023_10_WAS_SEA,2023,10,2023-11-12,WAS,SEA,26.0,29.0,55.0,44.0,-108.0,-112.0,6.0,4.0,52.0,0.0,0.0,0.0,-0.05376056188519422,0.04918747883084838,-0.24368363899137485,0.8498834908003181,0.11985989688281326,127.27847222222223,0.044086512122992735,0.14917359493445928,0.0
2023_10_NYJ_LV,2023,10,2023-11-12,NYJ,LV,12.0,16.0,28.0,35.5,-108.0,-112.0,-1.0,0.0,,1.0,0.0,0.0,-0.24362951137965477,-0.21659739873551723,-0.28518524838812764,0.8219290080195829,0.07750378958851917,123.52777777777777,0.04592686581890373,0.16105564918235557,0.0
2023_10_DEN_BUF,2023,10,2023-11-13,DEN,BUF,24.0,22.0,46.0,47.5,-108.0,-112.0,7.5,10.0,49.0,0.0,0.0,0.0,0.06746976776339741,0.1780080350564127,-0.1301317142756624,0.9359171303674388,0.1153748181528626,124.96736111111112,0.046035400892588646,0.11884763957383082,0.0
2023_11_CIN_BAL,2023,11,2023-11-16,CIN,BAL,20.0,34.0,54.0,46.5,-108.0,-112.0,4.0,1.0,56.0,0.0,1.0,1.0,-0.025661375074915428,0.005146609490395922,-0.08930531218115756,0.900506159738567,0.12538719094108752,126.88805555555557,0.04526194052643868,0.13116475363071428,0.0
2023_11_DAL_CAR,2023,11,2023-11-19,DAL,CAR,33.0,10.0,43.0,43.0,-112.0,-108.0,-11.0,2.0,65.0,0.0,0.0,0.0,-0.06369883751930676,0.012762539818912594,-0.22162050547393272,0.8515293668778837,0.10546939011296583,136.8361111111111,0.03136303414942,0.13499542494170866,0.0
2023_11_PIT_CLE,2023,11,2023-11-19,PIT,CLE,10.0,13.0,23.0,34.0,-112.0,-108.0,2.5,11.0,48.0,0.0,0.0,1.0,-0.19209846616495907,-0.17705027243125052,-0.17059301279247172,0.802482991572993,0.1211035276626693,135.6847222222222,0.04865726532898873,0.14305029759432947,0.0
2023_11_CHI_DET,2023,11,2023-11-19,CHI,DET,26.0,31.0,57.0,48.0,-110.0,-110.0,8.0,0.0,,1.0,0.0,1.0,-0.02633378090193282,0.08149265615460102,-0.230862483381735,0.8781271217704408,0.10820512649479141,136.4347222222222,0.03743170580117326,0.09593912785850962,0.0
2023_11_LAC_GB,2023,11,2023-11-19,LAC,GB,20.0,23.0,43.0,44.0,-112.0,-108.0,-3.0,5.0,45.0,0.0,0.0,0.0,0.03819923510505849,0.20129317959816379,-0.2690649865413809,0.8668002273811013,0.12076735226217096,130.68472222222223,0.034974304612677753,0.11576907200743794,0.0
2023_11_ARI_HOU,2023,11,2023-11-19,ARI,HOU,16.0,21.0,37.0,48.0,-110.0,-110.0,5.5,0.0,,1.0,0.0,0.0,-0.04037819812477172,0.08770819391657964,-0.21839196820436202,0.840885322005742,0.10640707473554765,131.59138888888887,0.03294883586326963,0.13268341763633257,0.0
2023_11_TEN_JAX,2023,11,2023-11-19,TEN,JAX,14.0,34.0,48.0,40.0,-110.0,-110.0,6.5,3.0,75.0,0.0,0.0,1.0,-0.0751456212641011,0.040851155335041696,-0.22224732178124088,0.8444048812659186,0.11327830142665365,127.15138888888887,0.041597547085821904,0.13581245273823062,0.0
2023_11_LV_MIA,2023,11,2023-11-19,LV,MIA,13.0,20.0,33.0,44.5,-110.0,-110.0,14.0,7.0,82.0,0.0,0.0,0.0,-0.07956960985975703,-0.00188219502441353,-0.18387137065442402,0.8985175808025425,0.10118578051597543,122.51027777777779,0.04254842777181167,0.13267424606622458,0.0
2023_11_NYG_WAS,2023,11,2023-11-19,NYG,WAS,31.0,19.0,50.0,39.0,-110.0,-110.0,7.5,7.0,56.0,0.0,0.0,1.0,-0.10266549502811315,0.002786521098026025,-0.31745257621565703,0.8299024171656908,0.1130521218103668,134.435,0.03654183790066354,0.1589035441901162,0.0
2023_11_TB_SF,2023,11,2023-11-19,TB,SF,14.0,27.0,41.0,41.5,-112.0,-108.0,13.5,10.0,65.0,0.0,0.0,0.0,0.013878090564816377,0.21740548562350737,-0.2983612838380709,0.8701460138193625,0.13177665922586032,125.04166666666667,0.04748647490116331,0.11352325501838967,0.0
2023_11_NYJ_BUF,2023,11,2023-11-19,NYJ,BUF,6.0,32.0,38.0,39.5,-108.0,-112.0,8.0,9.0,40.0,0.0,0.0,1.0,-0.11680573246336726,-0.09938847395227697,-0.21600332604689862,0.8597897981487161,0.10369470388695294,127.425,0.04930111532156368,0.13546025271409434,0.0
2023_11_SEA_LA,2023,11,2023-11-19,SEA,LA,16.0,17.0,33.0,45.0,-112.0,-108.0,2.5,0.0,,1.0,0.0,1.0,-0.05034407857868796,0.03722866636784131,-0.18017605311997767,0.8670542114214796,0.12836385834439945,125.8388888888889,0.03594891188814245,0.1254237688560328,0.0
2023_11_MIN_DEN,2023,11,2023-11-19,MIN,DEN,20.0,21.0,41.0,43.5,-105.0,-115.0,2.5,3.0,53.0,0.0,0.0,0.0,0.0014918137252461286,0.13893127896773574,-0.2841631356974926,0.8826687472364843,0.11208039273510109,130.48611111111111,0.05035976410136561,0.12104048115973665,0.0
2023_11_PHI_KC,2023,11,2023-11-20,PHI,KC,21.0,17.0,38.0,46.0,-112.0,-108.0,2.5,12.0,45.0,0.0,0.0,0.0,0.012506420687595315,0.09218261961316196,-0.20615767614772715,0.8851160758668043,0.11000361136823239,133.30277777777778,0.04721709627575157,0.13870209663379596,0.0
2023_12_GB_DET,2023,12,2023-11-23,GB,DET,29.0,22.0,51.0,47.0,-112.0,-108.0,8.5,0.0,,1.0,1.0,1.0,0.019409966909898973,0.14269578804824662,-0.16670981022147763,0.8950436879679431,0.12635689503510258,134.69,0.03604555055966449,0.10932207385586537,0.0
2023_12_WAS_DAL,2023,12,2023-11-23,WAS,DAL,10.0,45.0,55.0,48.0,-110.0,-112.0,13.0,0.0,,1.0,1.0,1.0,0.015618095078801825,0.14721216130187176,-0.2492227158797296,0.8648411417229827,0.12938439592892445,139.01613636363635,0.040734345567501884,0.15376235342624303,0.0
2023_12_SF_SEA,2023,12,2023-11-23,SF,SEA,31.0,13.0,44.0,43.5,-105.0,-115.0,-7.0,4.0,39.0,0.0,1.0,1.0,0.02450163980401146,0.15929078664337046,-0.1665933577098094,0.9012315909314195,0.12486803564926258,121.6625,0.04628021370394113,0.12084160100145387,0.1
2023_12_MIA_NYJ,2023,12,2023-11-24,MIA,NYJ,34.0,13.0,47.0,40.0,-110.0,-110.0,-9.5,11.0,48.0,0.0,1.0,1.0,-0.17439881886282013,-0.12884338939468615,-0.2849280237199153,0.8151267439480347,0.10718221615946094,127.07749999999999,0.04824885350832773,0.1481313193933919,0.0
2023_12_NO_ATL,2023,12,2023-11-26,NO,ATL,15.0,24.0,39.0,42.0,-110.0,-110.0,-2.0,0.0,,1.0,0.0,1.0,-0.08240920210260103,0.07177974443411375,-0.2787137562674181,0.8270029649649601,0.09954199497167128,138.04500000000002,0.040405735406324514,0.1094679842876856,0.0
2023_12_PIT_CIN,2023,12,2023-11-26,PIT,CIN,16.0,10.0,26.0,36.0,-112.0,-108.0,-2.0,9.0,48.0,0.0,0.0,1.0,-0.018679120735017624,0.02106201760639221,-0.08290502937659289,0.8881992850119292,0.1253938297945229,123.725,0.03898491047856517,0.11851732131690867,0.0
2023_12_JAX_HOU,2023,12,2023-11-26,JAX,HOU,24.0,21.0,45.0,48.0,-112.0,-108.0,-1.0,0.0,,1.0,0.0,1.0,-0.017110840849772015,0.16478116865225012,-0.29792327847809663,0.841363392899823,0.12436826748850363,133.1225,0.04439710629755436,0.11575584843430925,0.0
2023_12_TB_IND,2023,12,2023-11-26,TB,IND,20.0,27.0,47.0,45.0,-108.0,-112.0,2.5,0.0,,1.0,0.0,0.0,-0.009984217950928936,0.17338174431363373,-0.28124707272963556,0.8571634399093491,0.1168449892638831,131.345,0.040642686043577195,0.1257415700939156,0.0
2023_12_NE_NYG,2023,12,2023-11-26,NE,NYG,7.0,10.0,17.0,36.5,-115.0,-105.0,-4.5,6.0,43.0,0.0,0.0,0.0,-0.15618160869970288,-0.074533830422711,-0.29137141365352165,0.8370225075341029,0.10450097613162777,127.31840909090909,0.040469934271854385,0.14545145005288657,0.0
2023_12_CAR_TEN,2023,12,2023-11-26,CAR,TEN,10.0,17.0,27.0,36.0,-108.0,-112.0,3.5,13.0,51.0,0.0,0.0,0.0,-0.04624910259326873,0.03982691169648414,-0.16856035832436148,0.8274633125759796,0.0980673031209838,126.47000000000001,0.026555706838908892,0.1484905370380079,0.0
2023_12_LA_ARI,2023,12,2023-11-26,LA,ARI,37.0,14.0,51.0,45.0,-108.0,-112.0,-3.0,0.0,,1.0,0.0,1.0,-0.10380239485997315,-0.03748472732105002,-0.15615881910817359,0.8502883164244146,0.10967198716359383,128.99477272727273,0.03409781892131733,0.13593220359463387,0.0
2023_12_CLE_DEN,2023,12,2023-11-26,CLE,DEN,12.0,29.0,41.0,37.5,-110.0,-110.0,1.5,5.0,40.0,0.0,0.0,0.0,-0.14415916026685066,-0.1172094814088602,-0.1627721040934057,0.8132637526946309,0.10000751051014534,136.725,0.05034510607230876,0.14314095617769776,0.0
2023_12_KC_LV,2023,12,2023-11-26,KC,LV,31.0,17.0,48.0,42.5,-108.0,-112.0,-9.0,0.0,,1.0,0.0,1.0,-0.1643262393679345,-0.12975827799917974,-0.2351384854278541,0.8438606243323674,0.09433578677379356,125.64136363636364,0.05255331278609928,0.14064892617166272,0.0
2023_12_BUF_PHI,2023,12,2023-11-26,BUF,PHI,34.0,37.0,71.0,49.0,-112.0,-108.0,2.5,6.0,47.0,0.0,0.0,0.0,0.06877931097650883,0.1637089028780324,-0.13943657905614118,0.9027907376626899,0.11249508876684955,130.21295454545455,0.0470380408166836,0.12670073281252806,0.0
2023_12_BAL_LAC,2023,12,2023-11-26,BAL,LAC,20.0,10.0,30.0,49.0,-110.0,-110.0,-3.0,0.0,,1.0,0.0,0.0,0.026252979414516674,0.12036861515065175,-0.18752523973075533,0.8772091973238891,0.1196979898176988,131.2277272727273,0.03346777189266527,0.13914002643283455,0.0
2023_12_CHI_MIN,2023,12,2023-11-27,CHI,MIN,12.0,10.0,22.0,43.5,-110.0,-110.0,3.0,0.0,,1.0,0.0,1.0,-0.054589085776958625,0.09362876912072504,-0.35795178872631417,0.861341427699184,0.09449271928302173,136.29659090909092,0.04410441769908087,0.10425253452973045,0.0
2023_13_SEA_DAL,2023,13,2023-11-30,SEA,DAL,35.0,41.0,76.0,47.5,-110.0,-110.0,9.5,0.0,,1.0,0.0,0.0,-0.017249399595650805,0.06303502298548977,-0.17501443690223073,0.8770073103414031,0.1208470972609678,129.05454545454546,0.03619958105425274,0.1321051903466509,0.0
2023_13_DEN_HOU,2023,13,2023-12-03,DEN,HOU,17.0,22.0,39.0,47.5,-110.0,-110.0,3.5,0.0,,1.0,0.0,0.0,0.018001192256663714,0.19389340191587912,-0.2729283854754803,0.8672447445641199,0.12267202834223007,129.60113636363639,0.0452436691674791,0.12088061153358459,0.0
2023_13_LAC_NE,2023,13,2023-12-03,LAC,NE,6.0,0.0,6.0,38.5,-112.0,-108.0,-4.5,8.0,44.0,0.0,0.0,0.0,-0.05579656964675503,0.044271660349137515,-0.2716806852966851,0.8473493234974213,0.10833972065570355,129.45113636363638,0.03929107804149951,0.12480909697328706,0.0
2023_13_DET_NO,2023,13,2023-12-03,DET,NO,33.0,28.0,61.0,47.5,-112.0,-108.0,-4.0,0.0,,1.0,0.0,0.0,-0.0051214210072740955,0.1037616804080736,-0.1433346500448761,0.891209654866712,0.11452874428353552,139.52954545454546,0.042177929695649416,0.09004239212873358,0.0
2023_13_ATL_NYJ,2023,13,2023-12-03,ATL,NYJ,13.0,8.0,21.0,33.0,-110.0,-110.0,-2.0,8.0,50.0,0.0,0.0,0.0,-0.1963120568435969,-0.12126074261167541,-0.306434862754218,0.7977417777102388,0.09355283115032792,130.0193181818182,0.04682672627436624,0.1485412225420893,0.0
2023_13_ARI_PIT,2023,13,2023-12-03,ARI,PIT,24.0,10.0,34.0,41.0,-108.0,-112.0,6.0,12.0,56.0,0.0,0.0,0.0,-0.10384590903769689,-0.07686925647637499,-0.10578341913339157,0.8366341599679534,0.11285099162818234,125.4469696969697,0.03412034991265177,0.1325121874223997,0.0
2023_13_IND_TEN,2023,13,2023-12-03,IND,TEN,31.0,28.0,59.0,42.0,-112.0,-108.0,-1.5,13.0,53.0,0.0,0.0,1.0,0.0013042268654981544,0.13798510978585313,-0.15534549778567347,0.8596506102145192,0.11083918399784136,124.07727272727271,0.03315524760390791,0.13836945039136755,0.0
2023_13_MIA_WAS,2023,13,2023-12-03,MIA,WAS,45.0,15.0,60.0,50.0,-110.0,-110.0,-8.5,2.0,53.0,0.0,0.0,0.0,-0.007144371150603873,0.11337037851557134,-0.23136077766836796,0.8697680638768381,0.1266058988124987,136.62424242424242,0.045564971234171046,0.141720219873955,0.0
2023_13_CAR_TB,2023,13,2023-12-03,CAR,TB,18.0,21.0,39.0,37.0,-110.0,-110.0,4.0,8.0,81.0,0.0,0.0,1.0,-0.05732401749148305,0.04372182765476279,-0.23573937237293682,0.84298788522768,0.09610402482309179,132.15340909090907,0.032424630830675,0.13747469357561878,0.0
2023_13_CLE_LA,2023,13,2023-12-03,CLE,LA,19.0,36.0,55.0,39.5,-110.0,-110.0,3.5,0.0,,1.0,0.0,0.0,-0.17350198555714516,-0.15018877173872727,-0.15684556870732,0.799412817623299,0.10429771763236308,139.33522727272728,0.03976544159406355,0.1344835699021261,0.0
2023_13_SF_PHI,2023,13,2023-12-03,SF,PHI,42.0,19.0,61.0,46.5,-112.0,-108.0,-3.0,44.0,52.0,0.0,0.0,0.0,0.07822572287571687,0.214967841109811,-0.1432940336042233,0.915674709568689,0.12756104984177852,126.46931818181818,0.043015883366654115,0.13775931130883812,0.0
2023_13_KC_GB,2023,13,2023-12-03,KC,GB,19.0,27.0,46.0,43.5,-115.0,-105.0,-5.5,9.0,31.0,0.0,0.0,0.0,-0.0342648227016753,0.050756488359282106,-0.19769543174666146,0.8464921502216858,0.10992327282119091,128.8534090909091,0.03852445670782435,0.11778546283351343,0.9
2023_13_CIN_JAX,2023,13,2023-12-04,CIN,JAX,34.0,31.0,65.0,41.0,-115.0,-105.0,10.0,4.0,61.0,0.0,0.0,0.0,-0.0018123108416512289,0.16022106718890786,-0.25457845282240354,0.8775688652082758,0.12999433000415522,127.91704545454544,0.043394972790265295,0.1220549133503405,0.0
2023_14_NE_PIT,2023,14,2023-12-07,NE,PIT,21.0,18.0,39.0,30.0,-115.0,-105.0,6.0,5.0,42.0,0.0,1.0,0.0,-0.1607601890016886,-0.07837479963122668,-0.28244271811528676,0.8182026352351754,0.10322770949516472,125.8125,0.03657897754857141,0.12124472438740796,0.0
2023_14_TB_ATL,2023,14,2023-12-10,TB,ATL,29.0,25.0,54.0,41.5,-110.0,-110.0,1.5,0.0,,1.0,0.0,1.0,-0.09523244778714796,0.051678483674432396,-0.3150703714540911,0.8312356476896985,0.10625263196299087,130.75833333333333,0.03993463402821974,0.13248736284005566,0.0
2023_14_LA_BAL,2023,14,2023-12-10,LA,BAL,31.0,37.0,68.0,42.0,-110.0,-110.0,7.5,5.0,57.0,0.0,0.0,0.0,-0.05265970116014891,-0.027283046719452204,-0.05078303437430115,0.8622964139330982,0.11585499619714652,130.72083333333333,0.03426574985503087,0.12592561032152338,0.0
2023_14_DET_CHI,2023,14,2023-12-10,DET,CHI,13.0,28.0,41.0,44.5,-110.0,-110.0,-3.0,12.0,36.0,0.0,0.0,1.0,-0.0036579322381920937,0.10883454213689246,-0.15465584119530124,0.8887351129430441,0.1128503443025522,134.88333333333333,0.04453868310331556,0.09459012323108033,0.4
2023_14_IND_CIN,2023,14,2023-12-10,IND,CIN,14.0,34.0,48.0,45.0,-110.0,-110.0,3.0,9.0,40.0,0.0,0.0,0.0,0.0007336669277019821,0.09397958550728726,-0.14805402054350814,0.8898867368341876,0.12217792176951542,127.64999999999999,0.039499776814297075,0.14192933575144157,0.0
2023_14_JAX_CLE,2023,14,2023-12-10,JAX,CLE,27.0,31.0,58.0,37.5,-110.0,-110.0,2.5,11.0,39.0,0.0,0.0,0.0,-0.08648012331994658,0.0014145400303578123,-0.1883964296473622,0.8223217045923962,0.11663375353988496,141.79166666666666,0.04195958909508421,0.12591437723269558,0.1
2023_14_CAR_NO,2023,14,2023-12-10,CAR,NO,6.0,28.0,34.0,39.0,-110.0,-110.0,5.5,0.0,,1.0,0.0,1.0,-0.08666475291755096,-0.021024164872412317,-0.18240317967380953,0.829342326548066,0.09523233900841882,136.45416666666668,0.03472676300083084,0.11092595232965165,0.0
2023_14_HOU_NYJ,2023,14,2023-12-10,HOU,NYJ,6.0,30.0,36.0,33.5,-110.0,-110.0,-3.5,7.0,58.0,0.0,0.0,0.0,-0.1647284697564521,-0.05356558279514401,-0.3513964109324712,0.794134582931991,0.11081601578795018,128.85,0.046480693929276555,0.14766511401384597,0.0
2023_14_MIN_LV,2023,14,2023-12-10,MIN,LV,3.0,0.0,3.0,40.5,-112.0,-108.0,-3.0,0.0,,1.0,0.0,0.0,-0.14842239625813125,-0.03447060977304251,-0.35751568275718987,0.8374417310109274,0.10058088937028335,127.67083333333333,0.04959370648473811,0.11476033773820427,0.0
2023_14_SEA_SF,2023,14,2023-12-10,SEA,SF,16.0,28.0,44.0,44.5,-110.0,-110.0,14.5,5.0,63.0,0.0,0.0,1.0,0.07097344055960103,0.20093170059448923,-0.12786939681710194,0.9107748911078623,0.11771763274249539,124.40833333333333,0.03505449574284092,0.13163694286268066,0.0
2023_14_BUF_KC,2023,14,2023-12-10,BUF,KC,20.0,17.0,37.0,49.5,-110.0,-110.0,2.0,5.0,45.0,0.0,0.0,0.0,0.04473230491157533,0.10928643284781561,-0.07277960132651232,0.879867310108128,0.10306062832686312,133.64583333333334,0.04606399210702046,0.11235913931141431,0.0
2023_14_DEN_LAC,2023,14,2023-12-10,DEN,LAC,24.0,7.0,31.0,45.0,-110.0,-110.0,3.0,0.0,,1.0,0.0,1.0,-0.005503222494642526,0.10928579342719652,-0.2330835601538349,0.8739911051250572,0.12242168625388881,126.97916666666667,0.04127695685719144,0.12465865651534144,0.0
2023_14_PHI_DAL,2023,14,2023-12-10,PHI,DAL,13.0,33.0,46.0,52.5,-110.0,-110.0,3.5,0.0,,1.0,0.0,1.0,0.11744594727170007,0.2494844060036961,-0.14278165661610537,0.9027079896847632,0.12015585643428837,136.32083333333333,0.03324518397079118,0.13076050874232675,0.0
2023_14_TEN_MIA,2023,14,2023-12-11,TEN,MIA,28.0,27.0,55.0,45.0,-112.0,-110.0,14.0,9.0,64.0,0.0,0.0,0.0,0.008468864749601748,0.1635653892312663,-0.1775286386285122,0.8554094469759588,0.11925538121208472,124.21666666666667,0.03781138898679508,0.1399998275517618,0.0
2023_14_GB_NYG,2023,14,2023-12-11,GB,NYG,22.0,24.0,46.0,37.5,-110.0,-110.0,-6.0,14.0,39.0,0.0,0.0,0.0,-0.06822033447633516,0.029720629071683935,-0.23182958536969264,0.8502602662338412,0.12174012362843815,125.2125,0.035855014295158756,0.14684095451203155,0.1
2023_15_LAC_LV,2023,15,2023-12-14,LAC,LV,21.0,63.0,84.0,36.0,-110.0,-110.0,3.0,0.0,,1.0,1.0,1.0,-0.16315863116590912,-0.08382255929945523,-0.32608691492569497,0.8312780886463047,0.10767574263923255,124.9375,0.041052507865526736,0.1291048370577121,0.0
2023_15_MIN_CIN,2023,15,2023-12-16,MIN,CIN,24.0,27.0,51.0,41.5,-110.0,-110.0,3.0,5.0,53.0,0.0,0.0,0.0,-0.06831042746385557,0.019962374225313356,-0.2506371270212432,0.8600807997612994,0.11708743651404148,128.11249999999998,0.04297631282132702,0.12953945618797508,0.0
2023_15_PIT_IND,2023,15,2023-12-16,PIT,IND,13.0,30.0,43.0,41.5,-110.0,-110.0,1.5,0.0,,1.0,0.0,0.0,-0.09791569699584032,-0.0024939194516742855,-0.21273201922208834,0.8412861384666674,0.10919357750485362,128.8125,0.03687003230218174,0.12777271122863737,0.0
2023_15_DEN_DET,2023,15,2023-12-16,DEN,DET,17.0,42.0,59.0,49.0,-112.0,-108.0,5.5,0.0,,1.0,0.0,0.0,-0.04404634956896871,0.07268033819594646,-0.1955538638350865,0.8724794496842383,0.11664334795453554,128.5125,0.04391708866444804,0.12364419262678379,0.0
2023_15_ATL_CAR,2023,15,2023-12-17,ATL,CAR,7.0,9.0,16.0,32.0,-110.0,-110.0,-3.0,11.0,47.0,0.0,0.0,1.0,-0.1473849327253028,-0.13581357294453866,-0.17474776657346094,0.8176330023567548,0.08859984535834667,138.07500000000002,0.033066703998958905,0.13129435527469963,0.0
2023_15_CHI_CLE,2023,15,2023-12-17,CHI,CLE,17.0,20.0,37.0,38.0,-110.0,-110.0,3.0,15.0,45.0,0.0,0.0,0.0,-0.17805201016509353,-0.16148594722652787,-0.19242993641716571,0.8000240927937063,0.0898380248419362,140.75,0.049862034581600004,0.12078336069859959,0.0
2023_15_TB_GB,2023,15,2023-12-17,TB,GB,34.0,20.0,54.0,41.5,-110.0,-110.0,4.0,8.0,42.0,0.0,0.0,0.0,0.02755688514755877,0.17913470435790463,-0.20975698810969406,0.878554157002919,0.12194265887753492,128.0,0.03332223047731156,0.11555088715712003,0.0
2023_15_NYJ_MIA,2023,15,2023-12-17,NYJ,MIA,0.0,30.0,30.0,36.0,-110.0,-110.0,7.5,15.0,76.0,0.0,0.0,1.0,-0.16495559862723144,-0.07893574958761464,-0.26286506855717245,0.801659984793083,0.10364192062905073,127.8375,0.049524507274095866,0.1527509628840175,0.0
2023_15_KC_NE,2023,15,2023-12-17,KC,NE,27.0,17.0,44.0,39.5,-110.0,-110.0,-10.0,7.0,53.0,0.0,0.0,0.0,-0.1043726490214037,-0.06521505647853655,-0.1834553059418726,0.8334629295195566,0.09390207924245647,130.125,0.03826335498430818,0.12308853901403492,0.0
2023_15_NYG_NO,2023,15,2023-12-17,NYG,NO,6.0,24.0,30.0,39.5,-110.0,-110.0,6.0,0.0,,1.0,0.0,0.0,-0.1388471365047313,-0.060863635073504355,-0.2443318437436765,0.8357487735613158,0.11376317912951114,126.9125,0.043471876964431166,0.1332204394685128,0.0
2023_15_HOU_TEN,2023,15,2023-12-17,HOU,TEN,19.0,16.0,35.0,38.0,-112.0,-108.0,3.0,9.0,48.0,0.0,0.0,1.0,-0.017970739249770218,0.1357677770951407,-0.23663342533879722,0.8418504624126109,0.1269258948476476,125.6625,0.030736718671263128,0.14821227013130794,0.0
2023_15_SF_ARI,2023,15,2023-12-17,SF,ARI,45.0,29.0,74.0,48.0,-110.0,-110.0,-12.5,0.0,,0.0,0.0,1.0,0.052053424480817734,0.18971823099887497,-0.08612507052329312,0.9003676234007829,0.12974718698143084,124.8625,0.03558553055146779,0.13753890856191633,0.0
2023_15_WAS_LA,2023,15,2023-12-17,WAS,LA,20.0,28.0,48.0,48.5,-110.0,-110.0,6.5,0.0,,1.0,0.0,0.0,0.05947550144166609,0.1775899296015565,-0.13166982272595407,0.8615694313077633,0.13470481479347837,135.525,0.028842608997536306,0.12366430668280728,0.0
2023_15_DAL_BUF,2023,15,2023-12-17,DAL,BUF,10.0,31.0,41.0,49.5,-110.0,-110.0,2.0,9.0,48.0,0.0,0.0,0.0,0.02725109771604521,0.1317218651398161,-0.13595368550753104,0.9021280579449946,0.11367104310323597,140.5,0.04701093583333382,0.11451010309723984,0.0
2023_15_BAL_JAX,2023,15,2023-12-17,BAL,JAX,23.0,7.0,30.0,42.5,-112.0,-108.0,-4.0,13.0,58.0,0.0,0.0,0.0,-0.0010010176528891454,0.10280981291153672,-0.15331679467469994,0.8708596399039286,0.12056910885178124,135.6875,0.03985683101390064,0.12531958921326516,0.0
2023_15_PHI_SEA,2023,15,2023-12-18,PHI,SEA,17.0,20.0,37.0,46.0,-108.0,-112.0,-5.0,2.0,46.0,0.0,0.0,0.0,0.08057704534783806,0.18253047038054382,-0.13790658639045036,0.8849917690164255,0.1291550172067482,127.2125,0.03812915784193918,0.12835867918398394,0.0
2023_16_NO_LA,2023,16,2023-12-21,NO,LA,22.0,30.0,52.0,45.5,-108.0,-112.0,4.0,0.0,,1.0,1.0,0.0,-0.04429317349707893,0.05484507312180934,-0.1660162067896226,0.8427074471661534,0.11716249914477084,133.4964285714286,0.03110390341763066,0.09880198173744056,0.0
2023_16_CIN_PIT,2023,16,2023-12-23,CIN,PIT,11.0,34.0,45.0,39.5,-110.0,-110.0,-3.0,5.0,49.0,0.0,0.0,1.0,-0.05161126096542959,0.08074098836235885,-0.25367532834686857,0.8591790274448188,0.12279707932203285,123.57142857142856,0.03631129311587801,0.13133246717768846,0.0
2023_16_BUF_LAC,2023,16,2023-12-23,BUF,LAC,24.0,22.0,46.0,44.5,-105.0,-115.0,-13.0,0.0,,1.0,0.0,0.0,-0.04393480739623315,0.03274974555336095,-0.1732507524898418,0.8809989024011229,0.10840243442182942,135.98571428571427,0.04393804015584558,0.12015012416507606,0.0
2023_16_IND_ATL,2023,16,2023-12-24,IND,ATL,10.0,29.0,39.0,44.0,-115.0,-105.0,3.0,0.0,,1.0,0.0,0.0,-0.12457036684062768,0.010248195425025634,-0.28346203785956975,0.8300790046203799,0.10195960485748108,132.73392857142858,0.04050032608054776,0.13076060312846605,0.0
2023_16_GB_CAR,2023,16,2023-12-24,GB,CAR,33.0,30.0,63.0,39.5,-110.0,-110.0,-3.5,1.0,67.0,0.0,0.0,0.0,-0.04388681014293232,0.045653724239742996,-0.17567453739986721,0.8595248849256035,0.1125436880921982,133.1642857142857,0.03162144633082586,0.11985338306177444,0.0
2023_16_CLE_HOU,2023,16,2023-12-24,CLE,HOU,36.0,22.0,58.0,40.0,-110.0,-110.0,-3.0,0.0,,1.0,0.0,0.0,-0.20414298187630048,-0.13607081938753535,-0.3009535494227432,0.7761655323965619,0.1165681337192617,138.91964285714286,0.04283658483065909,0.14432354753934962,0.0
2023_16_DET_MIN,2023,16,2023-12-24,DET,MIN,30.0,24.0,54.0,47.5,-118.0,-102.0,-2.5,0.0,,1.0,0.0,1.0,-0.05302828523567367,0.05066042410062224,-0.22699128600767138,0.8566135407751271,0.11828104238744767,135.175,0.04461256004070518,0.12145371288880563,0.0
2023_16_WAS_NYJ,2023,16,2023-12-24,WAS,NYJ,28.0,30.0,58.0,36.5,-110.0,-110.0,3.0,2.0,45.0,0.0,0.0,0.0,-0.1694068229247217,-0.056828338263128914,-0.3556361641990531,0.7776385723615875,0.10868479836058043,130.47321428571428,0.04392199822261372,0.17262385244439926,0.0
2023_16_SEA_TEN,2023,16,2023-12-24,SEA,TEN,20.0,17.0,37.0,42.0,-112.0,-108.0,-3.0,4.0,61.0,0.0,0.0,0.0,0.033143577728911085,0.15527727439547678,-0.16584563012639109,0.8707053086734337,0.12724467375823947,124.80714285714285,0.03286387173893773,0.15137795264065515,0.0
2023_16_JAX_TB,2023,16,2023-12-24,JAX,TB,12.0,30.0,42.0,43.0,-112.0,-108.0,-2.0,11.0,72.0,0.0,0.0,0.0,-0.007320177198864776,0.13704128762412432,-0.2394262077008093,0.8679222473303729,0.1282643189007565,131.90178571428572,0.041241212355594484,0.12149922385185126,0.0
2023_16_ARI_CHI,2023,16,2023-12-24,ARI,CHI,16.0,27.0,43.0,42.0,-115.0,-105.0,4.5,4.0,52.0,0.0,0.0,0.0,-0.07128676662101043,0.027843996961170472,-0.16882509766787487,0.8507425511948599,0.10520198846476557,133.9660714285714,0.04437505561358708,0.12015732097609683,0.0
2023_16_DAL_MIA,2023,16,2023-12-24,DAL,MIA,20.0,22.0,42.0,48.5,-120.0,100.0,1.5,15.0,75.0,0.0,0.0,0.0,0.01651238652472785,0.15626938099992943,-0.18628990314106092,0.8905463133765812,0.11628811970036129,133.42142857142858,0.04175562292453836,0.13054268303832225,0.0
2023_16_NE_DEN,2023,16,2023-12-24,NE,DEN,26.0,23.0,49.0,37.5,-110.0,-110.0,7.0,9.0,28.0,0.0,0.0,0.0,-0.17497444553532998,-0.09139930429427288,-0.3002849276622082,0.8225054002488223,0.10348959642906266,123.38214285714287,0.04254300734150602,0.13919079062298043,1.2
2023_16_LV_KC,2023,16,2023-12-25,LV,KC,20.0,14.0,34.0,40.5,-110.0,-110.0,11.0,11.0,38.0,0.0,0.0,1.0,-0.10485553849738746,-0.04660450195396315,-0.1935157589952506,0.834119744694543,0.09823225288626558,124.58928571428571,0.043940061272978476,0.11898938191852146,0.2
2023_16_NYG_PHI,2023,16,2023-12-25,NYG,PHI,25.0,33.0,58.0,41.0,-112.0,-108.0,14.0,5.0,51.0,0.0,0.0,1.0,-0.020769000154188637,0.09475838695889124,-0.222754062696689,0.8616982759479195,0.10986736670194544,127.69107142857143,0.03799105810280537,0.14427791380928223,0.0
2023_16_BAL_SF,2023,16,2023-12-25,BAL,SF,33.0,19.0,52.0,47.5,-108.0,-112.0,6.5,8.0,56.0,0.0,0.0,0.0,0.0685214457615822,0.1387852959645442,-0.020883149328273856,0.9003355671236554,0.1372533202088749,126.46428571428572,0.0372268644943668,0.13543261609417775,0.0
2023_17_NYJ_CLE,2023,17,2023-12-28,NYJ,CLE,20.0,37.0,57.0,33.5,-110.0,-110.0,6.5,6.0,47.0,0.0,1.0,0.0,-0.32468288055303574,-0.3050799542230692,-0.35414479898993606,0.7291884225451131,0.08920283017507571,140.31833333333333,0.05179414835765633,0.14440140633487186,0.0
2023_17_DET_DAL,2023,17,2023-12-30,DET,DAL,19.0,20.0,39.0,53.0,-110.0,-110.0,5.5,0.0,,1.0,0.0,0.0,0.07271761520075339,0.24230725322626462,-0.2027237346531227,0.909661013072159,0.12878690614365507,137.7425,0.037881466458253715,0.11554796029651525,0.0
2023_17_MIA_BAL,2023,17,2023-12-31,MIA,BAL,19.0,56.0,75.0,47.0,-112.0,-108.0,3.0,7.0,50.0,0.0,0.0,0.0,-0.025796993225642294,0.05875373362200944,-0.14111000399118276,0.8745869703096999,0.12061188032867834,131.39666666666665,0.04213298684477711,0.13324698619818431,0.0
2023_17_NE_BUF,2023,17,2023-12-31,NE,BUF,21.0,27.0,48.0,40.0,-112.0,-108.0,15.0,4.0,35.0,0.0,0.0,1.0,-0.10962111828714594,-0.02188823261054433,-0.23501624637862095,0.8461039603959659,0.10009876141603638,128.87083333333334,0.041472648208405426,0.1205945338930541,0.5
2023_17_ATL_CHI,2023,17,2023-12-31,ATL,CHI,17.0,37.0,54.0,39.0,-110.0,-110.0,3.0,5.0,32.0,0.0,0.0,0.0,-0.18471224560677205,-0.06131208320100353,-0.34926017901070916,0.7916260178370279,0.09881608393285196,132.64999999999998,0.04248250948747745,0.12276280748708637,0.8
2023_17_TEN_HOU,2023,17,2023-12-31,TEN,HOU,3.0,26.0,29.0,44.0,-112.0,-108.0,5.0,0.0,,1.0,0.0,1.0,-0.05128873088864688,0.08414803979092697,-0.25726088874329334,0.8282746837691999,0.11769381212509211,132.63166666666666,0.03026514283100403,0.1713843250189966,0.0
2023_17_LV_IND,2023,17,2023-12-31,LV,IND,20.0,23.0,43.0,42.5,-115.0,-105.0,3.5,0.0,,1.0,0.0,0.0,-0.13482493588848268,-0.05079138356018884,-0.28862844359161,0.8383101946015628,0.09437377278147145,125.99333333333334,0.04085877247297669,0.13648992429784834,0.0
2023_17_CAR_JAX,2023,17,2023-12-31,CAR,JAX,0.0,26.0,26.0,38.0,-110.0,-110.0,3.5,8.0,56.0,0.0,0.0,0.0,-0.09009724549230717,-0.0009840289031258637,-0.2408739424350103,0.8511118340988283,0.10301776753153763,137.52416666666664,0.03970924474541998,0.11785112443364477,0.0
2023_17_LA_NYG,2023,17,2023-12-31,LA,NYG,26.0,25.0,51.0,43.5,-112.0,-108.0,-6.0,10.0,41.0,0.0,0.0,0.0,-0.06105515128988442,0.05213981635566163,-0.2269290214186903,0.839908923214111,0.11820818496409609,129.60083333333333,0.03030085183497173,0.12118726423264065,0.0
2023_17_ARI_PHI,2023,17,2023-12-31,ARI,PHI,35.0,31.0,66.0,48.0,-110.0,-110.0,12.0,9.0,45.0,0.0,0.0,0.0,0.08948614470573976,0.19508630354427584,-0.05134259723745329,0.8872005909757352,0.11237089833565986,134.26583333333332,0.03093534650810363,0.10535186230646718,0.0
2023_17_NO_TB,2023,17,2023-12-31,NO,TB,23.0,13.0,36.0,42.5,-108.0,-112.0,2.5,5.0,66.0,0.0,0.0,1.0,-0.04419964728008666,0.1274834327982743,-0.3180721489786962,0.8345151641990899,0.11910566916684706,128.24416666666667,0.035322060489838096,0.11899320043236405,0.0
2023_17_SF_WAS,2023,17,2023-12-31,SF,WAS,27.0,10.0,37.0,49.0,-108.0,-112.0,-14.0,7.0,48.0,0.0,0.0,0.0,0.0862076975886179,0.22155082175892168,-0.09887793738277251,0.8836163065059239,0.14242971582342934,126.11833333333334,0.04078700811747314,0.12541463354025073,0.0
2023_17_PIT_SEA,2023,17,2023-12-31,PIT,SEA,30.0,23.0,53.0,40.5,-112.0,-108.0,4.5,4.0,47.0,0.0,0.0,0.0,-0.0027264417127390653,0.12349843174367019,-0.20175180546989382,0.8594917606415988,0.11885500528463643,123.08916666666667,0.03495017712480245,0.12917486320843302,0.0
2023_17_LAC_DEN,2023,17,2023-12-31,LAC,DEN,9.0,16.0,25.0,39.5,-110.0,-110.0,3.5,6.0,41.0,0.0,0.0,1.0,-0.10105865221349815,0.021193620828273356,-0.29962494231180414,0.8476944373645694,0.12063471731633986,128.35,0.03940132666916786,0.14227981674199341,0.0
2023_17_CIN_KC,2023,17,2023-12-31,CIN,KC,17.0,25.0,42.0,46.0,-108.0,-112.0,7.5,12.0,36.0,0.0,0.0,0.0,0.005342034910774424,0.06580601445262983,-0.15000203469993934,0.8806961778011143,0.11316672861717353,130.49,0.03842147508713002,0.12544860299417357,0.4
2023_17_GB_MIN,2023,17,2023-12-31,GB,MIN,33.0,10.0,43.0,42.5,-108.0,-112.0,1.0,0.0,,1.0,0.0,1.0,0.03483601087563187,0.16868980934210798,-0.20108605489369555,0.8819450559496768,0.1331695959219563,128.16750000000002,0.04426072964490704,0.12370708780541095,0.0
2023_18_PIT_BAL,2023,18,2024-01-06,PIT,BAL,17.0,10.0,27.0,34.0,-110.0,-110.0,-3.0,15.0,38.0,0.0,0.0,1.0,-0.03788678645917626,0.0601309534107906,-0.16017173118783026,0.8604413093671492,0.12735403103248247,128.334375,0.040289899957688294,0.12377978976204279,0.2
2023_18_HOU_IND,2023,18,2024-01-06,HOU,IND,23.0,19.0,42.0,47.5,-112.0,-108.0,-1.5,0.0,,1.0,0.0,1.0,-0.09360773006290554,0.05536326647265889,-0.3140571114769063,0.8195898956325047,0.10557280748833173,132.659375,0.03213173718484835,0.14429117151766913,0.0
2023_18_TB_CAR,2023,18,2024-01-07,TB,CAR,9.0,0.0,9.0,36.5,-110.0,-110.0,-5.0,19.0,54.0,0.0,0.0,1.0,-0.062022437363965864,0.09206203006166686,-0.3143739931319574,0.8357871158146866,0.11067569263480544,130.996875,0.03487131812125109,0.13184095581102045,0.0
2023_18_CLE_CIN,2023,18,2024-01-07,CLE,CIN,14.0,31.0,45.0,37.0,-108.0,-112.0,7.5,12.0,38.0,0.0,0.0,1.0,-0.1265841173798128,-0.052911181308978816,-0.2388719100094564,0.8218022018854203,0.117259150757126,136.60000000000002,0.04847176342339323,0.1267980205747365,0.2
2023_18_MIN_DET,2023,18,2024-01-07,MIN,DET,20.0,30.0,50.0,47.5,-110.0,-110.0,3.5,0.0,,1.0,0.0,1.0,-0.007169360164094758,0.12178643126918334,-0.24051943150051772,0.8752894773742306,0.13186721148745167,132.396875,0.04962790214492782,0.12332520187464728,0.0
2023_18_NYJ_NE,2023,18,2024-01-07,NYJ,NE,17.0,3.0,20.0,28.5,-110.0,-110.0,2.5,14.0,33.0,0.0,0.0,1.0,-0.2982596065441119,-0.2677619842775126,-0.338396502848631,0.7668158969255736,0.0919651009762418,126.134375,0.04860536583687999,0.14142376947251867,0.7
2023_18_ATL_NO,2023,18,2024-01-07,ATL,NO,17.0,48.0,65.0,41.5,-112.0,-108.0,3.5,0.0,,1.0,0.0,1.0,-0.12575391509779552,0.05135852789416958,-0.36315136133706827,0.8024517330362666,0.10542499401887548,128.11875,0.03726520695131081,0.11400367440191533,0.0
2023_18_JAX_TEN,2023,18,2024-01-07,JAX,TEN,20.0,28.0,48.0,41.5,-108.0,-112.0,-3.5,11.0,41.0,0.0,0.0,1.0,-0.08086685728145343,0.06114466612008566,-0.299706794953216,0.8428675760940105,0.10487804414322013,128.54062499999998,0.03734937500742751,0.15886600164408532,0.0
2023_18_SEA_ARI,2023,18,2024-01-07,SEA,ARI,21.0,20.0,41.0,48.0,-110.0,-110.0,-2.5,0.0,,1.0,0.0,1.0,0.11915106309847559,0.2550169405655248,-0.05937567181435093,0.8985161277600925,0.12798832652220135,126.696875,0.030335299788156633,0.11457723035892675,0.0
2023_18_CHI_GB,2023,18,2024-01-07,CHI,GB,9.0,17.0,26.0,45.5,-112.0,-108.0,2.5,7.0,34.0,0.0,0.0,1.0,-0.0024233044743713593,0.13287903228588718,-0.1954985185207254,0.8538274279128495,0.13030486101354893,133.275,0.039881398189551165,0.11312754730539816,0.6
2023_18_KC_LAC,2023,18,2024-01-07,KC,LAC,13.0,12.0,25.0,35.0,-115.0,-108.0,3.5,0.0,,1.0,0.0,1.0,-0.09746416262028978,-0.0037057119088951262,-0.3070399717575129,0.8265267473044807,0.10938225272873454,131.4875,0.03752287961450984,0.13172170363445626,0.0
2023_18_DEN_LV,2023,18,2024-01-07,DEN,LV,14.0,27.0,41.0,37.5,-105.0,-115.0,3.5,0.0,,1.0,0.0,1.0,-0.1320377102943256,-0.011004272491832745,-0.32565197396779555,0.8385900105230281,0.0987708941543632,123.81875,0.03938837922122934,0.13120541809247982,0.0
2023_18_PHI_NYG,2023,18,2024-01-07,PHI,NYG,10.0,27.0,37.0,43.0,-115.0,-105.0,-4.5,12.0,36.0,0.0,0.0,1.0,0.005677251779634997,0.11021092437414091,-0.15270827906468887,0.8810386335927759,0.10509439004917093,128.80624999999998,0.03763807253384228,0.12229153966551692,0.4
2023_18_LA_SF,2023,18,2024-01-07,LA,SF,21.0,20.0,41.0,40.0,-112.0,-108.0,5.5,11.0,52.0,0.0,0.0,1.0,0.07575082018587002,0.20455483851403328,-0.08366051241107679,0.9007967921044577,0.14554709088814963,129.346875,0.03906565866949038,0.11486661968949288,0.0
2023_18_DAL_WAS,2023,18,2024-01-07,DAL,WAS,38.0,10.0,48.0,47.5,-110.0,-110.0,-13.0,13.0,48.0,0.0,0.0,1.0,0.004960297636929567,0.13603653508537308,-0.19387441393192312,0.8995367830241127,0.1180598984490479,130.14375,0.039737416556501655,0.11984497106860889,0.0
2023_18_BUF_MIA,2023,18,2024-01-07,BUF,MIA,21.0,14.0,35.0,47.5,-110.0,-110.0,-2.5,6.0,63.0,0.0,0.0,1.0,0.014528350845839432,0.15372934064096644,-0.16322361441263408,0.891101481969635,0.11171907635476588,130.66875,0.048822410429601754,0.12489080524475565,0.0
2024_05_TB_ATL,2024,5,2024-10-03,TB,ATL,30.0,36.0,66.0,44.0,-110.0,-110.0,2.5,0.0,,1.0,1.0,1.0,0.021653173567865162,0.09080804482668772,-0.027267108013599037,0.9316111688283737,0.08105893119828697,117.75,0.03046351831390077,0.11433326227038,0.0
2024_05_NYJ_MIN,2024,5,2024-10-06,NYJ,MIN,17.0,23.0,40.0,42.0,-108.0,-112.0,2.5,8.0,59.0,0.0,0.0,0.0,-0.12054570883354675,-0.05526573378470191,-0.21932548209177194,0.8449514864425971,0.10999056222626144,121.25,0.045886985757964925,0.1595979386121193,0.0
2024_05_CAR_CHI,2024,5,2024-10-06,CAR,CHI,10.0,36.0,46.0,40.0,-112.0,-108.0,4.0,7.0,74.0,0.0,0.0,0.0,-0.18133775497261884,-0.15791657935476466,-0.2604434262095616,0.8286650303957183,0.08804436272314317,130.0,0.042929603429547596,0.12227022828575462,0.0
2024_05_BAL_CIN,2024,5,2024-10-06,BAL,CIN,41.0,38.0,79.0,48.5,-108.0,-112.0,-2.5,10.0,81.0,0.0,0.0,1.0,0.19056826570682858,0.30325286782792116,0.07012473726477068,0.9338059776364313,0.1064623279818896,126.25,0.027620095195252707,0.09474329388740321,0.0
2024_05_BUF_HOU,2024,5,2024-10-06,BUF,HOU,20.0,23.0,43.0,48.0,-110.0,-110.0,1.0,0.0,,1.0,0.0,0.0,0.04457324327007557,0.1942184482114421,-0.10173476492589534,0.8545753450715176,0.10765968541210337,125.75,0.029119895942436788,0.13681956806531476,0.0
2024_05_IND_JAX,2024,5,2024-10-06,IND,JAX,34.0,37.0,71.0,45.0,-110.0,-110.0,3.5,4.0,74.0,0.0,0.0,1.0,0.004989909200628209,0.18837254511633889,-0.16714322325852737,0.8401758241611677,0.13298975698906224,114.5,0.029814943892214986,0.119268799106375,0.0
2024_05_MIA_NE,2024,5,2024-10-06,MIA,NE,15.0,10.0,25.0,37.0,-112.0,-108.0,-2.0,2.0,65.0,0.0,0.0,1.0,-0.18749016683962363,-0.029918628456517257,-0.3964807489431572,0.8138226110575042,0.08467970847524305,128.25,0.02812479936407486,0.1528299061852908,0.0
2024_05_CLE_WAS,2024,5,2024-10-06,CLE,WAS,13.0,34.0,47.0,44.0,-108.0,-112.0,3.0,5.0,73.0,0.0,0.0,0.0,0.12268995822611731,0.23632407828441684,-0.026870369747101747,0.893304944362838,0.10337754758126293,132.0,0.01933856459536508,0.14567074623223009,0.0
2024_05_LV_DEN,2024,5,2024-10-06,LV,DEN,18.0,34.0,52.0,36.0,-112.0,-108.0,3.0,7.0,73.0,0.0,0.0,1.0,-0.25793457475219306,-0.211058581053514,-0.3712742935427245,0.7972525643167679,0.0899325329200419,124.75,0.038060745615812915,0.12553112255703047,0.0
2024_05_ARI_SF,2024,5,2024-10-06,ARI,SF,24.0,23.0,47.0,48.5,-112.0,-108.0,7.0,3.0,89.0,0.0,0.0,1.0,0.07197846593549603,0.2838060311529641,-0.17919130358472696,0.944935328796296,0.12054649612556442,129.25,0.03949875118815936,0.160427886005333,0.0
2024_05_GB_LA,2024,5,2024-10-06,GB,LA,24.0,19.0,43.0,49.5,-108.0,-112.0,-3.0,0.0,,1.0,0.0,0.0,0.06593901343723743,0.2732763898800777,-0.08323030091614275,0.9134364553469857,0.14159894763030945,131.25,0.04671587342987335,0.13488279635297365,0.0
2024_05_NYG_SEA,2024,5,2024-10-06,NYG,SEA,29.0,20.0,49.0,42.5,-110.0,-110.0,7.0,3.0,61.0,0.0,0.0,0.0,-0.044194445710431074,0.10718498143007352,-0.25786378485916883,0.8517882902244976,0.09888590559807203,136.25,0.032122930232978096,0.14765255781618186,0.0
2024_05_DAL_PIT,2024,5,2024-10-06,DAL,PIT,20.0,17.0,37.0,43.5,-112.0,-108.0,2.5,6.0,67.0,0.0,0.0,0.0,-0.05478657035823236,0.1359660845619263,-0.2350455405824908,0.8103681485271466,0.09011091929208374,133.75,0.02900664686259755,0.12820376752288198,0.0
2024_05_NO_KC,2024,5,2024-10-07,NO,KC,13.0,26.0,39.0,43.0,-110.0,-110.0,5.5,1.0,70.0,0.0,0.0,0.0,-0.0351237174907538,0.09732517978055494,-0.15722224069143206,0.8756973805436795,0.09014993303411459,124.75,0.041806324558101154,0.10253201456338798,0.0
2024_06_SF_SEA,2024,6,2024-10-10,SF,SEA,36.0,24.0,60.0,49.0,-110.0,-110.0,-3.5,10.0,59.0,0.0,1.0,1.0,-0.0067198284785251056,0.13132474649260495,-0.18913972322995334,0.8931412400629957,0.12398983644666778,135.87,0.03861861711918992,0.16542760589064373,0.0
2024_06_JAX_CHI,2024,6,2024-10-13,JAX,CHI,16.0,35.0,51.0,44.5,-112.0,-108.0,-1.5,3.0,54.0,0.0,0.0,0.0,-0.025234414316018097,0.02309975847364651,-0.06805009559487461,0.827842501644586,0.13037237770917343,129.8375,0.034476852013873724,0.12992038657839977,0.0
2024_06_WAS_BAL,2024,6,2024-10-13,WAS,BAL,23.0,30.0,53.0,51.5,-110.0,-110.0,6.5,8.0,75.0,0.0,0.0,0.0,0.2878873744393528,0.4521115760792353,0.04542247888596132,0.9271117623285956,0.12649382276555565,131.2575,0.02403146146417711,0.1279672318496162,0.0
2024_06_ARI_GB,2024,6,2024-10-13,ARI,GB,13.0,34.0,47.0,47.0,-110.0,-110.0,5.5,4.0,50.0,0.0,0.0,0.0,0.009305442316421032,0.2228333410744054,-0.1608303736949436,0.9209606661422127,0.1314648797870059,126.565,0.05067461858326425,0.12992860813943963,0.0
2024_06_HOU_NE,2024,6,2024-10-13,HOU,NE,41.0,21.0,62.0,38.5,-108.0,-112.0,-6.5,5.0,53.0,0.0,0.0,0.0,-0.09880968004705507,0.043560374251112505,-0.3313527118807092,0.8146597600183769,0.09462579851285664,129.5175,0.02445123951554709,0.15173608560601692,0.0
2024_06_TB_NO,2024,6,2024-10-13,TB,NO,51.0,27.0,78.0,42.5,-110.0,-110.0,-3.5,0.0,,1.0,0.0,1.0,0.043881227391561056,0.14125356305710396,-0.03348724759091046,0.8970138251147426,0.10259561509582868,118.735,0.036035824856740714,0.12197901252786528,0.0
2024_06_CLE_PHI,2024,6,2024-10-13,CLE,PHI,16.0,20.0,36.0,42.0,-110.0,-110.0,8.0,10.0,82.0,0.0,0.0,0.0,-0.06505545714597319,0.002834019104977367,-0.10178767139793823,0.8073475789651212,0.11481495895409248,133.7125,0.03221342318664874,0.1516800637084616,0.0
2024_06_IND_TEN,2024,6,2024-10-13,IND,TEN,20.0,17.0,37.0,42.0,-108.0,-112.0,2.5,12.0,80.0,0.0,0.0,1.0,-0.1303760059079942,-0.03062195748815887,-0.21300667432784998,0.7914481614641327,0.12317568684945773,120.485,0.04580575541204015,0.1385873058028066,0.0
2024_06_LAC_DEN,2024,6,2024-10-13,LAC,DEN,23.0,16.0,39.0,37.0,-112.0,-108.0,-3.0,7.0,65.0,0.0,0.0,1.0,-0.3177877444565109,-0.3087506445153495,-0.3113593234578786,0.7610378208174247,0.09260638646432336,117.54,0.039593011732425964,0.14255871340861212,0.0
2024_06_PIT_LV,2024,6,2024-10-13,PIT,LV,32.0,13.0,45.0,36.5,-112.0,-108.0,-3.5,0.0,,1.0,0.0,0.0,-0.10642125570189082,0.03335201754986769,-0.33734412906042077,0.8391810914636669,0.10121225022409344,128.0,0.03491996350540627,0.14729531742353832,0.0
2024_06_ATL_CAR,2024,6,2024-10-13,ATL,CAR,38.0,20.0,58.0,45.5,-110.0,-110.0,-6.0,9.0,79.0,0.0,0.0,1.0,0.012385362318803744,0.11751061012305494,-0.14143269293919522,0.891673923876455,0.09742998945884292,125.5275,0.03447540144110165,0.08071979040647856,0.0
2024_06_DET_DAL,2024,6,2024-10-13,DET,DAL,47.0,9.0,56.0,52.5,-110.0,-110.0,-3.5,0.0,,1.0,0.0,0.0,0.12819645886265268,0.28416505824990423,-0.019465581807546636,0.9223662955057887,0.10650353450281735,134.21,0.0320328076150225,0.11864625939663648,0.0
2024_06_CIN_NYG,2024,6,2024-10-13,CIN,NYG,17.0,7.0,24.0,46.0,-118.0,-102.0,-4.5,2.0,63.0,0.0,0.0,0.0,0.14735504278728886,0.32477827330788767,-0.10383774733944245,0.9336985504451418,0.09872449989105644,129.0475,0.030358076629308936,0.11943185907486606,0.0
2024_06_BUF_NYJ,2024,6,2024-10-14,BUF,NYJ,23.0,20.0,43.0,42.0,-110.0,-110.0,-1.0,14.0,49.0,0.0,0.0,1.0,-0.07290789489242083,0.03415413852855666,-0.18496248957837808,0.8194010698570688,0.10193982040785737,123.05000000000001,0.03536670050840989,0.12116755738334073,0.0
2024_07_DEN_NO,2024,7,2024-10-17,DEN,NO,33.0,10.0,43.0,37.0,-110.0,-110.0,-2.5,0.0,,1.0,1.0,0.0,-0.15522730244912372,-0.14588296405074663,-0.14177684884707709,0.8324043389058418,0.10759644966238541,123.45416666666668,0.044692108074056616,0.11234819080386851,0.0
2024_07_NE_JAX,2024,7,2024-10-20,NE,JAX,16.0,32.0,48.0,42.0,-112.0,-108.0,6.5,12.0,63.0,0.0,0.0,0.0,0.031705449069170874,0.1544007040119102,-0.12170700263124705,0.851348411481111,0.11947659494625133,121.67500000000001,0.031160707264323066,0.13799663278077723,0.0
2024_07_SEA_ATL,2024,7,2024-10-20,SEA,ATL,34.0,14.0,48.0,51.5,-110.0,-110.0,3.0,0.0,,1.0,0.0,0.0,0.06617176507279543,0.19786983940500175,-0.12303419866344252,0.9158516228245905,0.10107573859501773,135.14166666666665,0.03145222262667935,0.10333757896261081,0.0
2024_07_TEN_BUF,2024,7,2024-10-20,TEN,BUF,10.0,34.0,44.0,41.0,-112.0,-108.0,9.5,12.0,66.0,0.0,0.0,0.0,-0.04120261523279846,0.05191157583234299,-0.09937281887274323,0.8052433856070361,0.1123853048052301,120.57166666666667,0.033837791345527425,0.12054163182269148,0.0
2024_07_CIN_CLE,2024,7,2024-10-20,CIN,CLE,21.0,14.0,35.0,42.0,-108.0,-112.0,-5.5,8.0,62.0,0.0,0.0,1.0,0.05136074942939135,0.16960935051915219,-0.10670749181274432,0.8718490681674721,0.0972258284425769,124.64583333333333,0.026966572484613413,0.14291286905236986,0.0
2024_07_HOU_GB,2024,7,2024-10-20,HOU,GB,22.0,24.0,46.0,48.0,-112.0,-108.0,3.0,3.0,72.0,0.0,0.0,0.0,-0.05157357251371025,0.14228627753049228,-0.285239922946186,0.8468263449205479,0.1239391030553341,135.7375,0.04790903488976671,0.12175701609861711,0.0
2024_07_MIA_IND,2024,7,2024-10-20,MIA,IND,10.0,16.0,26.0,44.0,-112.0,-108.0,3.0,0.0,,1.0,0.0,0.0,-0.10163493348662672,0.02256499670450627,-0.2542931351664828,0.7908526826979498,0.10992208698586287,130.4225,0.03656384390314993,0.11031420816307695,0.0
2024_07_DET_MIN,2024,7,2024-10-20,DET,MIN,31.0,29.0,60.0,50.5,-108.0,-112.0,1.0,0.0,,1.0,0.0,1.0,-0.060961819625911656,0.06778532192136186,-0.20665290065120853,0.8884714491144033,0.11948599031061882,126.96249999999999,0.05218639355420149,0.1564154171613536,0.0
2024_07_PHI_NYG,2024,7,2024-10-20,PHI,NYG,28.0,3.0,31.0,42.0,-110.0,-110.0,-3.0,4.0,71.0,0.0,0.0,1.0,0.01015320788457898,0.15938810605791126,-0.17133505559377235,0.8698810230249767,0.1126921048544412,133.45666666666668,0.028904564842968238,0.14524409365083218,0.0
2024_07_LV_LA,2024,7,2024-10-20,LV,LA,15.0,20.0,35.0,43.0,-115.0,-105.0,7.0,0.0,,1.0,0.0,0.0,-0.002630086657818777,0.10573026310897696,-0.1637469157281951,0.9094730295541277,0.10915634640804925,127.25583333333333,0.03369932023152507,0.13920830156817293,0.0
2024_07_CAR_WAS,2024,7,2024-10-20,CAR,WAS,7.0,40.0,47.0,51.0,-110.0,-110.0,10.0,2.0,76.0,0.0,0.0,0.0,0.18840997016301364,0.31361416313342355,0.003718201524736269,0.9201034324520363,0.11630633726961918,127.09583333333333,0.029379928070180375,0.11032834351071195,0.0
2024_07_KC_SF,2024,7,2024-10-20,KC,SF,28.0,18.0,46.0,47.5,-110.0,-110.0,2.5,3.0,78.0,0.0,0.0,0.0,0.02287125861880547,0.14250910105393771,-0.153769015929924,0.8996247499675043,0.10551110620171761,133.11166666666668,0.04147673222435186,0.10707594629547121,0.0
2024_07_NYJ_PIT,2024,7,2024-10-20,NYJ,PIT,15.0,37.0,52.0,40.0,-110.0,-110.0,-3.0,4.0,60.0,0.0,0.0,0.0,-0.089462406331002,0.045425889964321564,-0.3188963081355105,0.8380012072347418,0.10307586158416968,131.75,0.0363345064552935,0.14844725039143186,0.0
2024_07_BAL_TB,2024,7,2024-10-21,BAL,TB,41.0,31.0,72.0,51.0,-110.0,-110.0,-4.5,8.0,80.0,0.0,0.0,0.0,0.16587967462478376,0.30921010539090876,-0.04784232441691553,0.9301443014696272,0.13400295313339997,129.41666666666666,0.03243493873227436,0.12211944120161902,0.0
2024_07_LAC_ARI,2024,7,2024-10-21,LAC,ARI,15.0,17.0,32.0,44.0,-112.0,-108.0,-1.0,0.0,,1.0,0.0,0.0,-0.06106355383926842,0.09070423165602584,-0.2795804954530468,0.8698405443702146,0.10764090158650566,118.95583333333333,0.04066112704825668,0.12704210389969658,0.0
2024_08_MIN_LA,2024,8,2024-10-24,MIN,LA,20.0,30.0,50.0,47.5,-110.0,-110.0,-3.0,0.0,,1.0,1.0,0.0,-0.06604716632182142,0.05463286730977129,-0.21637420855563216,0.8788031108101377,0.11497709291186356,124.74583333333334,0.0477268918371911,0.15097306046343212,0.0
2024_08_PHI_CIN,2024,8,2024-10-27,PHI,CIN,37.0,17.0,54.0,47.5,-112.0,-108.0,2.5,6.0,59.0,0.0,0.0,0.0,0.06577987587499062,0.16930571868471966,-0.046574265352815766,0.8695543558765315,0.10135485388957235,123.1875,0.024204478086241366,0.15191570481324188,0.0
2024_08_BAL_CLE,2024,8,2024-10-27,BAL,CLE,24.0,29.0,53.0,44.5,-115.0,-105.0,-7.5,4.0,52.0,0.0,0.0,1.0,0.05474210731762647,0.2416632592729155,-0.17676360580645792,0.8360126781240949,0.12654459253274114,132.60000000000002,0.027053777148190815,0.14749120994671172,0.0
2024_08_TEN_DET,2024,8,2024-10-27,TEN,DET,14.0,52.0,66.0,45.0,-112.0,-108.0,12.5,0.0,,1.0,0.0,0.0,-0.059644528967539606,0.08645199523957045,-0.2048923939977542,0.8330730625069691,0.1238332078345045,124.96666666666667,0.038436349891909666,0.1446349832395248,0.0
2024_08_IND_HOU,2024,8,2024-10-27,IND,HOU,20.0,23.0,43.0,45.0,-112.0,-108.0,5.0,0.0,,1.0,0.0,1.0,-0.032511295642882035,0.12405157965973324,-0.26941666778293544,0.8084746530822613,0.116971356223039,129.82142857142858,0.03868961285792549,0.11042844388253716,0.0
2024_08_GB_JAX,2024,8,2024-10-27,GB,JAX,30.0,27.0,57.0,49.0,-108.0,-112.0,-3.5,4.0,84.0,0.0,0.0,0.0,0.09257416814819278,0.29988127688392585,-0.15484017251348275,0.8802209943000152,0.12697752881147342,125.56249999999999,0.0397731371314968,0.1075838868140438,0.0
2024_08_ARI_MIA,2024,8,2024-10-27,ARI,MIA,28.0,27.0,55.0,46.5,-110.0,-110.0,4.0,14.0,82.0,0.0,0.0,0.0,-0.0892478613328232,0.06136913963383997,-0.2674593108986829,0.8623846710511586,0.09629300242913566,126.70833333333333,0.037437063090503736,0.11022096295461327,0.0
2024_08_NYJ_NE,2024,8,2024-10-27,NYJ,NE,22.0,25.0,47.0,41.0,-110.0,-110.0,-7.0,8.0,53.0,0.0,0.0,1.0,-0.06549470972574062,0.05322455627105449,-0.2503593521568608,0.8258240379689354,0.11031783630381298,126.31249999999999,0.03330016490298201,0.1285034970501122,0.0
2024_08_ATL_TB,2024,8,2024-10-27,ATL,TB,31.0,26.0,57.0,47.0,-112.0,-108.0,-1.5,6.0,79.0,0.0,0.0,1.0,0.1294421408966599,0.25425036615757834,-0.047931524217209365,0.9358044346418728,0.11723838632485448,133.2,0.0380950172133447,0.1011790724316606,0.0
2024_08_NO_LAC,2024,8,2024-10-27,NO,LAC,8.0,26.0,34.0,41.5,-112.0,-108.0,7.0,0.0,,1.0,0.0,0.0,-0.11252997508026488,-0.04119209427755284,-0.19804624975333013,0.8455558404425102,0.10970237459650806,124.80238095238094,0.04092357895213404,0.1185978993416077,0.0
2024_08_BUF_SEA,2024,8,2024-10-27,BUF,SEA,31.0,10.0,41.0,45.5,-115.0,-105.0,-3.0,14.0,55.0,0.0,0.0,0.0,0.10443819228436453,0.28761714307120145,-0.11412571320383198,0.8866216377252544,0.12676015381917277,128.0232142857143,0.0295759339682615,0.11692823490025764,0.0
2024_08_CAR_DEN,2024,8,2024-10-27,CAR,DEN,14.0,28.0,42.0,40.5,-108.0,-112.0,13.0,4.0,76.0,0.0,0.0,0.0,-0.13880763971772617,-0.15670887753725626,-0.10138998281692777,0.8504071729344118,0.107663779777148,120.04285714285714,0.04153939951144006,0.09925008900314324,0.0
2024_08_KC_LV,2024,8,2024-10-27,KC,LV,27.0,20.0,47.0,42.0,-112.0,-108.0,-9.0,0.0,,1.0,0.0,1.0,-0.15384914883579864,-0.07483068881354417,-0.28765124468084624,0.866765259180444,0.09350930489846757,133.20833333333331,0.04404435857374217,0.10769980894446332,0.0
2024_08_CHI_WAS,2024,8,2024-10-27,CHI,WAS,15.0,18.0,33.0,46.5,-112.0,-108.0,1.5,2.0,58.0,0.0,0.0,0.0,0.05282381184742878,0.10543521700160167,-0.04553547024554731,0.8896187824301198,0.11640668947813021,132.98214285714286,0.03845289727586608,0.15004718195545325,0.0
2024_08_DAL_SF,2024,8,2024-10-27,DAL,SF,24.0,30.0,54.0,48.0,-110.0,-110.0,5.5,9.0,69.0,0.0,0.0,0.0,0.05126161186262295,0.16447959588055835,-0.06603134476212749,0.8713275186537518,0.11468755753779983,134.16071428571428,0.04578697493820436,0.1112543724770024,0.0
2024_08_NYG_PIT,2024,8,2024-10-28,NYG,PIT,18.0,26.0,44.0,37.5,-110.0,-110.0,6.0,7.0,54.0,0.0,0.0,0.0,-0.060541032992999316,0.09258268843804261,-0.2756414559691126,0.8514779141067687,0.10164216562878342,132.175,0.033053585112984875,0.16095022055215058,0.0
2024_09_HOU_NYJ,2024,9,2024-10-31,HOU,NYJ,13.0,21.0,34.0,43.5,-115.0,-105.0,2.5,8.0,71.0,0.0,1.0,0.0,-0.044909127328875524,0.07780836399407308,-0.26272896794395795,0.8105282676569129,0.11231037578224795,131.14375,0.03474055845177783,0.13403721178144032,0.0
2024_09_DAL_ATL,2024,9,2024-11-03,DAL,ATL,21.0,27.0,48.0,52.0,-108.0,-112.0,3.0,0.0,,1.0,0.0,0.0,0.11391204647450719,0.2534538174455131,-0.07260402184323088,0.9072811660589821,0.10415698943942615,133.44732142857143,0.03872229679843036,0.09062962596612152,0.0
2024_09_DEN_BAL,2024,9,2024-11-03,DEN,BAL,10.0,41.0,51.0,46.5,-110.0,-110.0,9.0,3.0,57.0,0.0,0.0,0.0,0.05719055456036914,0.21463216875067126,-0.18124368827813228,0.887714831946522,0.13734328539496915,129.08125,0.03533554833751272,0.11434536862950626,0.0
2024_09_MIA_BUF,2024,9,2024-11-03,MIA,BUF,27.0,30.0,57.0,49.0,-112.0,-108.0,6.5,9.0,54.0,0.0,0.0,1.0,-0.02726203638318428,0.16315018863929862,-0.28273845390862057,0.8407978635908226,0.10220276757316672,129.43392857142857,0.02690198401956814,0.09453690389189923,0.0
2024_09_NO_CAR,2024,9,2024-11-03,NO,CAR,22.0,23.0,45.0,43.5,-112.0,-108.0,-7.0,7.0,66.0,0.0,0.0,1.0,-0.08597654671394368,-0.07424752834350068,-0.05371325766188118,0.8617236378886123,0.1098586070953134,123.98750000000001,0.04371525370389255,0.09963631079921409,0.0
2024_09_LV_CIN,2024,9,2024-11-03,LV,CIN,24.0,41.0,65.0,45.0,-112.0,-108.0,8.0,7.0,67.0,0.0,0.0,0.0,-0.025966703586073548,0.13945347146434717,-0.2954339181258656,0.8768229802467759,0.09087133911989302,122.76249999999999,0.036246749022378476,0.11607162482568273,0.0
2024_09_LAC_CLE,2024,9,2024-11-03,LAC,CLE,27.0,10.0,37.0,42.5,-112.0,-108.0,-2.0,10.0,57.0,0.0,0.0,0.0,-0.13380234381307587,-0.008263758922332123,-0.33191328275294363,0.7785018861006405,0.12463139723236413,130.58035714285714,0.026176125645217645,0.1559619806585854,0.0
2024_09_WAS_NYG,2024,9,2024-11-03,WAS,NYG,27.0,22.0,49.0,44.5,-110.0,-110.0,-4.5,6.0,52.0,0.0,0.0,1.0,0.03068582064518846,0.12518629541173365,-0.11704860720812882,0.8865659991220629,0.1214952232371712,133.21875,0.02747281014956761,0.17900702155552234,0.0
2024_09_NE_TEN,2024,9,2024-11-03,NE,TEN,17.0,20.0,37.0,38.5,-110.0,-110.0,3.0,10.0,75.0,0.0,0.0,0.0,-0.09327395232677774,-0.00020526216302814773,-0.22308813188716442,0.8182286180686611,0.10130931623461609,128.21339285714285,0.03079676669221013,0.12272501963190754,0.0
2024_09_CHI_ARI,2024,9,2024-11-03,CHI,ARI,9.0,29.0,38.0,44.5,-110.0,-110.0,1.5,0.0,,1.0,0.0,0.0,0.058648507470324074,0.1894733707408497,-0.12016496795277713,0.905386731508823,0.11370479596114501,125.08214285714286,0.040154139164502486,0.11369603725310598,0.0
2024_09_JAX_PHI,2024,9,2024-11-03,JAX,PHI,23.0,28.0,51.0,46.0,-110.0,-110.0,7.5,6.0,57.0,0.0,0.0,0.0,0.15921547920217566,0.3327745543599572,-0.02488167533544499,0.8668203254994014,0.13005082767085227,122.65089285714285,0.024556942554984064,0.13598946346524599,0.0
2024_09_DET_GB,2024,9,2024-11-03,DET,GB,24.0,14.0,38.0,47.5,-112.0,-108.0,-2.5,15.0,50.0,0.0,0.0,1.0,0.0205865762334713,0.1724623437045706,-0.1048210562729758,0.8899243165045856,0.1321558427320796,124.39017857142858,0.04836208282758227,0.1383798261170681,0.0
2024_09_LA_SEA,2024,9,2024-11-03,LA,SEA,26.0,20.0,46.0,48.5,-110.0,-110.0,-1.5,4.0,52.0,0.0,0.0,1.0,0.04292314947630581,0.178649199908198,-0.14826241398238693,0.9319266654847718,0.11005578206174033,128.68125,0.033925486810022006,0.12158517801283013,0.0
2024_09_IND_MIN,2024,9,2024-11-03,IND,MIN,13.0,21.0,34.0,47.0,-110.0,-110.0,6.5,0.0,,1.0,0.0,0.0,-0.042195795360008906,0.1698495378722092,-0.31915515921158444,0.8218897576351186,0.12063439142480942,121.43928571428572,0.04823023524663321,0.12381331231170702,0.0
2024_09_TB_KC,2024,9,2024-11-04,TB,KC,24.0,30.0,54.0,45.5,-112.0,-108.0,9.0,6.0,63.0,0.0,0.0,0.0,0.06586252922465513,0.24694544421276532,-0.19140270306230833,0.9436416248183375,0.1134046029501458,134.32857142857142,0.042716199668213994,0.11268601556811116,0.0
2024_10_CIN_BAL,2024,10,2024-11-07,CIN,BAL,34.0,35.0,69.0,53.0,-112.0,-108.0,6.0,6.0,69.0,0.0,1.0,1.0,0.18324787904861958,0.46483638172443953,-0.19908899477734407,0.9124023694647257,0.13249331425637112,123.05972222222222,0.027899137303690084,0.11271412585570395,0.0
2024_10_NYG_CAR,2024,10,2024-11-10,NYG,CAR,17.0,20.0,37.0,40.5,-105.0,-115.0,-6.5,0.0,,0.0,0.0,0.0,-0.01054328689481012,0.028653593799823962,-0.05558311646184244,0.8744754682809315,0.10287989800193176,124.5736111111111,0.034579531485483164,0.13272396019785573,0.0
2024_10_NE_CHI,2024,10,2024-11-10,NE,CHI,19.0,3.0,22.0,37.5,-108.0,-112.0,6.5,6.0,60.0,0.0,0.0,0.0,-0.05098992610387135,0.044433541151176675,-0.19291879008666937,0.8361877834643052,0.10417227449113844,131.22430555555556,0.03540570749132054,0.13922946061441893,0.0
2024_10_BUF_IND,2024,10,2024-11-10,BUF,IND,30.0,20.0,50.0,46.5,-112.0,-108.0,-4.5,0.0,,1.0,0.0,0.0,0.03593343243544994,0.23961543308676092,-0.24050971864624748,0.8659196446644224,0.11080362454504787,121.81111111111112,0.039592087046222635,0.09684129114572582,0.0
2024_10_MIN_JAX,2024,10,2024-11-10,MIN,JAX,12.0,7.0,19.0,42.5,-112.0,-108.0,-7.0,7.0,79.0,0.0,0.0,0.0,0.021457204621505563,0.25392220552031763,-0.2795723690478096,0.8559343649030622,0.13464190751030886,119.78402777777777,0.04221965889271872,0.13634033263528605,0.0
2024_10_DEN_KC,2024,10,2024-11-10,DEN,KC,14.0,16.0,30.0,42.5,-110.0,-110.0,7.5,12.0,57.0,0.0,0.0,1.0,-0.04792126527870679,0.061362167550312166,-0.19695304294955251,0.887081439652249,0.10325244509078693,135.5652777777778,0.03943705288832572,0.11303090685358162,0.0
2024_10_ATL_NO,2024,10,2024-11-10,ATL,NO,17.0,20.0,37.0,46.5,-108.0,-112.0,-3.5,0.0,,1.0,0.0,1.0,0.018137334863723757,0.09343287522753638,-0.0568057861588525,0.8914828310999057,0.1106249668339242,132.07361111111112,0.036807766447176496,0.09121905689423343,0.0
2024_10_SF_TB,2024,10,2024-11-10,SF,TB,23.0,20.0,43.0,50.5,-108.0,-112.0,-6.5,9.0,85.0,0.0,0.0,0.0,0.13268373404175776,0.2869093891462897,-0.07377981714265461,0.9291342633125403,0.12340003603461663,132.24097222222224,0.043806354424057475,0.11269042625029989,0.0
2024_10_PIT_WAS,2024,10,2024-11-10,PIT,WAS,28.0,27.0,55.0,45.0,-112.0,-108.0,1.5,9.0,57.0,0.0,0.0,0.0,0.09341561598827344,0.22094122067339295,-0.10354675189272854,0.9017676996036688,0.12068163241352949,129.27013888888888,0.031739106116854626,0.1302162336952707,0.0
2024_10_TEN_LAC,2024,10,2024-11-10,TEN,LAC,17.0,27.0,44.0,40.0,-110.0,-110.0,8.0,0.0,,1.0,0.0,0.0,-0.1511073601190108,-0.052658120443821274,-0.3275740517443839,0.7853422806777096,0.11865173070389379,129.9875,0.03611798290424423,0.1392916125721364,0.0
2024_10_NYJ_ARI,2024,10,2024-11-10,NYJ,ARI,6.0,31.0,37.0,45.5,-112.0,-108.0,-2.0,0.0,,1.0,0.0,0.0,0.08125863733126157,0.22976858253931262,-0.14843801938750273,0.8856081643463727,0.10985810283137623,121.00694444444444,0.031102485298709345,0.11685217458294506,0.0
2024_10_PHI_DAL,2024,10,2024-11-10,PHI,DAL,34.0,6.0,40.0,44.5,-110.0,-110.0,-7.5,0.0,,1.0,0.0,1.0,0.055957207407487525,0.18655902655161036,-0.029639810542688383,0.8508948874784629,0.10891766429065028,135.0125,0.03200331372639534,0.14435499689302717,0.0
2024_10_DET_HOU,2024,10,2024-11-10,DET,HOU,26.0,23.0,49.0,49.0,-112.0,-110.0,-4.5,0.0,,1.0,0.0,0.0,-0.03302771567976946,0.07285073873584882,-0.16166175065968053,0.8259724505229005,0.11481892798162097,128.31041666666664,0.03954608716498339,0.16028963018913206,0.0
2024_10_MIA_LA,2024,10,2024-11-11,MIA,LA,23.0,15.0,38.0,49.5,-112.0,-108.0,2.5,0.0,,1.0,0.0,0.0,-0.024155145619307452,0.15689227227854974,-0.24564907062240915,0.8923206472422338,0.10125376721890367,134.48125,0.03218814665415116,0.10747051114817714,0.0
2024_11_WAS_PHI,2024,11,2024-11-14,WAS,PHI,18.0,26.0,44.0,49.5,-110.0,-110.0,4.5,9.0,46.0,0.0,1.0,1.0,0.03527321577147275,0.14102548994692782,-0.06870449784377977,0.8822789062586018,0.11289835229212639,131.61416666666668,0.032372446481793264,0.15228656503184101,0.0
2024_11_GB_CHI,2024,11,2024-11-17,GB,CHI,20.0,19.0,39.0,41.0,-112.0,-108.0,-6.0,5.0,54.0,0.0,0.0,1.0,-0.066996526165711,0.015606730984774476,-0.15566101803692928,0.8457059431317957,0.11072727323810161,131.80555555555554,0.042410223611539975,0.13649066538459592,0.0
2024_11_JAX_DET,2024,11,2024-11-17,JAX,DET,6.0,52.0,58.0,47.5,-110.0,-110.0,14.0,0.0,,1.0,0.0,0.0,0.02210050192188602,0.1988273470435604,-0.1672884774873479,0.8562116019901771,0.12806754623017907,115.35722222222223,0.04434949772303392,0.12283149708343906,0.0
2024_11_LV_MIA,2024,11,2024-11-17,LV,MIA,19.0,34.0,53.0,43.5,-108.0,-112.0,8.0,16.0,80.0,0.0,0.0,0.0,-0.1316021537120849,0.05378991126103421,-0.4270805237990298,0.8668172548151195,0.08605218394319633,128.00694444444446,0.0385405422959733,0.11458171943963108,0.0
2024_11_LA_NE,2024,11,2024-11-17,LA,NE,28.0,22.0,50.0,42.5,-108.0,-112.0,-4.0,9.0,59.0,0.0,0.0,0.0,-0.058156247388199446,0.10983874217120809,-0.2889294180421074,0.8686585311838539,0.10031653624633323,129.505,0.033533029481068816,0.13292634921818466,0.0
2024_11_CLE_NO,2024,11,2024-11-17,CLE,NO,14.0,35.0,49.0,44.0,-110.0,-110.0,-1.0,0.0,,1.0,0.0,0.0,-0.09022572749240182,-0.0225598964550024,-0.14615093811732194,0.8085391845434368,0.12692282081673842,136.28944444444443,0.02693696536369043,0.14364935800309905,0.0
2024_11_IND_NYJ,2024,11,2024-11-17,IND,NYJ,28.0,27.0,55.0,43.0,-110.0,-110.0,4.0,4.0,62.0,0.0,0.0,0.0,-0.04506541413507901,0.07275327523563124,-0.18289171231476795,0.8413230647153959,0.11031767564786618,120.71000000000001,0.04176569059846324,0.12457973063510555,0.0
2024_11_BAL_PIT,2024,11,2024-11-17,BAL,PIT,16.0,18.0,34.0,48.0,-112.0,-108.0,-3.0,5.0,52.0,0.0,0.0,1.0,0.13008032348671825,0.3843418880228465,-0.22856751764459018,0.8814430242103306,0.13173388807371172,130.37861111111113,0.030258568981870647,0.12097492393866668,0.0
2024_11_MIN_TEN,2024,11,2024-11-17,MIN,TEN,23.0,13.0,36.0,40.0,-110.0,-110.0,-6.0,7.0,66.0,0.0,0.0,0.0,-0.09791929422836823,0.05402213135384494,-0.30690519513114534,0.8391794753339352,0.10798314604772653,130.39305555555555,0.04818671882254893,0.15358747690114607,0.0
2024_11_ATL_DEN,2024,11,2024-11-17,ATL,DEN,6.0,38.0,44.0,44.5,-108.0,-112.0,2.0,9.0,55.0,0.0,0.0,0.0,-0.006821857031662583,0.11924224094732502,-0.1583646545433846,0.880407856606954,0.11955194582319936,129.575,0.032679755656165335,0.09979773461720327,0.0
2024_11_SEA_SF,2024,11,2024-11-17,SEA,SF,20.0,17.0,37.0,49.0,-108.0,-112.0,6.0,4.0,59.0,0.0,0.0,1.0,0.06566882800856284,0.2300883887243909,-0.2144579114426123,0.9116247654670001,0.12285830670384063,132.4138888888889,0.03727067607913244,0.11002665883580867,0.0
2024_11_KC_BUF,2024,11,2024-11-17,KC,BUF,21.0,30.0,51.0,46.5,-112.0,-108.0,2.5,3.0,50.0,0.0,0.0,0.0,0.07945472959758962,0.2709229831265174,-0.2234265723927234,0.9168458391064219,0.09695264072428919,133.23583333333335,0.036403764604449246,0.10415715387888977,0.0
2024_11_CIN_LAC,2024,11,2024-11-17,CIN,LAC,27.0,34.0,61.0,48.0,-115.0,-105.0,1.0,0.0,,1.0,0.0,0.0,0.02671868711058672,0.1932694989889957,-0.2255246122665533,0.8449502232781676,0.1048767873490337,123.43527777777777,0.027009502093252084,0.1329587630493625,0.0
2024_11_HOU_DAL,2024,11,2024-11-18,HOU,DAL,34.0,10.0,44.0,41.5,-115.0,-105.0,-7.5,0.0,,1.0,0.0,0.0,-0.08446092260730226,0.016566458900100695,-0.19599524934459686,0.8109607622976218,0.10496723194429655,136.6661111111111,0.04775695272375034,0.15148290403713793,0.0
2024_12_PIT_CLE,2024,12,2024-11-21,PIT,CLE,19.0,24.0,43.0,36.5,-112.0,-108.0,-3.5,13.0,36.0,0.0,1.0,1.0,-0.08742517835115618,-0.0024752290494644003,-0.20269572841928782,0.7983308928767848,0.12206180041531015,140.1725,0.03391858968470949,0.1564944694104938,0.4
2024_12_KC_CAR,2024,12,2024-11-24,KC,CAR,30.0,27.0,57.0,43.0,-110.0,-110.0,-11.0,5.0,61.0,0.0,0.0,0.0,0.014082269724737403,0.09681402472165554,-0.14751583861772988,0.9007286358533613,0.0922862966100795,124.9925,0.037907379052215195,0.09763095630817989,0.0
2024_12_MIN_CHI,2024,12,2024-11-24,MIN,CHI,30.0,27.0,57.0,39.5,-112.0,-108.0,-3.0,5.0,47.0,0.0,0.0,1.0,-0.12084804913602323,-0.006949985961471006,-0.2963883797869499,0.8230589613305741,0.1081705472947322,132.6625,0.04533520916343434,0.16470284607873464,0.0
2024_12_TEN_HOU,2024,12,2024-11-24,TEN,HOU,32.0,27.0,59.0,40.5,-108.0,-112.0,8.0,0.0,,1.0,0.0,1.0,-0.10643606447404483,0.02629101667380395,-0.3171971378161464,0.7901633736087204,0.10679680058621506,134.24863636363636,0.04134756039017433,0.1518445586132802,0.0
2024_12_DET_IND,2024,12,2024-11-24,DET,IND,24.0,6.0,30.0,50.5,-110.0,-110.0,-7.0,0.0,,1.0,0.0,0.0,-0.06627651641988039,0.0693576596997188,-0.19305683963970205,0.8435262165414683,0.12601222131512546,123.30613636363637,0.04879127596536846,0.12408903678779863,0.0
2024_12_NE_MIA,2024,12,2024-11-24,NE,MIA,15.0,34.0,49.0,46.0,-112.0,-108.0,7.5,6.0,77.0,0.0,0.0,1.0,0.020330551672589556,0.2249062512037443,-0.27320494285713137,0.8850598631942062,0.0912522908678173,129.6134090909091,0.02758635063295046,0.11699332626586222,0.0
2024_12_TB_NYG,2024,12,2024-11-24,TB,NYG,30.0,7.0,37.0,40.5,-110.0,-110.0,-6.5,13.0,50.0,0.0,0.0,0.0,0.11131852031618834,0.2384405603549507,-0.05925535000947756,0.9150938299966007,0.11055696335305686,132.18,0.030259275943120542,0.14857543450085298,0.0
2024_12_DAL_WAS,2024,12,2024-11-24,DAL,WAS,34.0,26.0,60.0,45.0,-110.0,-110.0,10.5,5.0,55.0,0.0,0.0,1.0,0.06021089090010148,0.16359430810959566,-0.05865783369785018,0.8913178073729744,0.11146115112116031,134.53454545454545,0.03301107871466624,0.1300220430078491,0.0
2024_12_DEN_LV,2024,12,2024-11-24,DEN,LV,29.0,19.0,48.0,41.5,-112.0,-108.0,-6.5,0.0,,1.0,0.0,1.0,-0.09003683956205766,0.08117764004977332,-0.3647906786511427,0.8498873977629418,0.10446563084443092,128.02409090909092,0.03522434709683234,0.1258048169318905,0.0
2024_12_SF_GB,2024,12,2024-11-24,SF,GB,10.0,38.0,48.0,44.5,-112.0,-108.0,6.5,11.0,43.0,0.0,0.0,0.0,0.08055902708849233,0.24353255954084252,-0.12071152033307078,0.910410936764186,0.12330393145831088,127.05000000000001,0.04121054204616992,0.11346697938085851,0.0
2024_12_ARI_SEA,2024,12,2024-11-24,ARI,SEA,6.0,16.0,22.0,46.5,-112.0,-108.0,-1.0,5.0,45.0,0.0,0.0,1.0,0.06129461418032672,0.24412603330993948,-0.2078839397973728,0.9259165733437102,0.10414567411715894,124.4675,0.032672440612207525,0.11880162285454932,0.0
2024_12_PHI_LA,2024,12,2024-11-24,PHI,LA,37.0,20.0,57.0,49.0,-112.0,-108.0,-3.0,0.0,,1.0,0.0,0.0,0.004859745203413632,0.1790731487479297,-0.21755572336556467,0.8843700139229405,0.11414696580537763,132.1375,0.04013845797156038,0.1382334370249747,0.0
2024_12_BAL_LAC,2024,12,2024-11-25,BAL,LAC,30.0,23.0,53.0,51.0,-108.0,-112.0,-3.0,0.0,,1.0,0.0,0.0,0.06291154418972977,0.252187620020765,-0.2256855304760903,0.8384582446136674,0.14377482994656643,123.71477272727273,0.024577377676602855,0.13695279781938685,0.0
2024_13_CHI_DET,2024,13,2024-11-28,CHI,DET,20.0,23.0,43.0,47.5,-120.0,100.0,9.5,0.0,,1.0,1.0,1.0,-0.03947436732920151,0.06182239782395836,-0.15102683323117283,0.8528061948140927,0.1194597432739499,133.30795454545455,0.03456189652963094,0.1360695077994425,0.0
2024_13_NYG_DAL,2024,13,2024-11-28,NYG,DAL,20.0,27.0,47.0,39.0,-110.0,-110.0,4.5,0.0,,1.0,1.0,1.0,-0.0315396021150892,0.06124852589473849,-0.13117225522697093,0.867751931177275,0.10722692654379821,136.52045454545453,0.04167998736407146,0.13777076842626046,0.0
2024_13_MIA_GB,2024,13,2024-11-28,MIA,GB,17.0,30.0,47.0,47.5,-110.0,-110.0,3.5,10.0,27.0,0.0,1.0,0.0,0.008502259319478067,0.23256571799721265,-0.25076972640145145,0.8870834683375337,0.11512881295559754,127.78636363636363,0.04006613078168615,0.10700754918330317,1.3
2024_13_LV_KC,2024,13,2024-11-29,LV,KC,17.0,19.0,36.0,42.0,-112.0,-108.0,13.5,5.0,37.0,0.0,1.0,1.0,0.04143137158863348,0.21515783681414502,-0.27639355501770796,0.899739659670309,0.08992939786831852,133.52272727272725,0.030899414092373012,0.11938611104895289,0.3
2024_13_LAC_ATL,2024,13,2024-12-01,LAC,ATL,17.0,13.0,30.0,47.0,-110.0,-110.0,-1.0,0.0,,1.0,0.0,0.0,0.0503238409220066,0.20071400073906248,-0.15939825082822254,0.8667146676684073,0.11986888113464637,125.20795454545456,0.024321112573269257,0.12292171311605604,0.0
2024_13_PIT_CIN,2024,13,2024-12-01,PIT,CIN,44.0,38.0,82.0,46.0,-112.0,-108.0,3.0,9.0,32.0,0.0,0.0,1.0,0.042160933516957745,0.20047608645118933,-0.18587986516955057,0.8644432016959088,0.1171695782121087,135.87613636363636,0.03634699940727626,0.12054333294309734,0.8
2024_13_HOU_JAX,2024,13,2024-12-01,HOU,JAX,23.0,20.0,43.0,44.5,-112.0,-108.0,-3.5,0.0,,0.0,0.0,1.0,-0.03783428221186308,0.14211911592931803,-0.27950263395684904,0.8168898857188113,0.13188558907380532,121.54621212121214,0.04576335279460142,0.1351508797178798,0.0
2024_13_ARI_MIN,2024,13,2024-12-01,ARI,MIN,22.0,23.0,45.0,45.5,-108.0,-112.0,3.5,0.0,,1.0,0.0,0.0,-0.03501093875343229,0.1565319607085714,-0.31909729520858854,0.867307714567885,0.10902416085139724,127.26363636363635,0.04256995912872753,0.14589523826400655,0.0
2024_13_IND_NE,2024,13,2024-12-01,IND,NE,25.0,24.0,49.0,41.5,-110.0,-110.0,-2.5,9.0,36.0,0.0,0.0,0.0,-0.08177676395555541,0.05648463591817446,-0.26345047302494273,0.8392184098985942,0.10748946124218207,125.87916666666666,0.03825671333791454,0.1267272426760468,0.4
2024_13_SEA_NYJ,2024,13,2024-12-01,SEA,NYJ,26.0,21.0,47.0,41.5,-110.0,-110.0,1.0,12.0,37.0,0.0,0.0,0.0,-0.006205789453643126,0.1839161988447345,-0.29476103655271735,0.8663268321267141,0.10601339387066405,124.96363636363635,0.02897266056885376,0.1409750315816787,0.3
2024_13_TEN_WAS,2024,13,2024-12-01,TEN,WAS,19.0,42.0,61.0,45.0,-112.0,-108.0,6.0,6.0,42.0,0.0,0.0,0.0,0.023278736009910518,0.17554280240305817,-0.19797906749848232,0.8586626962981014,0.10927516739777074,128.9787878787879,0.03239324389238663,0.15025678089809572,0.0
2024_13_TB_CAR,2024,13,2024-12-01,TB,CAR,26.0,23.0,49.0,46.0,-110.0,-110.0,-6.5,7.0,51.0,0.0,0.0,1.0,0.11224487772763712,0.23874499738592914,-0.09339368206889564,0.9233844289683966,0.10447999495053567,122.7090909090909,0.032884852420942995,0.10392215919053491,0.0
2024_13_LA_NO,2024,13,2024-12-01,LA,NO,21.0,14.0,35.0,48.5,-112.0,-108.0,-2.5,0.0,,1.0,0.0,0.0,0.04133322321481146,0.17021758712003388,-0.15594642700318406,0.8825292413647832,0.12745847749487244,129.17045454545456,0.033600396911728794,0.11464580176232872,0.0
2024_13_PHI_BAL,2024,13,2024-12-01,PHI,BAL,24.0,19.0,43.0,50.0,-110.0,-110.0,3.0,7.0,41.0,0.0,0.0,0.0,0.09089403934675508,0.2681654440117328,-0.17067216385094947,0.8744376292704872,0.12196011073788811,131.10833333333335,0.03131449188580766,0.13363275866789254,0.0
2024_13_SF_BUF,2024,13,2024-12-01,SF,BUF,10.0,35.0,45.0,45.0,-110.0,-110.0,6.5,11.0,28.0,0.0,0.0,0.0,0.0938760664964305,0.265164001394554,-0.1586131361003139,0.9175666632094887,0.10986418447884935,127.87045454545455,0.04106202993136693,0.10665364366057471,1.2
2024_13_CLE_DEN,2024,13,2024-12-02,CLE,DEN,32.0,41.0,73.0,41.5,-110.0,-110.0,6.5,4.0,48.0,0.0,0.0,0.0,-0.06493192399775499,0.06941567262990349,-0.2586045685504774,0.8124982710363429,0.12615553791396625,132.81704545454545,0.030068274426219534,0.14449828656306277,0.0
2024_14_GB_DET,2024,14,2024-12-05,GB,DET,31.0,34.0,65.0,53.0,-110.0,-110.0,3.0,0.0,,1.0,0.0,1.0,0.03272247956951981,0.21284443128055155,-0.14891694435625477,0.8855507957748089,0.12765892045860733,128.30833333333334,0.0376969049170149,0.1080695828921428,0.0
2024_14_NYJ_MIA,2024,14,2024-12-08,NYJ,MIA,26.0,32.0,58.0,45.0,-108.0,-112.0,6.5,12.0,77.0,0.0,0.0,1.0,-0.010888558861536286,0.1908986607948828,-0.3114214357113695,0.8553928084734088,0.09848740546794552,125.9875,0.02783994754624253,0.12795871628855923,0.0
2024_14_ATL_MIN,2024,14,2024-12-08,ATL,MIN,21.0,42.0,63.0,46.5,-112.0,-108.0,6.0,0.0,,1.0,0.0,0.0,-0.03871001307591994,0.15552788014197605,-0.328395481292434,0.8691870602816699,0.10996480940453256,131.83333333333331,0.0421829858844344,0.12787329960818278,0.0
2024_14_NO_NYG,2024,14,2024-12-08,NO,NYG,14.0,11.0,25.0,41.0,-110.0,-110.0,-5.5,13.0,54.0,0.0,0.0,0.0,0.01939339692631123,0.09604613966431742,-0.08347344238092272,0.8738394578487824,0.11855263067302305,130.64999999999998,0.030362169415820386,0.11207325189075973,0.0
2024_14_CAR_PHI,2024,14,2024-12-08,CAR,PHI,16.0,22.0,38.0,44.5,-108.0,-112.0,14.0,16.0,55.0,0.0,0.0,0.0,0.022760622369197972,0.055868355004205617,-0.05484937288636056,0.8880404866219334,0.10474428183539031,126.0,0.03395327693186806,0.1269477887990484,0.0
2024_14_CLE_PIT,2024,14,2024-12-08,CLE,PIT,14.0,27.0,41.0,43.0,-110.0,-110.0,6.0,12.0,49.0,0.0,0.0,1.0,-0.049365774082866284,0.04733433549489066,-0.1759191186550731,0.8319027479044161,0.12864282345276984,140.24583333333334,0.04361160129459746,0.1480155505244835,0.0
2024_14_LV_TB,2024,14,2024-12-08,LV,TB,13.0,28.0,41.0,47.0,-108.0,-112.0,7.0,4.0,71.0,0.0,0.0,0.0,0.04625034746857536,0.24760476171476065,-0.31813357507056006,0.8966161342996977,0.10732418850173421,130.98333333333335,0.030442732310910128,0.12621228660157363,0.0
2024_14_JAX_TEN,2024,14,2024-12-08,JAX,TEN,10.0,6.0,16.0,40.0,-112.0,-108.0,3.0,9.0,53.0,0.0,0.0,1.0,-0.0038603677149809876,0.18773732011653055,-0.2834666759881697,0.828686921007777,0.1204236215904052,118.06666666666666,0.03688991777883576,0.13234644680357088,0.0
2024_14_SEA_ARI,2024,14,2024-12-08,SEA,ARI,30.0,18.0,48.0,45.5,-110.0,-110.0,3.0,0.0,,1.0,0.0,1.0,-0.022532383401418703,0.1306154660264217,-0.2557572445373252,0.8835256467047675,0.10163815218471932,127.92916666666667,0.03419463741538633,0.14781014053696126,0.0
2024_14_BUF_LA,2024,14,2024-12-08,BUF,LA,42.0,44.0,86.0,49.5,-112.0,-108.0,-3.5,0.0,,1.0,0.0,0.0,0.12477077955058963,0.29030971401861405,-0.11379333244388345,0.9253685604831203,0.10745894745376267,125.1625,0.03737135663666925,0.10506591806831586,0.0
2024_14_CHI_SF,2024,14,2024-12-08,CHI,SF,13.0,38.0,51.0,43.5,-112.0,-108.0,3.0,4.0,65.0,0.0,0.0,0.0,0.0025465152722310043,0.10483221255292886,-0.14803926306641227,0.870210141828595,0.10911761438161308,127.90833333333333,0.034301165983839144,0.14192803731214604,0.0
2024_14_LAC_KC,2024,14,2024-12-08,LAC,KC,17.0,19.0,36.0,43.5,-110.0,-110.0,5.0,10.0,50.0,0.0,0.0,1.0,0.043459266762728085,0.16917686169263532,-0.18295390491564878,0.8592450159970799,0.11326221702400585,126.92916666666667,0.02619862761636498,0.1354088790602901,0.0
2024_14_CIN_DAL,2024,14,2024-12-09,CIN,DAL,27.0,20.0,47.0,51.0,-108.0,-112.0,-5.0,0.0,,1.0,0.0,0.0,0.03488063763688365,0.15121736921953932,-0.13582487798475076,0.8871553532918509,0.11424588294894826,137.30833333333334,0.04083219982858327,0.11758372060945585,0.0
2024_15_LA_SF,2024,15,2024-12-12,LA,SF,12.0,6.0,18.0,48.5,-110.0,-110.0,3.0,4.0,53.0,0.0,1.0,1.0,0.14970375485187265,0.33799255419707935,-0.09906985626291338,0.9228138236324612,0.11737550753674003,122.875,0.03334790143340434,0.11983996964317892,0.0
2024_15_DAL_CAR,2024,15,2024-12-15,DAL,CAR,30.0,14.0,44.0,42.0,-108.0,-112.0,2.5,7.0,45.0,0.0,0.0,0.0,-0.0038219884517167353,0.016461261664361432,-0.03446089881220514,0.877920528386193,0.09971758087605756,131.7875,0.03786719117941383,0.11487037617733842,0.0
2024_15_KC_CLE,2024,15,2024-12-15,KC,CLE,21.0,7.0,28.0,41.5,-108.0,-112.0,-4.5,18.0,40.0,0.0,0.0,0.0,0.038124926631732184,0.15674547187092033,-0.17265905973313603,0.8636716082891368,0.1152296551561509,138.22500000000002,0.03239261060197685,0.12665918820097016,0.0
2024_15_MIA_HOU,2024,15,2024-12-15,MIA,HOU,12.0,20.0,32.0,46.5,-108.0,-112.0,2.5,0.0,,1.0,0.0,0.0,-0.022747691064484574,0.18257312500701642,-0.38667322970906914,0.8407535470313132,0.10685376903235005,132.4375,0.03460240726753054,0.1273158595833137,0.0
2024_15_NYJ_JAX,2024,15,2024-12-15,NYJ,JAX,32.0,25.0,57.0,41.5,-108.0,-112.0,-3.5,0.0,,0.0,0.0,0.0,0.05866105834299799,0.23338718820282034,-0.17284004967678318,0.8649805052166207,0.11794893846281457,118.6375,0.0291260056267047,0.10652422655502275,0.0
2024_15_WAS_NO,2024,15,2024-12-15,WAS,NO,20.0,19.0,39.0,44.5,-112.0,-108.0,-7.5,0.0,,1.0,0.0,0.0,0.07701465742633334,0.17643841538898478,-0.08618963221235695,0.8821703140720243,0.1167468943993734,131.5375,0.027736831264860456,0.10945245108167492,0.0
2024_15_BAL_NYG,2024,15,2024-12-15,BAL,NYG,35.0,14.0,49.0,43.5,-108.0,-112.0,-16.5,6.0,36.0,0.0,0.0,0.0,0.0495838384015434,0.2024038653437673,-0.2042831611052947,0.8701421292880134,0.11510333353930019,131.9,0.027752540275282664,0.12368695539519262,0.4
2024_15_CIN_TEN,2024,15,2024-12-15,CIN,TEN,37.0,27.0,64.0,46.5,-108.0,-112.0,-6.0,12.0,52.0,0.0,0.0,0.0,0.05105627420787824,0.19259033601140468,-0.22926561694847825,0.8655525418793903,0.1198419039223321,130.275,0.034835827227731354,0.12835256773958104,0.0
2024_15_NE_ARI,2024,15,2024-12-15,NE,ARI,17.0,30.0,47.0,46.5,-110.0,-110.0,6.0,0.0,,1.0,0.0,0.0,0.031177340891644145,0.18306767741039645,-0.17629583714759475,0.9148570941977947,0.09015102702473894,129.98749999999998,0.032102798280241145,0.12741728453778028,0.0
2024_15_IND_DEN,2024,15,2024-12-15,IND,DEN,13.0,31.0,44.0,43.5,-112.0,-108.0,4.5,15.0,55.0,0.0,0.0,0.0,-0.0689916633504416,0.05343125678803601,-0.2343432723341637,0.8310027551671494,0.11117321489409063,124.15,0.038225584365155385,0.11202206395917122,0.0
2024_15_BUF_DET,2024,15,2024-12-15,BUF,DET,48.0,42.0,90.0,55.5,-110.0,-110.0,2.5,0.0,,1.0,0.0,0.0,0.131254660824688,0.3211698659764669,-0.09061584893404434,0.9062979385643647,0.12474816958407962,131.2375,0.03436428863505814,0.09325588381795358,0.0
2024_15_TB_LAC,2024,15,2024-12-15,TB,LAC,40.0,17.0,57.0,46.0,-112.0,-108.0,3.0,0.0,,1.0,0.0,0.0,0.04051869100365485,0.18687009005319388,-0.21666188683861703,0.8802440969426881,0.11992445456234495,125.375,0.03084476412411727,0.13677568357327735,0.0
2024_15_PIT_PHI,2024,15,2024-12-15,PIT,PHI,13.0,27.0,40.0,43.0,-110.0,-110.0,5.5,5.0,37.0,0.0,0.0,0.0,0.004540270272794442,0.09995961202024536,-0.12528486769966435,0.8616664237192351,0.11627750480505426,131.85,0.03617570420649427,0.14427907229579165,0.3
2024_15_GB_SEA,2024,15,2024-12-15,GB,SEA,30.0,13.0,43.0,48.0,-110.0,-110.0,-3.0,3.0,43.0,0.0,0.0,0.0,0.01453257114413493,0.2047144502104579,-0.23217752975736872,0.8857732899576408,0.11832523982584423,124.17500000000001,0.035859896603753216,0.11857979087588322,0.0
2024_15_CHI_MIN,2024,15,2024-12-16,CHI,MIN,12.0,30.0,42.0,43.5,-110.0,-110.0,7.0,0.0,,1.0,0.0,1.0,0.027131824617289323,0.19499508987266742,-0.2383243641903045,0.8686226957450177,0.12803160863077037,129.525,0.036718064777881684,0.15734278040524138,0.0
2024_15_ATL_LV,2024,15,2024-12-16,ATL,LV,15.0,9.0,24.0,44.5,-110.0,-110.0,-6.5,0.0,,1.0,0.0,0.0,0.01261455139382792,0.1809357775783899,-0.27327881634199896,0.8853324614980722,0.11878725909594998,134.875,0.035176225735762734,0.11932962624822138,0.0
2024_16_DEN_LAC,2024,16,2024-12-19,DEN,LAC,27.0,34.0,61.0,41.5,-110.0,-110.0,3.0,0.0,,1.0,1.0,1.0,-0.12129276950186875,-0.0006209898942176398,-0.29930054721721455,0.8194017517617248,0.108227619572248,121.58392857142857,0.03925610255633105,0.12536535934249055,0.0
2024_16_HOU_KC,2024,16,2024-12-21,HOU,KC,19.0,27.0,46.0,42.5,-112.0,-108.0,3.5,5.0,30.0,0.0,0.0,0.0,-0.054300845991494165,0.06063091029699866,-0.26763053809900134,0.840868326882473,0.10577668116584027,131.67857142857144,0.03803179274889361,0.14186552580495532,1.0
2024_16_PIT_BAL,2024,16,2024-12-21,PIT,BAL,17.0,34.0,51.0,44.5,-108.0,-112.0,7.0,15.0,35.0,0.0,0.0,1.0,0.0683626684804601,0.2548075055698454,-0.19076572148546328,0.8745847631921495,0.12768822327115215,127.49285714285716,0.035233252512596944,0.1308573554183176,0.5
2024_16_NYG_ATL,2024,16,2024-12-22,NYG,ATL,7.0,34.0,41.0,42.5,-110.0,-110.0,9.5,0.0,,1.0,0.0,0.0,-0.0014236980350764011,0.16803291730463651,-0.25722696008363893,0.8803693577683127,0.1102535415341571,133.1642857142857,0.03530775172901149,0.13416211207629458,0.0
2024_16_ARI_CAR,2024,16,2024-12-22,ARI,CAR,30.0,36.0,66.0,47.0,-110.0,-110.0,-5.5,10.0,37.0,0.0,0.0,0.0,0.05896729100863843,0.15636630128296636,-0.09049023868789147,0.9231796013372716,0.09918086493377021,126.5767857142857,0.035824546694267226,0.11836552728268496,0.3
2024_16_DET_CHI,2024,16,2024-12-22,DET,CHI,34.0,17.0,51.0,47.5,-110.0,-110.0,-7.0,7.0,29.0,0.0,0.0,1.0,0.047043029844093316,0.1712770849731133,-0.1393792973539082,0.8760461319495363,0.1238954780791969,135.22321428571428,0.029119181248017545,0.13111073568304377,1.1
2024_16_CLE_CIN,2024,16,2024-12-22,CLE,CIN,6.0,24.0,30.0,46.5,-108.0,-112.0,10.0,6.0,33.0,0.0,0.0,1.0,0.016671433025302745,0.11398363559841851,-0.12950721731817436,0.8768412185791845,0.12375474519909428,136.05892857142857,0.046182650858309984,0.11666505962244832,0.7
2024_16_TEN_IND,2024,16,2024-12-22,TEN,IND,30.0,38.0,68.0,42.5,-112.0,-108.0,4.0,0.0,,1.0,0.0,1.0,-0.10011664512165262,0.012102085625455318,-0.28117517914551815,0.8210718946091842,0.10266036593292924,126.45714285714286,0.05027293246158249,0.1220089304257517,0.0
2024_16_LA_NYJ,2024,16,2024-12-22,LA,NYJ,19.0,9.0,28.0,47.0,-110.0,-110.0,-3.0,8.0,23.0,0.0,0.0,0.0,0.12684291396984104,0.29295802201988985,-0.14172553455659584,0.8942736926125758,0.10948420851820645,126.36607142857144,0.02242541320018293,0.10785120266272241,1.7
2024_16_PHI_WAS,2024,16,2024-12-22,PHI,WAS,33.0,36.0,69.0,47.0,-110.0,-110.0,-4.0,8.0,32.0,0.0,0.0,1.0,0.09028067944382151,0.20592336061606575,-0.10949826947252383,0.8827470121039747,0.1088715171591779,134.79642857142858,0.025758143685194187,0.14766838594496873,0.8
2024_16_MIN_SEA,2024,16,2024-12-22,MIN,SEA,27.0,24.0,51.0,43.0,-105.0,-115.0,-2.5,5.0,48.0,0.0,0.0,0.0,-0.04013225758257266,0.12860476710220115,-0.2861175241905237,0.87232374666802,0.11666632297308346,127.95535714285714,0.038184116843015814,0.13965035188175945,0.0
2024_16_NE_BUF,2024,16,2024-12-22,NE,BUF,21.0,24.0,45.0,48.0,-110.0,-110.0,14.0,2.0,14.0,0.0,0.0,1.0,0.18895824945002124,0.40533975045126136,-0.13393663545392887,0.9295661331892011,0.11473009536996528,127.62142857142857,0.030880526048187626,0.09090802926712917,2.6
2024_16_JAX_LV,2024,16,2024-12-22,JAX,LV,14.0,19.0,33.0,41.5,-108.0,-112.0,2.5,0.0,,1.0,0.0,0.0,0.0042246099225311425,0.156990978385412,-0.25203474364731343,0.8523957669305717,0.12932139121169975,127.9642857142857,0.035584397251112884,0.11366511939346174,0.0
2024_16_SF_MIA,2024,16,2024-12-22,SF,MIA,17.0,29.0,46.0,44.0,-112.0,-108.0,-2.0,12.0,73.0,0.0,0.0,0.0,-0.011513227411468534,0.16867070167165485,-0.278880657808253,0.8806331761114812,0.09762856995340546,125.875,0.03557360752407005,0.12273133001549145,0.0
2024_16_TB_DAL,2024,16,2024-12-22,TB,DAL,24.0,26.0,50.0,47.5,-110.0,-110.0,-4.5,0.0,,1.0,0.0,0.0,0.01668347075733473,0.15279572829004048,-0.15381193155564307,0.9016168035954244,0.1056552219306236,135.00892857142856,0.04603276956874021,0.12705028235031451,0.0
2024_16_NO_GB,2024,16,2024-12-23,NO,GB,0.0,34.0,34.0,44.0,-110.0,-110.0,14.0,12.0,34.0,0.0,0.0,0.0,0.007197999029233702,0.16029042592390935,-0.16222816883540328,0.8690891872899436,0.1211527310095261,125.24464285714285,0.035103203049927034,0.11069676261948325,0.6
2024_17_KC_PIT,2024,17,2024-12-25,KC,PIT,29.0,10.0,39.0,43.5,-110.0,-110.0,-3.0,2.0,39.0,0.0,1.0,0.0,-0.01147135592172882,0.12861138121490584,-0.22109641219241694,0.8746741792668433,0.11531640955487879,131.55333333333334,0.039262938807514296,0.12426149273130993,0.1
2024_17_BAL_HOU,2024,17,2024-12-25,BAL,HOU,31.0,2.0,33.0,46.5,-108.0,-112.0,-5.5,0.0,,1.0,1.0,0.0,0.05727050696165974,0.22747597981531367,-0.22068300763401277,0.8476438568631526,0.11471581307293671,125.49916666666667,0.034593477139258304,0.1382913125040325,0.0
2024_17_SEA_CHI,2024,17,2024-12-26,SEA,CHI,6.0,3.0,9.0,43.5,-108.0,-112.0,-3.5,5.0,47.0,0.0,1.0,0.0,-0.014606031829591734,0.12264502265168511,-0.22408203719330888,0.8714381293715984,0.1097758161945024,129.07083333333333,0.032782584773719044,0.1372413732325612,0.0
2024_17_LAC_NE,2024,17,2024-12-28,LAC,NE,40.0,7.0,47.0,42.0,-112.0,-108.0,-6.0,4.0,40.0,0.0,0.0,0.0,0.0009143622260772352,0.16641544042544262,-0.25162411981999616,0.8800074083556378,0.1041739895674278,122.8625,0.03332886023320766,0.12640775372021465,0.0
2024_17_DEN_CIN,2024,17,2024-12-28,DEN,CIN,24.0,30.0,54.0,50.5,-110.0,-110.0,3.5,8.0,60.0,0.0,0.0,0.0,0.016212527671479515,0.12212557850847947,-0.1579743469938884,0.8924997476278318,0.11227926325136178,127.34833333333333,0.04857696607527184,0.10708470804555105,0.0
2024_17_ARI_LA,2024,17,2024-12-28,ARI,LA,9.0,13.0,22.0,48.0,-108.0,-112.0,6.5,0.0,,1.0,0.0,1.0,0.12210353407194424,0.2766453191588987,-0.09009267847350659,0.9349296363744587,0.10503192066038183,128.88583333333332,0.02826268571381139,0.09880882430461538,0.0
2024_17_NYJ_BUF,2024,17,2024-12-29,NYJ,BUF,14.0,40.0,54.0,44.5,-108.0,-112.0,10.0,15.0,54.0,0.0,0.0,1.0,0.2023794799092642,0.40800517368709555,-0.12403846503702973,0.9184875815267249,0.1126174663491801,125.0475,0.028729160867893934,0.08549746505879852,0.0
2024_17_TEN_JAX,2024,17,2024-12-29,TEN,JAX,13.0,20.0,33.0,38.0,-110.0,-110.0,-1.0,16.0,72.0,0.0,0.0,1.0,0.043914756377647204,0.15951759493987328,-0.166086586296619,0.8500193977212644,0.11862509289938294,126.62583333333333,0.041242642478723765,0.10118291445575006,0.0
2024_17_LV_NO,2024,17,2024-12-29,LV,NO,25.0,10.0,35.0,37.5,-108.0,-112.0,-2.0,0.0,,1.0,0.0,0.0,-0.09608582640265856,-0.012726007048465634,-0.2619618845877658,0.8300951585773424,0.11054201226778106,129.26166666666666,0.035242196688564015,0.12534163921933486,0.0
2024_17_IND_NYG,2024,17,2024-12-29,IND,NYG,33.0,45.0,78.0,40.5,-108.0,-112.0,-7.5,0.0,54.0,0.0,0.0,0.0,-0.06651247310361788,0.04006280644871839,-0.19260974194727648,0.858758602845676,0.10437734406945708,128.39499999999998,0.044941207075234156,0.11730547190788493,0.0
2024_17_DAL_PHI,2024,17,2024-12-29,DAL,PHI,7.0,41.0,48.0,37.5,-112.0,-108.0,7.5,10.0,62.0,0.0,0.0,1.0,-0.0017900819724926131,0.10134255952705544,-0.14153737127978053,0.8591010636955991,0.09790839986629199,133.07833333333332,0.03932984549415526,0.14084307076189184,0.0
2024_17_CAR_TB,2024,17,2024-12-29,CAR,TB,14.0,48.0,62.0,47.5,-112.0,-108.0,9.5,8.0,76.0,0.0,0.0,1.0,0.06984272959723312,0.1699894275678156,-0.09626919076054594,0.922415339015398,0.11312248392991367,130.23916666666668,0.041920986577348655,0.12148599636316315,0.0
2024_17_MIA_CLE,2024,17,2024-12-29,MIA,CLE,20.0,3.0,23.0,32.5,-108.0,-112.0,-3.0,15.0,54.0,0.0,0.0,0.0,-0.06849329436072048,0.0574229192390358,-0.27616796254002646,0.8634661570656217,0.10453841386870752,137.44416666666666,0.03748216274167637,0.1257670440764404,0.0
2024_17_GB_MIN,2024,17,2024-12-29,GB,MIN,25.0,27.0,52.0,49.0,-110.0,-110.0,-1.0,0.0,,1.0,0.0,1.0,0.022084734097637664,0.2131749714562978,-0.22820439812069768,0.8985280456135352,0.11849918563630216,124.63916666666665,0.04123936385781177,0.12044790847841758,0.0
2024_17_ATL_WAS,2024,17,2024-12-29,ATL,WAS,24.0,30.0,54.0,46.5,-110.0,-110.0,3.5,10.0,58.0,0.0,0.0,0.0,0.03732441142142405,0.16887438439702218,-0.20013254756623713,0.8963185368924349,0.10667152358470891,136.19666666666666,0.04020148403063337,0.12873802855794225,0.0
2024_17_DET_SF,2024,17,2024-12-30,DET,SF,40.0,34.0,74.0,50.5,-110.0,-110.0,-4.0,0.0,,0.0,0.0,0.0,0.1078429324550839,0.2642606918717859,-0.13068166166637804,0.9004385487331734,0.1257511918124592,128.00166666666667,0.03314357780547134,0.11290111571457664,0.0
2024_18_CLE_BAL,2024,18,2025-01-04,CLE,BAL,10.0,35.0,45.0,42.5,-112.0,-108.0,19.5,16.0,31.0,0.0,0.0,1.0,-0.027674060935669417,0.11737959180488253,-0.20540887475772707,0.8493958398189381,0.11121351359324452,133.3125,0.034303739968046996,0.14114492950004717,0.9
2024_18_CIN_PIT,2024,18,2025-01-04,CIN,PIT,19.0,17.0,36.0,48.5,-108.0,-112.0,-2.5,10.0,19.0,0.0,0.0,1.0,0.049501277340937976,0.1753124158029872,-0.13780528923039503,0.9028964442541999,0.10809363815882253,130.778125,0.04464862284568581,0.12450154481592506,2.1
2024_18_CAR_ATL,2024,18,2025-01-05,CAR,ATL,44.0,38.0,82.0,48.5,-112.0,-108.0,7.5,0.0,,1.0,0.0,1.0,0.06844168754805266,0.1564008234001272,-0.06263279568261165,0.9226467720765632,0.10443597923421546,125.32499999999999,0.0379964016390763,0.12402062678511921,0.0
2024_18_WAS_DAL,2024,18,2025-01-05,WAS,DAL,23.0,19.0,42.0,43.5,-102.0,-118.0,-7.0,0.0,,1.0,0.0,1.0,0.07873700939480728,0.2015671196238959,-0.106640715545671,0.9001089867723664,0.10249412766862306,136.64374999999998,0.04064879698676283,0.12944723555517773,0.0
2024_18_CHI_GB,2024,18,2025-01-05,CHI,GB,24.0,22.0,46.0,41.5,-112.0,-108.0,10.0,13.0,16.0,0.0,0.0,1.0,-0.019447290089953287,0.13493092916782023,-0.213658461720592,0.8746524450566651,0.1146342469297418,126.375,0.03766983922441183,0.1341652106479509,2.4
2024_18_JAX_IND,2024,18,2025-01-05,JAX,IND,23.0,26.0,49.0,45.5,-110.0,-105.0,3.5,0.0,,1.0,0.0,1.0,0.039910324278552886,0.21107199309694297,-0.17179890693826477,0.8557583128910395,0.12042367463339804,126.84687500000001,0.04267066554976859,0.09369090442108532,0.0
2024_18_BUF_NE,2024,18,2025-01-05,BUF,NE,16.0,23.0,39.0,36.5,-112.0,-108.0,-3.0,14.0,33.0,0.0,0.0,1.0,0.1479661916273047,0.38323151737105343,-0.20456339525518488,0.9319951133721598,0.10895894094156328,126.296875,0.03279669003824357,0.09042259996320659,0.7
2024_18_NYG_PHI,2024,18,2025-01-05,NYG,PHI,13.0,20.0,33.0,36.5,-102.0,-118.0,3.0,19.0,31.0,0.0,0.0,1.0,0.020976840987671386,0.24057868257379728,-0.23836555516230623,0.8662240793220937,0.11076951836375089,131.696875,0.039019536171614556,0.13028118775813644,0.9
2024_18_NO_TB,2024,18,2025-01-05,NO,TB,19.0,27.0,46.0,44.5,-108.0,-112.0,14.5,6.0,68.0,0.0,0.0,1.0,0.018677418000088444,0.15450108269183288,-0.1644217083978092,0.8843426300354169,0.12025003924474732,129.57500000000002,0.03464906930016724,0.12295944433087896,0.0
2024_18_HOU_TEN,2024,18,2025-01-05,HOU,TEN,23.0,14.0,37.0,36.5,-112.0,-108.0,2.5,10.0,35.0,0.0,0.0,1.0,-0.031086917642377858,0.08334345178057209,-0.2184473737663849,0.8435509370092439,0.10866966049826846,126.12499999999999,0.04518348100995539,0.13264351431959243,0.5
2024_18_SF_ARI,2024,18,2025-01-05,SF,ARI,24.0,47.0,71.0,42.5,-110.0,-110.0,4.5,0.0,,1.0,0.0,1.0,0.11541080707124393,0.2553265714304654,-0.08057823698562483,0.9347800571954699,0.11744408891134521,127.80937499999999,0.032309073347804626,0.1132673570736531,0.0
2024_18_KC_DEN,2024,18,2025-01-05,KC,DEN,0.0,38.0,38.0,40.5,-105.0,-115.0,10.5,5.0,28.0,0.0,0.0,1.0,-0.012542486158326802,0.10803392396616908,-0.23422129450046109,0.8724677953583091,0.0992873400902025,130.9875,0.03963678900266307,0.10817396127876576,1.2
2024_18_SEA_LA,2024,18,2025-01-05,SEA,LA,30.0,25.0,55.0,38.5,-108.0,-112.0,-7.5,0.0,,1.0,0.0,1.0,0.003888293103737289,0.1622190865114688,-0.21708179545067946,0.897538235876702,0.10003478653468927,125.103125,0.030441279131381872,0.11393429312145491,0.0
2024_18_LAC_LV,2024,18,2025-01-05,LAC,LV,34.0,20.0,54.0,42.5,-108.0,-112.0,-7.0,0.0,,1.0,0.0,1.0,-0.09735607125622096,0.05127605955637925,-0.35500348357674016,0.8378972318570155,0.10521802953163373,128.890625,0.035289102006025856,0.13351782498359993,0.0
2024_18_MIA_NYJ,2024,18,2025-01-05,MIA,NYJ,20.0,32.0,52.0,39.5,-108.0,-112.0,1.5,10.0,34.0,0.0,0.0,1.0,0.03148743938381779,0.22038768823601518,-0.2914207109544057,0.9023560474245027,0.09079285063166102,129.153125,0.028251726403132983,0.10360815316515479,0.6
2024_18_MIN_DET,2024,18,2025-01-05,MIN,DET,9.0,31.0,40.0,56.5,-118.0,-102.0,3.0,0.0,,1.0,0.0,1.0,0.1324673151692609,0.34032293405912994,-0.22505822378461712,0.9338883557634137,0.1299218752421544,133.184375,0.036526340552975226,0.11577166864698535,0.0
2025_05_SF_LA,2025,5,2025-10-02,SF,LA,26.0,23.0,49.0,43.5,-112.0,-108.0,8.5,0.0,,1.0,1.0,1.0,-0.016723692628365303,0.0962379930759549,-0.20133158587853323,0.9102063189747864,0.10787602677215286,131.25,0.04337645848742237,0.10266487098415583,0.0
2025_05_MIN_CLE,2025,5,2025-10-05,MIN,CLE,21.0,17.0,38.0,35.5,-108.0,-112.0,-3.5,14.0,61.0,0.0,0.0,0.0,-0.24146018745765258,-0.3170526160590862,-0.14889827062280392,0.8139872105898259,0.08056563789797216,129.5,0.046920986182459073,0.17338170962344734,0.0
2025_05_HOU_BAL,2025,5,2025-10-05,HOU,BAL,44.0,10.0,54.0,41.5,-105.0,-115.0,-2.5,2.0,78.0,0.0,0.0,0.0,0.042869671749137146,0.12650497982429454,-0.04611726618246183,0.8601428875267491,0.1304131319893212,114.5,0.029331831988888862,0.12974338153257337,0.0
2025_05_MIA_CAR,2025,5,2025-10-05,MIA,CAR,24.0,27.0,51.0,44.5,-115.0,-105.0,-1.5,8.0,77.0,0.0,0.0,0.0,0.11174837729388758,0.2919260660626723,-0.06191852603266715,0.9098192101890898,0.10560331911641029,124.0,0.0350984715658499,0.07916083530653224,0.0
2025_05_LV_IND,2025,5,2025-10-05,LV,IND,6.0,40.0,46.0,46.5,-112.0,-108.0,7.0,0.0,,1.0,0.0,0.0,0.009956178060872803,0.23924946384441131,-0.2686583008772687,0.9053166734512336,0.11237859846188014,126.5,0.04513079795787243,0.10326950919536278,0.0
2025_05_NYG_NO,2025,5,2025-10-05,NYG,NO,14.0,26.0,40.0,41.5,-115.0,-105.0,1.5,0.0,,1.0,0.0,0.0,0.04749801364987807,0.17021516584705687,-0.06704308404789132,0.8971090243500475,0.08501445640470676,140.25,0.022694819925219052,0.1304971745883812,0.0
2025_05_DAL_NYJ,2025,5,2025-10-05,DAL,NYJ,37.0,22.0,59.0,48.5,-110.0,-110.0,1.5,3.0,82.0,0.0,0.0,0.0,0.25309761851140733,0.5362049643500887,-0.15451910510076639,0.9383979777091975,0.12473255489026391,133.25,0.02399381807772721,0.08640814878529218,0.0
2025_05_DEN_PHI,2025,5,2025-10-05,DEN,PHI,21.0,17.0,38.0,44.5,-105.0,-115.0,3.5,6.0,80.0,0.0,0.0,0.0,-0.0426334261136952,0.03199492644335449,-0.16274822034049602,0.8356779395521942,0.08513491045308233,125.75,0.02610390123741084,0.10491640726348866,0.0
2025_05_TEN_ARI,2025,5,2025-10-05,TEN,ARI,22.0,21.0,43.0,41.5,-110.0,-110.0,7.5,0.0,,1.0,0.0,0.0,-0.019865811157779106,0.09094957988436668,-0.1759873738460945,0.8469054806023854,0.09823506902351045,123.75,0.02880932619417619,0.12480113331801734,0.0
2025_05_TB_SEA,2025,5,2025-10-05,TB,SEA,38.0,35.0,73.0,44.5,-110.0,-110.0,3.5,8.0,61.0,0.0,0.0,0.0,-0.02030392699194404,0.28610706474227765,-0.4203472889996174,0.8549168090041651,0.11137143618068655,129.25,0.031087036025355782,0.10833623199281131,0.0
2025_05_DET_CIN,2025,5,2025-10-05,DET,CIN,37.0,24.0,61.0,49.5,-108.0,-112.0,-10.5,7.0,84.0,0.0,0.0,0.0,-0.026553716531002997,0.09458933591653101,-0.17787118102972663,0.871211072176933,0.10975024563233418,118.5,0.04060904447567427,0.11979198942756687,0.0
2025_05_WAS_LAC,2025,5,2025-10-05,WAS,LAC,27.0,10.0,37.0,47.5,-105.0,-115.0,2.5,0.0,,1.0,0.0,0.0,0.055444192308977056,0.23997076701127604,-0.12739620708657445,0.8664739498396252,0.09730208413358361,128.75,0.01945228240017398,0.13747665009127868,0.0
2025_05_NE_BUF,2025,5,2025-10-05,NE,BUF,23.0,20.0,43.0,49.5,-112.0,-108.0,7.5,3.0,66.0,0.0,0.0,1.0,0.20722685438070426,0.4648544113637579,-0.18766457203733156,0.9175646462611328,0.12465178248515353,129.0,0.028157202189438423,0.13386673136690064,0.0
2025_05_KC_JAX,2025,5,2025-10-06,KC,JAX,28.0,31.0,59.0,45.5,-112.0,-108.0,-3.5,12.0,80.0,0.0,0.0,0.0,0.030902220199790536,0.050960583980212054,-0.02014920817876996,0.8781041981061697,0.09338746519280783,131.75,0.0429281518188714,0.08013847447929469,0.0
2025_06_PHI_NYG,2025,6,2025-10-09,PHI,NYG,17.0,34.0,51.0,40.5,-115.0,-105.0,-7.0,3.0,53.0,0.0,1.0,1.0,0.005080649479054233,0.07138321605726079,-0.10792910315552606,0.8961826351492885,0.08683129421978861,130.2625,0.02639963143236461,0.11469924227847843,0.0
2025_06_DEN_NYJ,2025,6,2025-10-12,DEN,NYJ,13.0,11.0,24.0,43.5,-108.0,-112.0,-7.5,6.0,59.0,0.0,0.0,0.0,0.06258717548419515,0.2540753923793874,-0.20832850017679028,0.8576722140209418,0.10345465439366378,130.60500000000002,0.019806884556268275,0.11447046656943533,0.0
2025_06_LA_BAL,2025,6,2025-10-12,LA,BAL,17.0,3.0,20.0,43.5,-112.0,-108.0,-7.0,15.0,64.0,0.0,0.0,0.0,0.11613816321796674,0.24932288071826636,-0.10591302430034588,0.9383463638092713,0.12879381924509725,116.61250000000001,0.037941612874873985,0.11655904143591173,0.0
2025_06_DAL_CAR,2025,6,2025-10-12,DAL,CAR,27.0,30.0,57.0,47.5,-115.0,-105.0,-3.0,15.0,68.0,0.0,0.0,0.0,0.2335344430662654,0.4133593996050342,-0.07601513056617712,0.9298127489048706,0.12828797384057594,139.095,0.02942916714816257,0.07292460263090583,0.0
2025_06_ARI_IND,2025,6,2025-10-12,ARI,IND,27.0,31.0,58.0,46.5,102.0,-122.0,8.5,0.0,,1.0,0.0,0.0,0.0706707126182669,0.2716984106772149,-0.21923059652945354,0.9214787403340658,0.09333236570540249,128.125,0.03391871811642577,0.09887264588412609,0.0
2025_06_SEA_JAX,2025,6,2025-10-12,SEA,JAX,20.0,12.0,32.0,47.5,-105.0,-115.0,-1.5,8.0,76.0,0.0,0.0,0.0,0.07475677781609943,0.30179696867279515,-0.22155745471998248,0.9095859732470923,0.12079707444245782,125.5275,0.052346154428118755,0.07820595216153241,0.0
2025_06_LAC_MIA,2025,6,2025-10-12,LAC,MIA,29.0,27.0,56.0,45.5,-105.0,-115.0,-3.5,4.0,85.0,0.0,0.0,0.0,0.08612672825700221,0.2376264950408743,-0.09405799588173167,0.8852927362658891,0.10573128753559922,123.13749999999999,0.03107901565508244,0.13427394157087824,0.0
2025_06_NE_NO,2025,6,2025-10-12,NE,NO,25.0,19.0,44.0,46.5,-105.0,-115.0,-3.5,0.0,,1.0,0.0,0.0,0.07757912702467074,0.41298846335148204,-0.37775563934018563,0.9234551173894358,0.09765048479309257,130.29749999999999,0.03768327822659755,0.11785761890898688,0.0
2025_06_CLE_PIT,2025,6,2025-10-12,CLE,PIT,9.0,23.0,32.0,37.5,-120.0,100.0,5.5,8.0,64.0,0.0,0.0,1.0,-0.035015692376070606,0.08881566047906096,-0.23239460471602158,0.8500841497555616,0.09671363953080545,124.0075,0.04038756494394886,0.13463923556717855,0.0
2025_06_TEN_LV,2025,6,2025-10-12,TEN,LV,10.0,20.0,30.0,41.5,-115.0,-105.0,3.5,0.0,,1.0,0.0,0.0,-0.05242668777800038,0.0983684394972186,-0.24375509133585657,0.859062090005527,0.10574182430583688,124.7425,0.04267336959038831,0.11890383498568458,0.0
2025_06_CIN_GB,2025,6,2025-10-12,CIN,GB,18.0,27.0,45.0,44.5,-110.0,-110.0,14.0,14.0,64.0,0.0,0.0,0.0,0.047010389653547244,0.16741763658585354,-0.09241335265532702,0.8929103738802644,0.08532631378476103,122.405,0.034975347999959334,0.12762085578944174,0.0
2025_06_SF_TB,2025,6,2025-10-12,SF,TB,19.0,30.0,49.0,46.5,-115.0,-105.0,3.5,10.0,82.0,0.0,0.0,0.0,0.0885342410499303,0.3539221474480906,-0.39644120002853145,0.9296264305763182,0.12064965697156711,139.48250000000002,0.028958617996025716,0.07830101462350601,0.0
2025_06_DET_KC,2025,6,2025-10-12,DET,KC,17.0,30.0,47.0,51.5,-115.0,-105.0,2.5,13.0,85.0,0.0,0.0,0.0,0.1230138432667213,0.26471534107176703,-0.08354076065223559,0.9243602573427372,0.11847230751596424,126.87,0.034569002299062984,0.11216535098466715,0.0
2025_06_BUF_ATL,2025,6,2025-10-13,BUF,ATL,14.0,24.0,38.0,49.5,-118.0,-102.0,-3.5,0.0,,1.0,0.0,0.0,0.057116863677833196,0.16118552477665146,-0.11993735434809338,0.8975722862358655,0.0963846719562385,132.9925,0.03537840960667241,0.125322947226391,0.0
2025_06_CHI_WAS,2025,6,2025-10-13,CHI,WAS,25.0,24.0,49.0,49.5,-115.0,-105.0,5.5,12.0,59.0,0.0,0.0,0.0,0.08608165208959415,0.3193396559673833,-0.20271182316818873,0.9115439569200041,0.11670968303978739,125.4425,0.0370256801811192,0.10401305221851116,0.0
2025_07_PIT_CIN,2025,7,2025-10-16,PIT,CIN,31.0,33.0,64.0,45.5,-105.0,-115.0,-5.5,5.0,60.0,0.0,1.0,1.0,0.025045200229019945,0.1384048022868104,-0.12462725647626095,0.9162962606616123,0.09404680084798339,112.75833333333333,0.04254057045178254,0.12987801622723777,0.0
2025_07_LA_JAX,2025,7,2025-10-19,LA,JAX,35.0,7.0,42.0,44.5,-115.0,-105.0,-3.0,9.0,59.0,0.0,0.0,0.0,-0.02816055537218925,0.10243435200420217,-0.2632487687584052,0.9024676792787794,0.1106350830828434,129.025,0.046668416491992645,0.1008570685939823,0.0
2025_07_NO_CHI,2025,7,2025-10-19,NO,CHI,14.0,26.0,40.0,43.5,-110.0,-110.0,4.5,8.0,49.0,0.0,0.0,0.0,0.028218733828655848,0.3008351894833387,-0.3248873521735407,0.9229144672571076,0.10247807728833913,130.88500000000002,0.04287741340200478,0.09077948619386941,0.0
2025_07_MIA_CLE,2025,7,2025-10-19,MIA,CLE,6.0,31.0,37.0,34.5,-108.0,-112.0,2.5,17.0,65.0,0.0,0.0,0.0,0.029048657625916425,0.13100337351690688,-0.10624208815059728,0.8442429664774063,0.1018727062878565,128.2625,0.03369772995389951,0.11151343631584365,0.0
2025_07_LV_KC,2025,7,2025-10-19,LV,KC,0.0,31.0,31.0,44.5,-105.0,-115.0,13.5,9.0,57.0,0.0,0.0,1.0,0.056667655456020434,0.20865991316214258,-0.15796444240152197,0.9344138802584924,0.10191568014386825,126.47916666666667,0.03766542810988428,0.11386386996129301,0.0
2025_07_PHI_MIN,2025,7,2025-10-19,PHI,MIN,28.0,22.0,50.0,43.5,-115.0,-105.0,-2.5,0.0,,1.0,0.0,0.0,-0.07620275167123139,-0.08558912897349927,-0.13446621193462438,0.8882574062061973,0.0911138708076159,120.65583333333333,0.03772030450258458,0.16165356503911443,0.0
2025_07_CAR_NYJ,2025,7,2025-10-19,CAR,NYJ,13.0,6.0,19.0,39.5,-118.0,-102.0,1.5,13.0,71.0,0.0,0.0,0.0,0.07442470053490644,0.25086653456924507,-0.2195701087190301,0.8650107629389074,0.11019970966820096,130.37083333333334,0.024747016780858916,0.10970035912896621,0.0
2025_07_NE_TEN,2025,7,2025-10-19,NE,TEN,31.0,13.0,44.0,40.5,-112.0,-108.0,-6.5,18.0,60.0,0.0,0.0,0.0,0.013727712589894664,0.26902505725834586,-0.3375858333654883,0.8913039482697764,0.1189928172970631,121.77916666666667,0.040642261304701194,0.1270645985809307,0.0
2025_07_NYG_DEN,2025,7,2025-10-19,NYG,DEN,32.0,33.0,65.0,39.5,-115.0,-105.0,7.5,3.0,72.0,0.0,0.0,0.0,-0.05858195462939554,-0.014501267670821785,-0.10708225684764408,0.8423652992970971,0.0819072214069132,134.97916666666669,0.02682488630236038,0.14125095836258655,0.0
2025_07_IND_LAC,2025,7,2025-10-19,IND,LAC,38.0,24.0,62.0,48.5,-110.0,-110.0,2.5,0.0,,1.0,0.0,0.0,0.0627268708211016,0.14508023429408684,-0.0011964420389334943,0.9205192200023313,0.10825873984678619,129.23749999999998,0.03671470724015266,0.1123140129714616,0.0
2025_07_GB_ARI,2025,7,2025-10-19,GB,ARI,27.0,23.0,50.0,44.5,-110.0,-110.0,-7.0,0.0,,1.0,0.0,0.0,0.12463418029631179,0.32444808385982193,-0.18574546071170853,0.9138686509701897,0.09407052538797869,131.92833333333334,0.023313279033401368,0.10555135093688081,0.0
2025_07_WAS_DAL,2025,7,2025-10-19,WAS,DAL,22.0,44.0,66.0,54.5,-112.0,-108.0,1.5,0.0,,1.0,0.0,1.0,0.29698396710647024,0.5696035516264613,-0.09404943880586146,0.9672112118110215,0.11736154282958675,126.52916666666667,0.025912679489705694,0.09976564323853652,0.0
2025_07_ATL_SF,2025,7,2025-10-19,ATL,SF,10.0,20.0,30.0,46.5,-108.0,-112.0,1.5,5.0,74.0,0.0,0.0,0.0,0.007981239716615032,0.13959187994548866,-0.21287224416172432,0.9396714235471486,0.10758078945402025,137.43083333333334,0.03947867566241192,0.10597489631487975,0.0
2025_07_TB_DET,2025,7,2025-10-20,TB,DET,9.0,24.0,33.0,54.5,-105.0,-115.0,6.0,0.0,,1.0,0.0,0.0,0.14838222368638507,0.4375636948133742,-0.29678689565204286,0.9237397864628358,0.12931345048724074,124.92916666666667,0.02842365889440928,0.11340873475424973,0.0
2025_07_HOU_SEA,2025,7,2025-10-20,HOU,SEA,19.0,27.0,46.0,41.5,-110.0,-110.0,3.0,5.0,56.0,0.0,0.0,0.0,-0.002156899809772298,0.24413937755655388,-0.3060256349246282,0.8629398724764312,0.12538182306926562,120.52166666666666,0.03619396242017845,0.11543891582524653,0.0
2025_08_MIN_LAC,2025,8,2025-10-23,MIN,LAC,10.0,37.0,47.0,45.5,-110.0,-110.0,3.0,0.0,,1.0,1.0,0.0,0.0022628234734181976,0.05643901686481931,-0.09058502394605358,0.8919796703666023,0.11532129238651709,130.9202380952381,0.04223682672885053,0.15613578256055224,0.0
2025_08_MIA_ATL,2025,8,2025-10-26,MIA,ATL,34.0,10.0,44.0,44.5,-105.0,-115.0,7.0,0.0,,1.0,0.0,0.0,0.02586326640495596,0.11888866166010251,-0.07063158972997022,0.8841155699877873,0.10166646302582306,123.27857142857142,0.03929407726494965,0.11475504392793574,0.0
2025_08_CHI_BAL,2025,8,2025-10-26,CHI,BAL,16.0,30.0,46.0,45.5,-108.0,-112.0,2.5,2.0,60.0,0.0,0.0,0.0,0.052137983162997656,0.20821409781953593,-0.17642380829284304,0.9259165029243243,0.12653363187335,120.67500000000001,0.05132706252928387,0.11128328524023304,0.0
2025_08_BUF_CAR,2025,8,2025-10-26,BUF,CAR,40.0,9.0,49.0,47.5,-112.0,-108.0,-7.0,9.0,63.0,0.0,0.0,0.0,0.12585038990738742,0.24666585422747495,-0.08281529996856465,0.8963092496757217,0.11690051490564786,131.12142857142857,0.030498267878935423,0.112210713958454,0.0
2025_08_NYJ_CIN,2025,8,2025-10-26,NYJ,CIN,39.0,38.0,77.0,43.5,-118.0,-102.0,5.5,8.0,57.0,0.0,0.0,0.0,0.055256407315055094,0.15088914400759584,-0.07259636909437293,0.8833117355941972,0.0983622204461474,124.04464285714286,0.03127298044806891,0.13468720254875793,0.0
2025_08_SF_HOU,2025,8,2025-10-26,SF,HOU,15.0,26.0,41.0,41.5,-108.0,-112.0,2.5,0.0,,1.0,0.0,0.0,-0.084160175154808,0.05193965104983436,-0.3143771117456956,0.8913749132293285,0.10082615129732114,136.2392857142857,0.04332839398123475,0.09675729453595802,0.0
2025_08_CLE_NE,2025,8,2025-10-26,CLE,NE,13.0,32.0,45.0,40.5,-105.0,-115.0,7.0,7.0,53.0,0.0,0.0,0.0,-0.04864195655300908,0.16446460937599824,-0.34621647670270395,0.8329470114046915,0.11853555168168374,129.16785714285714,0.033841623419397546,0.13295045750738355,0.0
2025_08_NYG_PHI,2025,8,2025-10-26,NYG,PHI,20.0,38.0,58.0,43.5,-112.0,-108.0,7.0,4.0,60.0,0.0,0.0,1.0,0.07276365621812633,0.20615000918496168,-0.0978274894671514,0.8957956341775295,0.10712486298794174,128.54107142857143,0.02735490170566625,0.12367016743123807,0.0
2025_08_TB_NO,2025,8,2025-10-26,TB,NO,23.0,3.0,26.0,46.5,-110.0,-110.0,-4.5,0.0,,1.0,0.0,1.0,0.02533958822455725,0.24591055024185182,-0.26263576740019495,0.896632042015687,0.11343148915735306,128.74107142857144,0.036299272981882985,0.11172325360615763,0.0
2025_08_DAL_DEN,2025,8,2025-10-26,DAL,DEN,24.0,44.0,68.0,51.5,-110.0,-110.0,3.5,4.0,67.0,0.0,0.0,0.0,0.14598856639241323,0.26455163538448645,-0.061259661761607,0.8793336678945367,0.10443471914771087,134.28392857142856,0.019601251747533268,0.11808706512963946,0.0
2025_08_TEN_IND,2025,8,2025-10-26,TEN,IND,14.0,38.0,52.0,47.5,-118.0,-102.0,15.5,0.0,,1.0,0.0,1.0,0.03820192435335597,0.146722629938376,-0.09071188824222787,0.9115686321058889,0.1105899291981163,119.99285714285715,0.04050512285767769,0.12180185199105914,0.0
2025_08_GB_PIT,2025,8,2025-10-26,GB,PIT,35.0,25.0,60.0,46.5,-105.0,-115.0,-3.0,5.0,46.0,0.0,0.0,0.0,0.19709762706203204,0.38775214884686826,-0.09773546315366437,0.9416600166965687,0.09393054594753064,118.13333333333334,0.025968180324136322,0.10942787767574919,0.0
2025_08_WAS_KC,2025,8,2025-10-27,WAS,KC,7.0,28.0,35.0,48.5,-105.0,-115.0,10.5,8.0,54.0,0.0,0.0,0.0,0.13147001039469908,0.30751752576720714,-0.09543462138900424,0.9333006631459282,0.10204862691368817,128.62321428571428,0.027784553532680757,0.11259014280302806,0.0
2025_09_BAL_MIA,2025,9,2025-10-30,BAL,MIA,28.0,6.0,34.0,51.5,-110.0,-110.0,-7.5,5.0,73.0,0.0,1.0,0.0,0.06591920412333403,0.19296725197682946,-0.08259257217007816,0.8838869312953849,0.12053170368444723,116.30178571428571,0.03881635927773742,0.11705645214688448,0.0
2025_09_CHI_CIN,2025,9,2025-11-02,CHI,CIN,47.0,42.0,89.0,51.5,-112.0,-108.0,-3.0,6.0,50.0,0.0,0.0,0.0,0.13318594471206074,0.23328871994267691,-0.020462752617146356,0.9591046764570403,0.127247665872727,126.10982142857142,0.04526571960044325,0.09687027543786368,0.0
2025_09_MIN_DET,2025,9,2025-11-02,MIN,DET,27.0,24.0,51.0,47.5,-115.0,-105.0,9.5,0.0,,1.0,0.0,1.0,-0.019110846063458878,0.1372323236433912,-0.24572861508758098,0.8815737450702478,0.11021098346461208,122.60178571428571,0.03998329015810985,0.1561371580748116,0.0
2025_09_CAR_GB,2025,9,2025-11-02,CAR,GB,16.0,13.0,29.0,43.5,-105.0,-115.0,12.5,15.0,47.0,0.0,0.0,0.0,0.15490449085583613,0.3041587120820026,-0.10490141284065038,0.9077281997520923,0.10341881183910906,129.55357142857142,0.02426240866483027,0.10997397836993214,0.0
2025_09_DEN_HOU,2025,9,2025-11-02,DEN,HOU,18.0,15.0,33.0,40.5,-115.0,-105.0,1.5,0.0,,1.0,0.0,0.0,-0.06166166216462461,0.01632075566856349,-0.19343245515954688,0.8236657079697154,0.10158664824565258,136.35267857142856,0.03369071264958595,0.12779772388911864,0.0
2025_09_ATL_NE,2025,9,2025-11-02,ATL,NE,23.0,24.0,47.0,45.5,-108.0,-112.0,5.5,7.0,52.0,0.0,0.0,0.0,0.01782735419997141,0.22218780024018453,-0.2656191421819729,0.9166058119546188,0.11351449853604748,125.31607142857143,0.03768684417917759,0.12992934386997523,0.0
2025_09_SF_NYG,2025,9,2025-11-02,SF,NYG,34.0,24.0,58.0,47.5,-112.0,-108.0,-2.5,5.0,56.0,0.0,0.0,0.0,0.1299317186298787,0.2923896008417143,-0.10262624112526265,0.935201963950286,0.10232548769548327,134.21875,0.030882422395153708,0.10934088854024204,0.0
2025_09_IND_PIT,2025,9,2025-11-02,IND,PIT,20.0,27.0,47.0,51.5,-115.0,-105.0,-3.5,2.0,56.0,0.0,0.0,0.0,0.22929685320490412,0.3405618830858229,0.07689235051921497,0.9473099303251129,0.1197039175331747,116.65357142857142,0.02897496755013207,0.10003031856701436,0.0
2025_09_LAC_TEN,2025,9,2025-11-02,LAC,TEN,27.0,20.0,47.0,44.5,-110.0,-110.0,-10.0,5.0,46.0,0.0,0.0,0.0,0.025814405903767337,0.1269718252981319,-0.09968542676376699,0.8670837180737538,0.11038153456874493,129.6125,0.040011227786334036,0.14904710793117987,0.0
2025_09_NO_LA,2025,9,2025-11-02,NO,LA,10.0,34.0,44.0,44.5,-115.0,-105.0,14.0,0.0,,1.0,0.0,0.0,-0.07830202430771097,0.09270048623034403,-0.3171080266896717,0.9003001955840242,0.09703875616778132,128.08928571428572,0.04357849267777501,0.11722784932282766,0.0
2025_09_JAX_LV,2025,9,2025-11-02,JAX,LV,30.0,29.0,59.0,43.5,-115.0,-105.0,-2.5,0.0,,1.0,0.0,0.0,-0.06913986965293001,0.1199535925100086,-0.326092367782871,0.8734606421844537,0.10288186510741956,124.43571428571428,0.04397440327280911,0.10044805318525164,0.0
2025_09_KC_BUF,2025,9,2025-11-02,KC,BUF,21.0,28.0,49.0,53.5,-105.0,-115.0,-2.5,6.0,54.0,0.0,0.0,0.0,0.11407960195481935,0.2145522462025119,-0.05499425857001244,0.9312938691889601,0.11210428299194401,130.38035714285712,0.03441313525987555,0.13211841381616557,0.0
2025_09_SEA_WAS,2025,9,2025-11-02,SEA,WAS,38.0,14.0,52.0,47.5,-105.0,-115.0,-2.5,3.0,53.0,0.0,0.0,0.0,0.07095434034038486,0.3165191128946085,-0.2798732411769019,0.8927037874643707,0.12677238331570334,121.51875000000001,0.03782616180388587,0.12303296427947566,0.0
2025_09_ARI_DAL,2025,9,2025-11-03,ARI,DAL,27.0,17.0,44.0,53.5,-115.0,-105.0,3.5,0.0,,1.0,0.0,0.0,0.2045223501526766,0.4115867572729067,-0.14907686638404122,0.9422786133579564,0.11608095442114831,134.40535714285713,0.02795125332990803,0.09670019974429048,0.0
2025_10_LV_DEN,2025,10,2025-11-06,LV,DEN,7.0,10.0,17.0,42.5,-110.0,-110.0,9.5,10.0,60.0,0.0,1.0,1.0,-0.05705858846974293,0.07726189625311199,-0.267332119910042,0.8237541833760271,0.09178722643307582,124.23263888888889,0.03253749177584184,0.12764475977107903,0.0
2025_10_ATL_IND,2025,10,2025-11-09,ATL,IND,25.0,31.0,56.0,48.5,-108.0,-112.0,6.5,2.0,46.0,1.0,0.0,0.0,0.07905537635382835,0.1310645168625486,0.020502117275429263,0.9331383768878752,0.1034347851134235,124.31875000000001,0.03537502629913188,0.11329756894987825,0.0
2025_10_NO_CAR,2025,10,2025-11-09,NO,CAR,17.0,7.0,24.0,38.5,-115.0,-105.0,5.5,15.0,73.0,0.0,0.0,1.0,-0.026664932270783197,0.12964347495555942,-0.23486580423013606,0.8764466307230625,0.10217258229224085,125.62916666666665,0.04225692673093901,0.11823479154960295,0.0
2025_10_NYG_CHI,2025,10,2025-11-09,NYG,CHI,20.0,24.0,44.0,45.5,-108.0,-112.0,4.5,10.0,33.0,0.0,0.0,0.0,0.2095361354307722,0.3262025332841634,0.034314480310427234,0.9338675079372524,0.13426125165260983,132.23958333333331,0.0356729727620287,0.1274624964808789,0.7
2025_10_JAX_HOU,2025,10,2025-11-09,JAX,HOU,29.0,36.0,65.0,37.5,-108.0,-112.0,-1.5,0.0,,1.0,0.0,1.0,-0.03471348863626579,0.072194000382462,-0.221401613145767,0.8605696474655281,0.10725576441315661,139.81875,0.03854241943364202,0.09742352724939368,0.0
2025_10_BUF_MIA,2025,10,2025-11-09,BUF,MIA,13.0,30.0,43.0,50.5,-105.0,-115.0,-8.5,6.0,84.0,0.0,0.0,1.0,0.06958769125823148,0.19021421382723167,-0.07969685219352482,0.8909335205099774,0.12653782608547112,124.31736111111111,0.03793059302358093,0.13957003154933081,0.0
2025_10_BAL_MIN,2025,10,2025-11-09,BAL,MIN,27.0,19.0,46.0,48.5,-115.0,-105.0,-4.5,0.0,,1.0,0.0,0.0,0.002025032436384735,0.15907256891346866,-0.2491487074362404,0.8867055877856829,0.11899554024132739,117.13125,0.04032217719358007,0.15788243499925914,0.0
2025_10_CLE_NYJ,2025,10,2025-11-09,CLE,NYJ,20.0,27.0,47.0,37.5,-105.0,-115.0,-1.5,12.0,62.0,0.0,0.0,0.0,-0.07768770928864868,-0.008501934113326164,-0.14626252267565,0.8042654624817509,0.10691508870944826,131.43124999999998,0.027366880554248324,0.14605011299186887,0.0
2025_10_NE_TB,2025,10,2025-11-09,NE,TB,28.0,23.0,51.0,48.5,-115.0,-105.0,2.5,11.0,82.0,0.0,0.0,0.0,0.007959192317764596,0.23251425691326028,-0.28552962680307714,0.8800636028692355,0.12964816502181248,125.48541666666667,0.03817588062802142,0.14389142585050438,0.0
2025_10_ARI_SEA,2025,10,2025-11-09,ARI,SEA,22.0,44.0,66.0,44.5,-118.0,-102.0,7.0,5.0,59.0,0.0,0.0,1.0,0.07154047911652377,0.3184937157236206,-0.31464752582993644,0.9047840684679265,0.11926671761283392,126.8,0.03576165192058948,0.11842129935094223,0.0
2025_10_LA_SF,2025,10,2025-11-09,LA,SF,42.0,26.0,68.0,49.5,-110.0,-110.0,-5.5,3.0,77.0,0.0,0.0,1.0,0.06290906961965739,0.2532056471522971,-0.23817258954238577,0.9391156970734241,0.1060317018647018,129.36458333333334,0.0347930513947053,0.10198633720925196,0.0
2025_10_DET_WAS,2025,10,2025-11-09,DET,WAS,44.0,22.0,66.0,49.5,-108.0,-112.0,-8.5,9.0,64.0,0.0,0.0,0.0,0.1054683138670355,0.2861807124861665,-0.10314943076396077,0.9150544823306584,0.1183737274048263,123.53611111111111,0.03621043802577147,0.14388975894150297,0.0
2025_10_PIT_LAC,2025,10,2025-11-09,PIT,LAC,10.0,25.0,35.0,45.5,-105.0,-115.0,3.0,0.0,,1.0,0.0,0.0,0.09998920011302395,0.21589416486129182,-0.04277059820656276,0.9003832734237034,0.11041610121516329,125.8486111111111,0.03523668409807135,0.13137487856192398,0.0
2025_10_PHI_GB,2025,10,2025-11-10,PHI,GB,10.0,7.0,17.0,45.5,-112.0,-108.0,1.5,9.0,33.0,0.0,0.0,0.0,0.1768581286023273,0.3607025241255592,-0.11676196985936094,0.9333332241971313,0.10991789880971861,119.09375,0.019413123025082444,0.1252014808342672,0.7
2025_11_NYJ_NE,2025,11,2025-11-13,NYJ,NE,14.0,27.0,41.0,43.5,-105.0,-115.0,12.5,9.0,39.0,0.0,1.0,1.0,0.01450520004713736,0.11709539587639112,-0.13713755917067447,0.8484500364117268,0.11546056190215512,123.06083333333333,0.027758568231363454,0.16527758110411098,0.1
2025_11_WAS_MIA,2025,11,2025-11-16,WAS,MIA,13.0,16.0,29.0,47.5,-110.0,-110.0,2.5,0.0,,0.0,0.0,0.0,0.13023903989535693,0.3506343740136895,-0.13106651484752418,0.90466989056792,0.12441352270666271,118.85,0.0376821826108627,0.11310054375525856,0.0
2025_11_CAR_ATL,2025,11,2025-11-16,CAR,ATL,30.0,27.0,57.0,42.5,-110.0,-110.0,4.5,0.0,,1.0,0.0,1.0,-0.008510767671558162,0.05314195660996364,-0.11043205419202676,0.8872935045310524,0.09505248968483886,124.40694444444445,0.03610476764401275,0.13219350591419166,0.0
2025_11_TB_BUF,2025,11,2025-11-16,TB,BUF,32.0,44.0,76.0,46.5,-108.0,-112.0,6.0,20.0,38.0,0.0,0.0,0.0,0.05138933144240665,0.1615524025026296,-0.07001305926042609,0.8824356023824212,0.13585097570233678,128.61111111111111,0.03768156182078433,0.14168540595423584,0.2
2025_11_LAC_JAX,2025,11,2025-11-16,LAC,JAX,6.0,35.0,41.0,43.5,-110.0,-110.0,-3.0,9.0,74.0,0.0,0.0,0.0,0.004348641743994415,0.09219784978117976,-0.13254891879372016,0.8855478037767077,0.10520304385898269,139.00138888888887,0.03292644083190407,0.1376916689867793,0.0
2025_11_CHI_MIN,2025,11,2025-11-16,CHI,MIN,19.0,17.0,36.0,47.5,-118.0,-102.0,3.0,0.0,,1.0,0.0,1.0,0.03575188707381171,0.15059132043471404,-0.17695217736825786,0.8912986653351643,0.13087112052947963,127.48333333333335,0.041609458492554346,0.13873670074290878,0.0
2025_11_GB_NYG,2025,11,2025-11-16,GB,NYG,27.0,20.0,47.0,41.5,-110.0,-110.0,-7.5,17.0,55.0,0.0,0.0,0.0,0.17291771259508612,0.32679514335303017,-0.025467644314147324,0.9118163824441419,0.11006624574221788,129.28944444444443,0.022003652404840958,0.1164770180115231,0.0
2025_11_CIN_PIT,2025,11,2025-11-16,CIN,PIT,12.0,34.0,46.0,48.5,-110.0,-110.0,5.5,17.0,46.0,0.0,0.0,1.0,0.18975140742027496,0.25103819321074305,0.11595342248049098,0.9557633532893983,0.11653213197802458,119.57916666666665,0.03730621818826391,0.10419482550410843,0.0
2025_11_HOU_TEN,2025,11,2025-11-16,HOU,TEN,16.0,13.0,29.0,37.5,-102.0,-118.0,-5.5,8.0,64.0,0.0,0.0,1.0,-0.1054732326945149,-0.00399820022357561,-0.25566069432101995,0.8314867858930214,0.10974936004408889,129.62083333333334,0.03864604537783409,0.1537048403034538,0.0
2025_11_SF_ARI,2025,11,2025-11-16,SF,ARI,41.0,22.0,63.0,48.5,-108.0,-112.0,-3.5,0.0,,1.0,0.0,1.0,0.1162925190541878,0.32068558506292755,-0.17101414517621016,0.9558599320607806,0.09414645273725047,133.5102777777778,0.03489257698258663,0.10623323443502784,0.0
2025_11_SEA_LA,2025,11,2025-11-16,SEA,LA,19.0,21.0,40.0,49.5,-115.0,-105.0,3.0,0.0,,1.0,0.0,1.0,0.0276555456521276,0.2782517507327348,-0.32576323714867644,0.9258702249019265,0.12137103573643147,122.72222222222223,0.04141610634526356,0.11240396614619907,0.0
2025_11_BAL_CLE,2025,11,2025-11-16,BAL,CLE,23.0,16.0,39.0,37.5,-115.0,-105.0,-7.5,20.0,44.0,0.0,0.0,1.0,-0.0867380749890597,0.008820210318787658,-0.18329891851600755,0.8144552158765335,0.1215293838808652,128.0125,0.03608987576961213,0.14053702133368004,0.0
2025_11_KC_DEN,2025,11,2025-11-16,KC,DEN,19.0,22.0,41.0,44.5,-110.0,-110.0,-3.5,6.0,70.0,0.0,0.0,1.0,0.016687853244088145,0.10705890599828335,-0.12008348220874906,0.8561181591308904,0.10413729340786795,131.60361111111112,0.027548922419493554,0.12468860386234319,0.0
2025_11_DET_PHI,2025,11,2025-11-16,DET,PHI,9.0,16.0,25.0,46.5,-112.0,-108.0,2.5,15.0,45.0,0.0,0.0,0.0,0.12565583872299504,0.3217647341904315,-0.12053751695105606,0.8937393454766909,0.11755946083014518,120.79444444444445,0.026262102697562413,0.14427971067805395,0.0
2025_11_DAL_LV,2025,11,2025-11-17,DAL,LV,33.0,16.0,49.0,48.5,-105.0,-115.0,-3.5,0.0,,1.0,0.0,0.0,0.04061016905298181,0.20102078059052672,-0.21058641022654354,0.9044868673555222,0.09935229081667935,124.05555555555554,0.03747003215062021,0.11289097541040596,0.0
2025_12_BUF_HOU,2025,12,2025-11-20,BUF,HOU,19.0,23.0,42.0,43.5,-115.0,-105.0,-5.5,0.0,,1.0,1.0,0.0,0.03349744539327662,0.14409449673150823,-0.16733292326252025,0.8586635866536735,0.12602906887867427,134.4225,0.0397293032844694,0.12782654890481632,0.0
2025_12_NYJ_BAL,2025,12,2025-11-23,NYJ,BAL,10.0,23.0,33.0,44.5,-118.0,-102.0,14.0,3.0,54.0,0.0,0.0,0.0,0.006681002308368364,0.06914843158316299,-0.08056561351627764,0.8689215914867185,0.12127458487757763,119.3275,0.02773143372842398,0.1395287454765135,0.0
2025_12_PIT_CHI,2025,12,2025-11-23,PIT,CHI,28.0,31.0,59.0,46.5,-112.0,-108.0,3.0,3.0,51.0,0.0,0.0,0.0,0.058330634233391764,0.13043870709900107,-0.03214906729889809,0.9016514721605893,0.119552578087035,126.71000000000001,0.03917026761745281,0.10426006050375974,0.0
2025_12_NE_CIN,2025,12,2025-11-23,NE,CIN,26.0,20.0,46.0,50.5,-118.0,-102.0,-7.5,7.0,54.0,0.0,0.0,0.0,0.1764597291884727,0.282319020992393,0.020479015775856077,0.9348729718231299,0.13322603130789507,125.64727272727272,0.03475943326479692,0.10874813086410695,0.0
2025_12_NYG_DET,2025,12,2025-11-23,NYG,DET,27.0,34.0,61.0,50.5,-120.0,100.0,14.0,0.0,,1.0,0.0,0.0,0.13504796214057296,0.2527629756807371,0.009129163476712408,0.8952629407359534,0.11670133844301522,129.32363636363635,0.02474639838284675,0.13913785776845428,0.0
2025_12_MIN_GB,2025,12,2025-11-23,MIN,GB,6.0,23.0,29.0,41.5,-108.0,-112.0,6.5,10.0,43.0,0.0,0.0,1.0,0.020482153250314397,0.15048064663755048,-0.17099635726111057,0.8797380919142208,0.09358613195668256,121.16749999999999,0.03297742610692531,0.12572885003364062,0.0
2025_12_IND_KC,2025,12,2025-11-23,IND,KC,20.0,23.0,43.0,50.5,-108.0,-112.0,3.5,0.0,,0.0,0.0,0.0,0.13524862086325712,0.18286317003766633,0.0808743426842913,0.9343629171767089,0.11517424045855085,131.9225,0.03366219200601887,0.12188736984999567,0.0
2025_12_SEA_TEN,2025,12,2025-11-23,SEA,TEN,30.0,24.0,54.0,41.5,-110.0,-110.0,-12.5,1.0,55.0,0.0,0.0,0.0,-0.05174495884975852,0.11158779569167118,-0.27202179752460753,0.8772863221046655,0.11747796004339024,121.35249999999999,0.0417068527575422,0.1412562849101548,0.0
2025_12_JAX_ARI,2025,12,2025-11-23,JAX,ARI,27.0,24.0,51.0,47.5,-105.0,-115.0,-2.5,0.0,,1.0,0.0,0.0,0.016881347582923915,0.1398565220135639,-0.15407226489556788,0.9184435572279588,0.09989372751061584,140.6925,0.037604226285891065,0.11301916943617357,0.0
2025_12_CLE_LV,2025,12,2025-11-23,CLE,LV,24.0,10.0,34.0,35.5,-118.0,-102.0,3.0,0.0,,1.0,0.0,0.0,-0.23348593067406798,-0.17931147385547164,-0.30406505384303406,0.7827119859850853,0.09410926476191964,122.01750000000001,0.040911818682961815,0.15587904579395145,0.0
2025_12_PHI_DAL,2025,12,2025-11-23,PHI,DAL,21.0,24.0,45.0,47.5,-120.0,100.0,-3.0,0.0,,1.0,0.0,1.0,0.10925343205258,0.27368476098574757,-0.12000481610278725,0.9155856320761702,0.11440879267740736,126.63,0.027186730836768157,0.1190532816371906,0.0
2025_12_ATL_NO,2025,12,2025-11-23,ATL,NO,24.0,10.0,34.0,41.5,-102.0,-118.0,1.5,0.0,,1.0,0.0,1.0,-0.05447128179395506,0.09484649686570201,-0.25901593175139737,0.8847894163961819,0.10290843196575725,123.36749999999999,0.039190226363817936,0.13054264980787805,0.0
2025_12_TB_LA,2025,12,2025-11-23,TB,LA,7.0,34.0,41.0,49.5,-120.0,100.0,7.0,0.0,,1.0,0.0,0.0,0.004863609019166132,0.12074762728603493,-0.15519803394732806,0.894997376286385,0.12258880135201576,129.41750000000002,0.04010877071173548,0.09863404310821282,0.0
2025_12_CAR_SF,2025,12,2025-11-24,CAR,SF,9.0,20.0,29.0,48.5,-115.0,-105.0,7.5,3.0,58.0,0.0,0.0,0.0,0.130343195785606,0.31962265152558955,-0.16353290111195037,0.9394170835546619,0.10527985274177577,126.85681818181818,0.03310996301937628,0.09243788733008193,0.0
2025_13_GB_DET,2025,13,2025-11-27,GB,DET,31.0,24.0,55.0,48.5,-110.0,-110.0,2.5,0.0,,1.0,1.0,1.0,0.07908112793712098,0.263189906706052,-0.12011862786965999,0.8868809160016531,0.10768014917542922,126.11136363636365,0.028338363779074803,0.12136684201969458,0.0
2025_13_KC_DAL,2025,13,2025-11-27,KC,DAL,28.0,31.0,59.0,53.5,-110.0,-110.0,-3.5,0.0,,1.0,1.0,0.0,0.15873025362899823,0.3025241783203989,-0.06870387808112602,0.9394858124487449,0.11594302283338856,138.0715909090909,0.030644289875866315,0.10029711518116698,0.0
2025_13_CIN_BAL,2025,13,2025-11-27,CIN,BAL,32.0,14.0,46.0,52.5,-105.0,-115.0,7.0,11.0,38.0,0.0,1.0,1.0,0.07152615162039304,0.149230706966911,-0.03464381612149985,0.9083197028796216,0.1266585610374731,121.25113636363636,0.036395586943408824,0.10434723854384897,0.2
2025_13_CHI_PHI,2025,13,2025-11-28,CHI,PHI,24.0,15.0,39.0,43.5,-105.0,-115.0,7.0,18.0,42.0,0.0,1.0,0.0,0.04089806664781295,0.14563499862733748,-0.1401004039877018,0.8887685843382546,0.12408987536346533,129.4193181818182,0.034346115909587166,0.10462878252277084,0.0
2025_13_LA_CAR,2025,13,2025-11-30,LA,CAR,28.0,31.0,59.0,44.5,-115.0,-105.0,-10.0,3.0,45.0,0.0,0.0,0.0,-0.011771879803058258,0.10926808790198893,-0.20316577912761713,0.9066673941889702,0.10543681145631682,124.65378787878788,0.04063133885909518,0.08883591936351712,0.0
2025_13_SF_CLE,2025,13,2025-11-30,SF,CLE,26.0,8.0,34.0,35.5,-108.0,-112.0,-5.5,20.0,35.0,0.0,0.0,0.0,-0.08173819883243946,-0.0013864475892907194,-0.20007613620556902,0.8463662483184606,0.09813709913717038,126.95795454545456,0.04123096110898081,0.12817253676612134,0.5
2025_13_HOU_IND,2025,13,2025-11-30,HOU,IND,20.0,16.0,36.0,44.5,-108.0,-112.0,3.0,0.0,,1.0,0.0,1.0,-0.024779543234018958,0.014597007930406969,-0.08689073641212237,0.8671774095158864,0.10592650122137588,131.49204545454546,0.03707666432369186,0.13233385294027225,0.0
2025_13_NO_MIA,2025,13,2025-11-30,NO,MIA,17.0,21.0,38.0,41.5,-115.0,-105.0,5.5,10.0,76.0,0.0,0.0,0.0,-0.04937287677597057,0.1606298434384261,-0.30296779576743044,0.878379582775269,0.10884730687984753,123.14431818181819,0.043297463772059314,0.12215159489310307,0.0
2025_13_ATL_NYJ,2025,13,2025-11-30,ATL,NYJ,24.0,27.0,51.0,38.5,-115.0,-105.0,-3.0,8.0,43.0,0.0,0.0,0.0,0.005200656959471264,0.08645122538560318,-0.13602883171791896,0.8769212610801352,0.10569579373867555,121.57613636363635,0.025404886142845196,0.1488179653667941,0.0
2025_13_ARI_TB,2025,13,2025-11-30,ARI,TB,17.0,20.0,37.0,44.5,-112.0,-108.0,4.5,8.0,80.0,0.0,0.0,0.0,-0.02264476447959088,0.10916652643620886,-0.19564071142739486,0.8866151869009287,0.11204351868750183,138.5988636363636,0.04114208095173754,0.12082907533886621,0.0
2025_13_JAX_TEN,2025,13,2025-11-30,JAX,TEN,25.0,3.0,28.0,42.5,-115.0,-105.0,-6.0,7.0,38.0,0.0,0.0,1.0,-0.03195081087787502,0.039068962433088106,-0.1572327686885991,0.874719048642711,0.10385802279275844,129.5818181818182,0.0344764425734156,0.1392713625749159,0.2
2025_13_MIN_SEA,2025,13,2025-11-30,MIN,SEA,0.0,26.0,26.0,42.5,-110.0,-110.0,12.5,2.0,45.0,0.0,0.0,0.0,-0.06553174925152513,0.06044798983604843,-0.2251907350327203,0.8852440384107811,0.10334936449769719,117.21477272727272,0.04216321266099558,0.13254414550462118,0.0
2025_13_LV_LAC,2025,13,2025-11-30,LV,LAC,14.0,31.0,45.0,40.5,-112.0,-108.0,10.0,0.0,,1.0,0.0,1.0,-0.16750694543329775,-0.07313938235639737,-0.29542330638117237,0.8467571601265652,0.08839064699449219,127.99318181818182,0.03800678029179888,0.1537416468305187,0.0
2025_13_BUF_PIT,2025,13,2025-11-30,BUF,PIT,26.0,7.0,33.0,44.5,-108.0,-112.0,-3.0,16.0,34.0,0.0,0.0,0.0,0.06601451821027998,0.1054160762862413,0.03480698408774207,0.8926501394866262,0.11950928181795979,124.02159090909092,0.04450025595131529,0.12269716053194117,0.6
2025_13_DEN_WAS,2025,13,2025-11-30,DEN,WAS,27.0,26.0,53.0,43.5,-108.0,-112.0,-6.5,13.0,40.0,0.0,0.0,0.0,0.07630088956595826,0.23708184984315242,-0.12031172618691685,0.8903887348055595,0.10894840602136502,124.42954545454545,0.0272514950969584,0.12783942682998933,0.0
2025_13_NYG_NE,2025,13,2025-12-01,NYG,NE,15.0,33.0,48.0,46.5,-115.0,-105.0,7.0,5.0,30.0,0.0,0.0,0.0,0.15964186740651712,0.29183757502089636,-0.0010305656923486756,0.9165466591002305,0.1273666806613203,132.92083333333335,0.02696481026759638,0.1190921111905317,1.0
2025_14_DAL_DET,2025,14,2025-12-04,DAL,DET,30.0,44.0,74.0,55.5,-110.0,-110.0,3.5,0.0,,1.0,0.0,0.0,0.16890192159984693,0.37487599586320497,-0.09838845192012752,0.9177064254751695,0.12725074597791727,130.74166666666667,0.026183293096071654,0.10165109388845502,0.0
2025_14_SEA_ATL,2025,14,2025-12-07,SEA,ATL,37.0,9.0,46.0,44.5,-112.0,-108.0,-7.0,0.0,,1.0,0.0,0.0,-0.05546689872822799,0.04121345605926404,-0.18948701503764392,0.8914815527228034,0.1090215390802583,124.65833333333333,0.040812255097555004,0.13092371889833315,0.0
2025_14_PIT_BAL,2025,14,2025-12-07,PIT,BAL,27.0,22.0,49.0,43.5,-115.0,-105.0,5.5,6.0,44.0,0.0,0.0,1.0,-0.0714211473548654,-0.017628734561110256,-0.10902918705514364,0.8523780278852631,0.09828824774421618,116.9875,0.04575165608132885,0.11353400749297615,0.0
2025_14_CIN_BUF,2025,14,2025-12-07,CIN,BUF,34.0,39.0,73.0,54.5,-112.0,-108.0,6.0,12.0,31.0,0.0,0.0,0.0,0.08075543746316659,0.12952680002139733,0.01894666190187138,0.8995422471293129,0.12795999954900325,130.91666666666669,0.04867930235759736,0.0990169074447752,0.9
2025_14_TEN_CLE,2025,14,2025-12-07,TEN,CLE,31.0,29.0,60.0,33.5,-115.0,-105.0,4.5,6.0,33.0,0.0,0.0,0.0,-0.19775764843634006,-0.14758824815924093,-0.2796365033310283,0.7632789022354476,0.09576166889004359,124.02083333333333,0.030355202421746403,0.177363685065826,0.7
2025_14_IND_JAX,2025,14,2025-12-07,IND,JAX,19.0,36.0,55.0,44.5,-115.0,-105.0,-2.5,7.0,61.0,0.0,0.0,1.0,-0.026041441746398913,0.03716513067560345,-0.07394296435082126,0.8920040005214691,0.09925755615888507,129.08333333333331,0.03889523429346649,0.11840399755018538,0.0
2025_14_WAS_MIN,2025,14,2025-12-07,WAS,MIN,0.0,31.0,31.0,43.5,-118.0,-102.0,-1.5,0.0,,1.0,0.0,0.0,-0.00444006922015823,0.11048401210230216,-0.11791458161764248,0.9046924676227063,0.09874585207095884,121.65416666666667,0.03754895819830149,0.14053246341945536,0.0
2025_14_MIA_NYJ,2025,14,2025-12-07,MIA,NYJ,34.0,10.0,44.0,41.5,-108.0,-112.0,-2.5,6.0,41.0,0.0,0.0,1.0,0.017253524267931395,0.15868462060946864,-0.18457285766809406,0.8650805938328785,0.10909935423301957,116.96666666666667,0.030728623332103855,0.13841930188426282,0.0
2025_14_NO_TB,2025,14,2025-12-07,NO,TB,24.0,20.0,44.0,41.5,-115.0,-105.0,7.5,6.0,73.0,0.0,0.0,1.0,-0.06551233605182165,0.053396688171563546,-0.23283416310008448,0.8806610936496018,0.10960393015471201,131.05416666666667,0.038724039384995995,0.12146619552643441,0.0
2025_14_DEN_LV,2025,14,2025-12-07,DEN,LV,24.0,17.0,41.0,40.5,-105.0,-115.0,-8.5,0.0,,1.0,0.0,1.0,-0.16165303941636813,-0.0568516421068795,-0.3302751718341641,0.8015563458709942,0.08862793409446149,125.15,0.03457218797733075,0.14741312967442166,0.0
2025_14_LA_ARI,2025,14,2025-12-07,LA,ARI,45.0,17.0,62.0,49.5,-110.0,-110.0,-9.5,0.0,,1.0,0.0,1.0,-0.0034666035693444036,0.13898691537948302,-0.21690901215995467,0.9408689121929152,0.1112562870649978,130.825,0.0434596526606085,0.10812081379408028,0.0
2025_14_CHI_GB,2025,14,2025-12-07,CHI,GB,21.0,28.0,49.0,44.5,-105.0,-115.0,6.5,9.0,16.0,0.0,0.0,1.0,0.07505532103720368,0.2211398323567123,-0.11870208517842173,0.902762567587535,0.1103893514871729,131.74583333333334,0.03481632357213077,0.09876906378162448,2.4
2025_14_HOU_KC,2025,14,2025-12-07,HOU,KC,20.0,10.0,30.0,41.5,-110.0,-110.0,4.5,8.0,27.0,0.0,0.0,0.0,0.014493323812691087,0.14464634091535067,-0.2196868525516008,0.8632697905985112,0.1117317628718683,138.79583333333332,0.02828500065190477,0.11569550732817754,1.3
2025_14_PHI_LAC,2025,14,2025-12-08,PHI,LAC,19.0,22.0,41.0,41.5,-115.0,-105.0,-1.5,0.0,,1.0,0.0,0.0,-0.0985990654301548,0.017502039399662467,-0.25902347868735626,0.8502486322063828,0.10128410672740623,125.09583333333333,0.03179123940844986,0.13879987618051143,0.0
2025_15_ATL_TB,2025,15,2025-12-11,ATL,TB,29.0,28.0,57.0,43.5,-110.0,-110.0,6.0,5.0,56.0,0.0,1.0,1.0,-0.023454291045268846,0.07603570932392498,-0.18755200252131066,0.8961631171739404,0.11501087525399324,129.9375,0.03285995930776796,0.11559565813816894,0.0
2025_15_CLE_CHI,2025,15,2025-12-14,CLE,CHI,3.0,31.0,34.0,38.5,-105.0,-115.0,7.5,6.0,8.0,0.0,0.0,0.0,-0.11716155630938413,-0.11659855123798032,-0.15686428788379414,0.8242947748415401,0.10903393484124056,133.7,0.04206638795726317,0.11883095823756527,3.2
2025_15_BAL_CIN,2025,15,2025-12-14,BAL,CIN,24.0,0.0,24.0,51.5,-110.0,-110.0,-2.5,7.0,10.0,0.0,0.0,1.0,0.016420381168217146,0.09823507059686018,-0.09199132691296716,0.8836636629491403,0.1174996095273216,126.0,0.04483271728319322,0.1038739785830024,3.0
2025_15_ARI_HOU,2025,15,2025-12-14,ARI,HOU,20.0,40.0,60.0,42.5,-108.0,-112.0,10.5,0.0,,1.0,0.0,0.0,-0.06951951378189229,0.054756610185287255,-0.28519733155963495,0.8648110135017832,0.10795215162959802,138.1125,0.03618885789117292,0.11884387308724016,0.0
2025_15_NYJ_JAX,2025,15,2025-12-14,NYJ,JAX,20.0,48.0,68.0,40.5,-105.0,-115.0,13.5,11.0,70.0,0.0,0.0,0.0,-0.06951542066787536,0.023299476624554866,-0.18577975160391308,0.8507769311705198,0.09307101111283796,126.33749999999999,0.03297857680612177,0.11983849338632319,0.0
2025_15_LAC_KC,2025,15,2025-12-14,LAC,KC,16.0,13.0,29.0,41.5,-112.0,-108.0,5.5,0.0,,0.0,0.0,1.0,-0.04783899647359127,0.05184980580551431,-0.19230334353602493,0.8555433746178175,0.09598413015108606,136.075,0.03356932434107527,0.1352949109714966,0.0
2025_15_BUF_NE,2025,15,2025-12-14,BUF,NE,35.0,31.0,66.0,49.5,-115.0,-105.0,-2.5,6.0,32.0,0.0,0.0,1.0,0.08712644899853769,0.22785464944072661,-0.12739209960389433,0.9082290745321274,0.12568335489853527,128.0375,0.03762417410212108,0.1144129646820986,0.8
2025_15_WAS_NYG,2025,15,2025-12-14,WAS,NYG,29.0,21.0,50.0,46.5,-105.0,-115.0,2.5,13.0,27.0,0.0,0.0,1.0,0.204413027965673,0.3436921281413142,0.07725826136534117,0.9331606091785453,0.12117087606782426,132.225,0.024005698559412095,0.12241406337033567,1.3
2025_15_LV_PHI,2025,15,2025-12-14,LV,PHI,0.0,31.0,31.0,37.5,-102.0,-118.0,12.5,20.0,30.0,0.0,0.0,0.0,-0.13282266332778303,-0.0044891510503935195,-0.3415346219112106,0.838186614735767,0.09557321574423391,120.4625,0.03703250882481285,0.1358543362689567,1.0
2025_15_GB_DEN,2025,15,2025-12-14,GB,DEN,26.0,34.0,60.0,42.5,-105.0,-115.0,-1.5,3.0,65.0,0.0,0.0,0.0,0.06438893982521757,0.18791318879880897,-0.09927772668494486,0.8749007467272724,0.09275664964164665,126.275,0.023687375191973038,0.12546012962243594,0.0
2025_15_DET_LA,2025,15,2025-12-14,DET,LA,34.0,41.0,75.0,54.5,-115.0,-105.0,5.5,0.0,,1.0,0.0,0.0,0.05817694068551015,0.18476526859365291,-0.07276621170398995,0.9057602743225095,0.13431826072102518,122.425,0.03296931590563194,0.10373518253290422,0.0
2025_15_CAR_NO,2025,15,2025-12-14,CAR,NO,17.0,20.0,37.0,41.5,-112.0,-108.0,-2.5,0.0,,1.0,0.0,1.0,-0.06170924532960328,0.06018733331968601,-0.1877519452852471,0.8675214281774544,0.09645496658228987,128.6,0.04147948391122146,0.12340082524438531,0.0
2025_15_IND_SEA,2025,15,2025-12-14,IND,SEA,16.0,18.0,34.0,41.5,-112.0,-108.0,13.5,9.0,51.0,0.0,0.0,0.0,-0.024622537368615877,0.10394520940586731,-0.19637055743834692,0.8765058050827784,0.11598787605159618,124.73750000000001,0.04483023766878293,0.10635277216302694,0.0
2025_15_TEN_SF,2025,15,2025-12-14,TEN,SF,24.0,37.0,61.0,44.5,-108.0,-112.0,12.5,4.0,54.0,0.0,0.0,0.0,-0.0010387631875260483,0.11933868600821794,-0.2066722627458569,0.8817492313627803,0.08939435453556999,126.6,0.03350078255765224,0.1048071926430752,0.0
2025_15_MIN_DAL,2025,15,2025-12-14,MIN,DAL,34.0,26.0,60.0,47.5,-118.0,-102.0,5.5,0.0,,1.0,0.0,0.0,-0.014669990688396826,0.04886747412059127,-0.11128605571847186,0.8922569860256107,0.09866371980528717,125.475,0.04223769494292462,0.13248098217019674,0.0
2025_15_MIA_PIT,2025,15,2025-12-15,MIA,PIT,15.0,28.0,43.0,42.5,-115.0,-105.0,3.0,7.0,17.0,0.0,0.0,0.0,0.018479760832760275,0.08838199705977437,-0.05887228137157103,0.8862868957190339,0.10658266662115562,114.44999999999999,0.04286348457371088,0.11192415328873392,2.3
2025_16_LA_SEA,2025,16,2025-12-18,LA,SEA,37.0,38.0,75.0,42.5,-115.0,-105.0,1.5,17.0,51.0,0.0,1.0,1.0,-0.0032398133289392762,0.12889707073111067,-0.18835969036522426,0.8956253796390716,0.12197994947537241,121.72857142857143,0.041397625144585865,0.10568727591630353,0.0
2025_16_PHI_WAS,2025,16,2025-12-20,PHI,WAS,29.0,18.0,47.0,43.5,-110.0,-110.0,-7.0,7.0,42.0,0.0,0.0,1.0,0.02532918502364892,0.18627671113190852,-0.13270817098135523,0.8884501105962899,0.10109703876999569,125.54285714285714,0.03494694867384347,0.12169693611814218,0.0
2025_16_GB_CHI,2025,16,2025-12-20,GB,CHI,16.0,22.0,38.0,45.5,-105.0,-115.0,1.5,6.0,37.0,0.0,0.0,1.0,0.08602066843168601,0.22923402330216455,-0.11175210981181397,0.9118737417831955,0.11686926113560162,130.48392857142858,0.03728344108665794,0.10149712592605566,0.3
2025_16_TB_CAR,2025,16,2025-12-21,TB,CAR,20.0,23.0,43.0,44.5,-112.0,-108.0,-3.0,8.0,61.0,0.0,0.0,1.0,0.03808701692533841,0.17729530587752207,-0.151219557874232,0.8941661799008271,0.11454280700186756,129.24285714285713,0.03537403963497006,0.10842510009969382,0.0
2025_16_BUF_CLE,2025,16,2025-12-21,BUF,CLE,23.0,20.0,43.0,41.5,-102.0,-118.0,-10.5,16.0,25.0,0.0,0.0,0.0,-0.07769052536940615,-0.03383195406075058,-0.15294855941987975,0.8164351008826127,0.1094187130448503,128.6875,0.041654551682400565,0.14271229787372525,1.5
2025_16_LAC_DAL,2025,16,2025-12-21,LAC,DAL,34.0,17.0,51.0,50.5,-118.0,-102.0,1.5,0.0,,1.0,0.0,0.0,0.05085169848100438,0.18086580199366026,-0.13389417902957407,0.8928236649018487,0.11081203429968373,135.66964285714286,0.03572500236545314,0.12729203702916655,0.0
2025_16_CIN_MIA,2025,16,2025-12-21,CIN,MIA,45.0,21.0,66.0,48.5,-108.0,-112.0,-3.5,7.0,81.0,0.0,0.0,0.0,0.0358966550855362,0.11521206682998114,-0.0724539992708015,0.9189452143698186,0.12363011163988316,123.19821428571429,0.043222185852010236,0.13477568964855086,0.0
2025_16_NYJ_NO,2025,16,2025-12-21,NYJ,NO,6.0,29.0,35.0,39.5,-115.0,-105.0,6.5,0.0,,1.0,0.0,0.0,-0.051976192452107634,0.07491307558272786,-0.23728304193740865,0.8634824661638539,0.09106895762074155,128.43571428571428,0.03323848192950157,0.14117900759720775,0.0
2025_16_MIN_NYG,2025,16,2025-12-21,MIN,NYG,16.0,13.0,29.0,41.5,-105.0,-115.0,-2.5,20.0,46.0,0.0,0.0,0.0,0.009217216269384498,0.059015947933853605,-0.010099177717303585,0.8834447765095081,0.10521481379715876,123.96607142857144,0.03798240351976373,0.14795592520687723,0.0
2025_16_KC_TEN,2025,16,2025-12-21,KC,TEN,9.0,26.0,35.0,37.5,-110.0,-110.0,-3.5,8.0,51.0,0.0,0.0,0.0,0.023365596482424214,0.13349909048140932,-0.16476971250388467,0.8598282930683656,0.1075380898631419,130.4089285714286,0.028080373395752957,0.12321694320055082,0.0
2025_16_ATL_ARI,2025,16,2025-12-21,ATL,ARI,26.0,19.0,45.0,48.5,-115.0,-105.0,-2.5,0.0,,1.0,0.0,0.0,0.028611628513145908,0.14198161727766068,-0.16213654570783417,0.9284265172481199,0.11152441191744883,132.23214285714286,0.03345671052656615,0.12169008734613383,0.0
2025_16_JAX_DEN,2025,16,2025-12-21,JAX,DEN,34.0,20.0,54.0,46.5,-112.0,-108.0,3.5,3.0,62.0,0.0,0.0,0.0,-0.016229134121927898,0.11487162796917713,-0.2296506467974892,0.8485183191502526,0.10052018949522631,130.9714285714286,0.035013810448614166,0.10891063291781067,0.0
2025_16_PIT_DET,2025,16,2025-12-21,PIT,DET,29.0,24.0,53.0,52.5,-105.0,-115.0,7.5,0.0,,1.0,0.0,0.0,0.12333461950738422,0.2643561673257206,-0.03480091826495864,0.8949202413693524,0.13032125055199947,120.61785714285713,0.03202780216607226,0.10691233882354603,0.0
2025_16_LV_HOU,2025,16,2025-12-21,LV,HOU,21.0,23.0,44.0,39.5,-110.0,-110.0,14.5,0.0,,1.0,0.0,0.0,-0.1359328343160547,0.03787515463934554,-0.32731739821633754,0.8211738727626055,0.09033441060747287,124.33214285714286,0.03488595993375553,0.1437145146920535,0.0
2025_16_NE_BAL,2025,16,2025-12-21,NE,BAL,28.0,24.0,52.0,48.5,-108.0,-112.0,3.5,2.0,40.0,0.0,0.0,0.0,0.042986345307783946,0.15007980374256788,-0.10710269739235846,0.8834434818427072,0.12577832083240992,120.66964285714286,0.034859355392162276,0.12710150129905456,0.0
2025_16_SF_IND,2025,16,2025-12-22,SF,IND,48.0,27.0,75.0,46.5,-102.0,-118.0,-4.5,0.0,,1.0,0.0,0.0,0.06971373034262238,0.22625777668880964,-0.15281507295292002,0.91565128156185,0.09860924240653006,126.70892857142857,0.034633580267715146,0.07524847646339675,0.0
2025_17_DAL_WAS,2025,17,2025-12-25,DAL,WAS,30.0,23.0,53.0,50.5,-112.0,-108.0,-8.5,7.0,50.0,0.0,1.0,1.0,0.23186512181151575,0.39939156217119665,0.0020830747939948506,0.944930800594304,0.11858673022530174,130.92000000000002,0.02917086184422384,0.0966151894008652,0.0
2025_17_DET_MIN,2025,17,2025-12-25,DET,MIN,10.0,23.0,33.0,45.5,-105.0,-115.0,-7.0,0.0,,1.0,1.0,1.0,0.0013862426918208326,0.0636663065148774,-0.08133746606002086,0.8668085768827245,0.11816282904856491,120.95583333333335,0.03718188295472396,0.14877924017685318,0.0
2025_17_DEN_KC,2025,17,2025-12-25,DEN,KC,20.0,13.0,33.0,37.5,-120.0,100.0,-13.5,0.0,,0.0,1.0,1.0,0.03913427559562995,0.1705574584294791,-0.1774811763375896,0.858893764899987,0.10614872295040792,130.72916666666666,0.02582176559556343,0.1256243183509249,0.0
2025_17_HOU_LAC,2025,17,2025-12-27,HOU,LAC,20.0,16.0,36.0,40.5,-115.0,-105.0,1.5,0.0,,1.0,0.0,0.0,-0.086454316424444,0.06899987611590971,-0.2881183976301257,0.8368646115379319,0.0997486724754757,134.35,0.03568186033684216,0.13918369645906759,0.0
2025_17_BAL_GB,2025,17,2025-12-27,BAL,GB,41.0,24.0,65.0,38.5,-105.0,-115.0,2.5,10.0,36.0,0.0,0.0,0.0,0.1139884789555915,0.28045309508024296,-0.09938408901269652,0.9059532982188203,0.13616917631713346,119.82333333333332,0.035714507893651645,0.10927370359988324,0.4
2025_17_SEA_CAR,2025,17,2025-12-28,SEA,CAR,27.0,10.0,37.0,42.5,-110.0,-110.0,-6.5,2.0,43.0,0.0,0.0,0.0,-0.006492871276438293,0.13218190171215036,-0.16645706762230117,0.869491605804612,0.1127068919508041,121.29083333333332,0.04551098220744774,0.10854671378851063,0.0
2025_17_ARI_CIN,2025,17,2025-12-28,ARI,CIN,14.0,37.0,51.0,52.5,-115.0,-105.0,7.0,9.0,65.0,0.0,0.0,0.0,0.10076941886565652,0.23254945471546334,-0.09798426491567187,0.9257166542330304,0.12970557704354338,131.52083333333334,0.04176282206957236,0.10810096801380836,0.0
2025_17_PIT_CLE,2025,17,2025-12-28,PIT,CLE,6.0,13.0,19.0,35.5,-108.0,-112.0,-4.5,14.0,45.0,0.0,0.0,1.0,-0.08601128259033838,-0.07869784212279246,-0.11922701192317964,0.8188814530674963,0.10098659019891423,123.08416666666666,0.03589691516900764,0.1301514259704472,0.0
2025_17_JAX_IND,2025,17,2025-12-28,JAX,IND,23.0,17.0,40.0,48.5,-112.0,-108.0,-3.5,0.0,,1.0,0.0,1.0,0.027643548325376962,0.19795028448550728,-0.2175073666523136,0.8810963414996229,0.11092843436955066,126.98750000000001,0.03824668691447712,0.09018485720070137,0.0
2025_17_TB_MIA,2025,17,2025-12-28,TB,MIA,17.0,20.0,37.0,44.5,-102.0,-118.0,-5.5,3.0,80.0,0.0,0.0,0.0,0.03987690523435378,0.1518782886522415,-0.12326952520346346,0.8944622919282804,0.12348098550733932,123.30333333333334,0.03557912858015225,0.12753619581733794,0.0
2025_17_NE_NYJ,2025,17,2025-12-28,NE,NYJ,42.0,10.0,52.0,42.5,-108.0,-112.0,-12.5,4.0,29.0,0.0,0.0,1.0,0.05470647943867735,0.16557850651440054,-0.13222672292779028,0.8989803020287155,0.11496484423183626,126.13916666666665,0.030670103833041668,0.13755832937878276,1.1
2025_17_NO_TEN,2025,17,2025-12-28,NO,TEN,34.0,26.0,60.0,39.5,-102.0,-118.0,-1.5,14.0,71.0,0.0,0.0,0.0,-0.10160582090324852,0.009709122265802755,-0.23971558306191876,0.8337888124736975,0.09478077161966988,128.355,0.03181493220147266,0.14632975320975913,0.0
2025_17_NYG_LV,2025,17,2025-12-28,NYG,LV,34.0,10.0,44.0,40.5,-108.0,-112.0,-3.0,0.0,,1.0,0.0,0.0,-0.004512012411708399,0.16289336776306376,-0.1806029828576264,0.8726853698996635,0.09889336017078575,120.715,0.02995387893962849,0.15353331283387772,0.0
2025_17_PHI_BUF,2025,17,2025-12-28,PHI,BUF,13.0,12.0,25.0,45.5,-105.0,-115.0,3.0,6.0,38.0,0.0,0.0,0.0,0.05120535394119012,0.11680286465250697,-0.024627747556245073,0.8944853796964166,0.10660082879213334,125.96083333333334,0.03819213743456477,0.12667339370912084,0.2
2025_17_CHI_SF,2025,17,2025-12-28,CHI,SF,38.0,42.0,80.0,51.5,-108.0,-112.0,3.5,5.0,53.0,0.0,0.0,0.0,0.08110279070981857,0.20217507979029897,-0.0900832408651489,0.9265381761567819,0.11209703695780251,135.57666666666665,0.039053168817135116,0.08177560153344834,0.0
2025_17_LA_ATL,2025,17,2025-12-29,LA,ATL,24.0,27.0,51.0,48.5,-115.0,-105.0,-7.5,0.0,,1.0,0.0,0.0,0.10308203099966837,0.21187220887177813,-0.05279586734189565,0.9308272456885651,0.13050040702605567,132.7625,0.03506176764962298,0.10751055748816074,0.0
2025_18_CAR_TB,2025,18,2026-01-03,CAR,TB,14.0,16.0,30.0,43.5,-102.0,-118.0,3.0,11.0,69.0,0.0,0.0,1.0,0.049141852629768834,0.16758805713892821,-0.1135332013953329,0.8814087472779948,0.11185438966345224,126.425,0.03541277324639362,0.11837636275772678,0.0
2025_18_SEA_SF,2025,18,2026-01-03,SEA,SF,13.0,3.0,16.0,47.5,-115.0,-105.0,-2.5,8.0,57.0,0.0,0.0,1.0,0.057572244382913966,0.20265299800916267,-0.15295892693400057,0.9134049915061737,0.11390623479130421,128.56875,0.038839066137919376,0.08667441701274399,0.0
2025_18_NO_ATL,2025,18,2026-01-04,NO,ATL,17.0,19.0,36.0,43.5,-108.0,-112.0,4.5,0.0,,1.0,0.0,1.0,-0.03530966942344475,0.09839066067471311,-0.22105478925632072,0.8614491473708128,0.11177132652340158,128.83125,0.0375293752758655,0.13005977835158333,0.0
2025_18_CLE_CIN,2025,18,2026-01-04,CLE,CIN,20.0,18.0,38.0,47.5,-102.0,-118.0,9.5,0.0,37.0,0.0,0.0,1.0,-0.04760759577144054,-0.021618723915828635,-0.11697924833313719,0.8472322488862695,0.11924748449086092,128.371875,0.039981249086123466,0.13747923420303645,0.3
2025_18_IND_HOU,2025,18,2026-01-04,IND,HOU,30.0,38.0,68.0,37.5,-112.0,-108.0,9.5,0.0,,1.0,0.0,1.0,-0.029374120766321118,0.10100960989047401,-0.21303443234354486,0.8524389113361307,0.09959172408492029,128.321875,0.036892569759666316,0.10024826605228196,0.0
2025_18_TEN_JAX,2025,18,2026-01-04,TEN,JAX,7.0,41.0,48.0,46.5,-108.0,-112.0,12.5,8.0,55.0,0.0,0.0,1.0,-0.025375680428872227,0.09934782383025009,-0.22059243643372925,0.8495678682727497,0.12038901974375732,129.409375,0.03729832234026023,0.11498307049938178,0.0
2025_18_GB_MIN,2025,18,2026-01-04,GB,MIN,3.0,16.0,19.0,37.5,-102.0,-118.0,12.5,0.0,,1.0,0.0,1.0,0.008533275202524199,0.13091397993829493,-0.18507728745171742,0.8943222199947405,0.10378213760115007,117.309375,0.04037521022915114,0.1508249871670005,0.0
2025_18_DAL_NYG,2025,18,2026-01-04,DAL,NYG,17.0,34.0,51.0,50.5,-105.0,-115.0,-3.0,7.0,33.0,0.0,0.0,1.0,0.19280792669494923,0.30764023181274575,0.0323175794186147,0.9222972409648061,0.1204665996369582,136.121875,0.026320312407529176,0.12194899676671908,0.7
2025_18_NYJ_BUF,2025,18,2026-01-04,NYJ,BUF,8.0,35.0,43.0,39.5,-105.0,-115.0,12.5,13.0,27.0,0.0,0.0,1.0,0.07008137483154758,0.1353326862565587,-0.05560393444668731,0.8922650213194927,0.11284394239464104,126.8375,0.03309497849381104,0.13859391886794462,1.3
2025_18_DET_CHI,2025,18,2026-01-04,DET,CHI,19.0,16.0,35.0,51.5,-105.0,-115.0,3.5,4.0,33.0,0.0,0.0,1.0,0.09184246889375922,0.21349613062684278,-0.08646997037751201,0.8886974024772847,0.13966683600955734,131.25,0.03554997588697255,0.11726381220401792,0.7
2025_18_LAC_DEN,2025,18,2026-01-04,LAC,DEN,3.0,19.0,22.0,37.5,-115.0,-105.0,14.5,8.0,66.0,0.0,0.0,1.0,-0.02840231882696792,0.10000621436815468,-0.2290383556213833,0.8478869005602412,0.09983109066269355,133.671875,0.03267625043405392,0.1350770208784243,0.0
2025_18_ARI_LA,2025,18,2026-01-04,ARI,LA,20.0,37.0,57.0,49.5,-112.0,-108.0,14.5,0.0,,1.0,0.0,1.0,0.13141261558592715,0.27985489434571215,-0.0790757593194601,0.9254650844365983,0.12980635782626596,132.79375,0.03198202014514212,0.09894439285559395,0.0
2025_18_KC_LV,2025,18,2026-01-04,KC,LV,12.0,14.0,26.0,36.5,-102.0,-118.0,-3.5,0.0,,1.0,0.0,1.0,-0.06296514654429745,0.1020042425899586,-0.24795967242674688,0.8537553694556974,0.08616048301312479,115.734375,0.02871077846871287,0.1383012909657538,0.0
2025_18_MIA_NE,2025,18,2026-01-04,MIA,NE,10.0,38.0,48.0,44.5,-108.0,-112.0,14.0,6.0,29.0,0.0,0.0,1.0,0.1308786532967748,0.27742140026369316,-0.06504084484725295,0.9192570890961977,0.12938182871271914,119.81875,0.035412209265438976,0.1292891089782971,1.1
2025_18_WAS_PHI,2025,18,2026-01-04,WAS,PHI,24.0,17.0,41.0,38.5,-112.0,-108.0,3.0,9.0,35.0,0.0,0.0,1.0,0.061984252206500605,0.17674315480431613,-0.031021875452886906,0.8829343085426669,0.10151712377441313,119.62812500000001,0.029873383274584053,0.13635588209221783,0.5
2025_18_BAL_PIT,2025,18,2026-01-04,BAL,PIT,24.0,26.0,50.0,41.5,-110.0,-110.0,-4.5,3.0,25.0,0.0,0.0,1.0,0.07747533066676374,0.15865587961221353,-0.07462999969388585,0.8882520873653583,0.13710408245460134,120.36875,0.03735278889966447,0.12027535832372982,1.5
